Order Number,Order Charged Date,Order Charged Timestamp,Financial Status,Device Model,Product Title,Product ID,Product Type,SKU ID,Currency of Sale,Item Price,Taxes Collected,Charged Amount,City of Buyer,State of Buyer,Postal Code of Buyer,Country of Buyer
1373406851207351,2015-04-01,1427872397,Charged,SO-02F,夜桜　ライブ壁紙,com.quan.lwp.fallingleaveslwp,paidapp,,JPY,99.00,0.00,99.00,,,8512130,JP
1379585837705316,2015-04-01,1427878727,Charged,SO-01F,夜桜　ライブ壁紙,com.quan.lwp.fallingleaveslwp,paidapp,,JPY,99.00,0.00,99.00,,,3501215,JP
1360814759341406,2015-04-01,1427881094,Charged,SOL22,夜桜　ライブ壁紙,com.quan.lwp.fallingleaveslwp,paidapp,,JPY,99.00,0.00,99.00,,,4928093,JP
1356829953690413,2015-04-01,1427885977,Charged,KYY21,夜桜　ライブ壁紙,com.quan.lwp.fallingleaveslwp,paidapp,,JPY,99.00,0.00,99.00,,,9502181,JP
1339385770480332,2015-04-01,1427886659,Charged,SHL22,夜桜　ライブ壁紙,com.quan.lwp.fallingleaveslwp,paidapp,,JPY,99.00,0.00,99.00,,,252-0225,JP
1301920650087508,2015-04-01,1427889334,Charged,SC-02F,夜桜　ライブ壁紙,com.quan.lwp.fallingleaveslwp,paidapp,,JPY,99.00,0.00,99.00,,,2790002,JP
1367874372149381,2015-04-01,1427890510,Charged,geehdc,夜桜　ライブ壁紙,com.quan.lwp.fallingleaveslwp,paidapp,,JPY,99.00,0.00,99.00,,,736-0083,JP
1383129211448200,2015-04-01,1427892400,Charged,CAL21,夜桜　ライブ壁紙,com.quan.lwp.fallingleaveslwp,paidapp,,JPY,99.00,0.00,99.00,,,9896224,JP
1360649739198728,2015-04-01,1427895414,Charged,g3,夜桜　ライブ壁紙,com.quan.lwp.fallingleaveslwp,paidapp,,JPY,99.00,0.00,99.00,,,2530014,JP
1344095225050448,2015-04-01,1427902663,Charged,SH-06E,夜桜　ライブ壁紙,com.quan.lwp.fallingleaveslwp,paidapp,,JPY,99.00,0.00,99.00,,,8820122,JP
1343913572559758,2015-04-01,1427911138,Charged,SO-02G,夜桜　ライブ壁紙,com.quan.lwp.fallingleaveslwp,paidapp,,JPY,99.00,0.00,99.00,,,235-0016,JP
1397204583323046,2015-04-01,1427914710,Charged,SBM302SH,夜桜　ライブ壁紙,com.quan.lwp.fallingleaveslwp,paidapp,,JPY,99.00,0.00,99.00,,,1810016,JP
1391957218869891,2015-04-01,1427916348,Charged,F05F,夜桜　ライブ壁紙,com.quan.lwp.fallingleaveslwp,paidapp,,JPY,99.00,0.00,99.00,,,7460018,JP
1317967842264617,2015-04-01,1427918442,Charged,ASUS_T00P,夜桜　ライブ壁紙,com.quan.lwp.fallingleaveslwp,paidapp,,JPY,99.00,0.00,99.00,,,2570015,JP
1369501113401975,2015-04-01,1427918811,Charged,SHL21,夜桜　ライブ壁紙,com.quan.lwp.fallingleaveslwp,paidapp,,JPY,99.00,0.00,99.00,,,039-1211,JP
1313412510759707,2015-04-01,1427919236,Charged,FJL22_jp_kdi,夜桜　ライブ壁紙,com.quan.lwp.fallingleaveslwp,paidapp,,JPY,99.00,0.00,99.00,,,0836324,JP
1342959270688838,2015-04-01,1427920410,Charged,WX10K,夜桜　ライブ壁紙,com.quan.lwp.fallingleaveslwp,paidapp,,JPY,99.00,0.00,99.00,,,3350022,JP
1370251327719942,2015-04-01,1427927156,Charged,SC-04F,夜桜　ライブ壁紙,com.quan.lwp.fallingleaveslwp,paidapp,,JPY,99.00,0.00,99.00,,,3220036,JP
1348014945518370,2015-04-02,1427946118,Charged,KYV33,夜桜　ライブ壁紙,com.quan.lwp.fallingleaveslwp,paidapp,,JPY,99.00,0.00,99.00,,,9010202,JP
1369621988073331,2015-04-02,1427949276,Charged,hwu9501L,夜桜　ライブ壁紙,com.quan.lwp.fallingleaveslwp,paidapp,,JPY,99.00,0.00,99.00,,,9218022,JP
1334060531311472,2015-04-02,1427963631,Charged,SC-04F,夜桜　ライブ壁紙,com.quan.lwp.fallingleaveslwp,paidapp,,JPY,99.00,0.00,99.00,,,3860005,JP
1399672897378736,2015-04-02,1427967630,Charged,SC-04F,夜桜　ライブ壁紙,com.quan.lwp.fallingleaveslwp,paidapp,,JPY,99.00,0.00,99.00,,,3230807,JP
1345564989207867,2015-04-02,1427972050,Charged,F04E,夜桜　ライブ壁紙,com.quan.lwp.fallingleaveslwp,paidapp,,JPY,99.00,0.00,99.00,,,7310113,JP
1388340027785284,2015-04-02,1427973513,Charged,SC-01G,夜桜　ライブ壁紙,com.quan.lwp.fallingleaveslwp,paidapp,,JPY,99.00,0.00,99.00,,,2740813,JP
1358342364021678,2015-04-02,1427973688,Charged,hammerhead,Cherry blossom LiveWallpaper,com.quan.lwp.fallingleaveslwp,paidapp,,USD,0.99,0.00,0.99,,,21702,US
1357430073711673,2015-04-02,1427988603,Charged,SBM303SH,夜桜　ライブ壁紙,com.quan.lwp.fallingleaveslwp,paidapp,,JPY,99.00,0.00,99.00,,,4910919,JP
1399403526415851,2015-04-02,1427992284,Charged,N-08D,夜桜　ライブ壁紙,com.quan.lwp.fallingleaveslwp,paidapp,,JPY,99.00,0.00,99.00,,,3730806,JP
1387827811953633,2015-04-02,1427996227,Charged,SO-04E,夜桜　ライブ壁紙,com.quan.lwp.fallingleaveslwp,paidapp,,JPY,99.00,0.00,99.00,,,6750147,JP
1385011259930027,2015-04-02,1427996911,Charged,SHL25,夜桜　ライブ壁紙,com.quan.lwp.fallingleaveslwp,paidapp,,JPY,99.00,0.00,99.00,,,2520224,JP
1343107163517556,2015-04-02,1427996954,Charged,SO-03D,夜桜　ライブ壁紙,com.quan.lwp.fallingleaveslwp,paidapp,,JPY,99.00,0.00,99.00,,,124-0004,JP
1371232652553502,2015-04-02,1427999412,Charged,SO-01G,夜桜　ライブ壁紙,com.quan.lwp.fallingleaveslwp,paidapp,,JPY,99.00,0.00,99.00,,,1670021,JP
1381637002549790,2015-04-02,1428000577,Charged,g3,夜桜　ライブ壁紙,com.quan.lwp.fallingleaveslwp,paidapp,,JPY,99.00,0.00,99.00,,,963-8071,JP
1358353230423458,2015-04-02,1428001736,Charged,SO-02E,夜桜　ライブ壁紙,com.quan.lwp.fallingleaveslwp,paidapp,,JPY,99.00,0.00,99.00,,,7612103,JP
1302813539753982,2015-04-02,1428004367,Charged,KYY21,夜桜　ライブ壁紙,com.quan.lwp.fallingleaveslwp,paidapp,,JPY,99.00,0.00,99.00,,,6750014,JP
1362614715957564,2015-04-02,1428004482,Charged,SO-01F,夜桜　ライブ壁紙,com.quan.lwp.fallingleaveslwp,paidapp,,JPY,99.00,0.00,99.00,,,7420033,JP
1359143030899024,2015-04-02,1428005319,Charged,SOL22,夜桜　ライブ壁紙,com.quan.lwp.fallingleaveslwp,paidapp,,JPY,99.00,0.00,99.00,,,2740074,JP
1355819807487877,2015-04-02,1428005994,Charged,SOL25,夜桜　ライブ壁紙,com.quan.lwp.fallingleaveslwp,paidapp,,JPY,99.00,0.00,99.00,,,9860782,JP
1305204931268411,2015-04-02,1428006641,Charged,SH-02G,夜桜　ライブ壁紙,com.quan.lwp.fallingleaveslwp,paidapp,,JPY,99.00,0.00,99.00,,,9610854,JP
1305535560552156,2015-04-02,1428013132,Charged,geevl04e,夜桜　ライブ壁紙,com.quan.lwp.fallingleaveslwp,paidapp,,JPY,99.00,0.00,99.00,,,1740064,JP
1338893806026480,2015-04-03,1428022519,Charged,N-05E,夜桜　ライブ壁紙,com.quan.lwp.fallingleaveslwp,paidapp,,JPY,99.00,0.00,99.00,,,7700902,JP
1329481643781682,2015-04-03,1428024759,Charged,F02E,夜桜　ライブ壁紙,com.quan.lwp.fallingleaveslwp,paidapp,,JPY,99.00,0.00,99.00,,,4210101,JP
1385423154856731,2015-04-03,1428035760,Charged,SO-02G,夜桜　ライブ壁紙,com.quan.lwp.fallingleaveslwp,paidapp,,JPY,99.00,0.00,99.00,,,6700096,JP
1389935696390654,2015-04-03,1428039008,Charged,SBM206SH,夜桜　ライブ壁紙,com.quan.lwp.fallingleaveslwp,paidapp,,JPY,99.00,0.00,99.00,,,739-0041,JP
1386251992103084,2015-04-03,1428042029,Charged,SG304SH,夜桜　ライブ壁紙,com.quan.lwp.fallingleaveslwp,paidapp,,JPY,99.00,0.00,99.00,,,9920047,JP
1347732899477307,2015-04-03,1428045579,Charged,hwY536A1,Crystal 5 units,com.dhearts.monter,inapp,tier_5,USD,4.99,0.00,4.99,,,63624,US
1333833922517389,2015-04-03,1428076374,Charged,SC-03E,夜桜　ライブ壁紙,com.quan.lwp.fallingleaveslwp,paidapp,,JPY,99.00,0.00,99.00,,,1500001,JP
1355218640344811,2015-04-03,1428081686,Charged,SOL23,夜桜　ライブ壁紙,com.quan.lwp.fallingleaveslwp,paidapp,,JPY,99.00,0.00,99.00,,,399-4511,JP
1330372550751021,2015-04-03,1428081821,Charged,SG304SH,夜桜　ライブ壁紙,com.quan.lwp.fallingleaveslwp,paidapp,,JPY,99.00,0.00,99.00,境町,IBARAKI,306-0404,JP
1323054099213691,2015-04-03,1428085216,Charged,SBM302SH,夜桜　ライブ壁紙,com.quan.lwp.fallingleaveslwp,paidapp,,JPY,99.00,0.00,99.00,,,6340821,JP
1386953816422796,2015-04-03,1428086437,Charged,SH-07E,夜桜　ライブ壁紙,com.quan.lwp.fallingleaveslwp,paidapp,,JPY,99.00,0.00,99.00,,,3292164,JP
1321089859812231,2015-04-03,1428089683,Charged,SCL23,夜桜　ライブ壁紙,com.quan.lwp.fallingleaveslwp,paidapp,,JPY,99.00,0.00,99.00,,,3993304,JP
1387975011166517,2015-04-03,1428092358,Charged,SHL22,夜桜　ライブ壁紙,com.quan.lwp.fallingleaveslwp,paidapp,,JPY,99.00,0.00,99.00,,,124-0006,JP
1351904080315943,2015-04-03,1428092518,Charged,F02G,夜桜　ライブ壁紙,com.quan.lwp.fallingleaveslwp,paidapp,,JPY,99.00,0.00,99.00,,,0030024,JP
1318581829355011,2015-04-03,1428097188,Charged,SOL22,夜桜　ライブ壁紙,com.quan.lwp.fallingleaveslwp,paidapp,,JPY,99.00,0.00,99.00,,,8540022,JP
1371288565804622,2015-04-03,1428097228,Charged,SO-01E,夜桜　ライブ壁紙,com.quan.lwp.fallingleaveslwp,paidapp,,JPY,99.00,0.00,99.00,,,256-0815,JP
1394734746044130,2015-04-03,1428097922,Charged,SO-02F,夜桜　ライブ壁紙,com.quan.lwp.fallingleaveslwp,paidapp,,JPY,99.00,0.00,99.00,唐津市,佐賀県,8470406,JP
1302575052491810,2015-04-03,1428098560,Charged,SC-04E,夜桜　ライブ壁紙,com.quan.lwp.fallingleaveslwp,paidapp,,JPY,99.00,0.00,99.00,,,6360105,JP
1327737299395862,2015-04-03,1428102435,Charged,SC-04F,夜桜　ライブ壁紙,com.quan.lwp.fallingleaveslwp,paidapp,,JPY,99.00,0.00,99.00,,,196-0012,JP
1391932644862149,2015-04-04,1428112729,Charged,401SO,夜桜　ライブ壁紙,com.quan.lwp.fallingleaveslwp,paidapp,,JPY,99.00,0.00,99.00,,,2990242,JP
1341509506657159,2015-04-04,1428119181,Charged,SOL22,夜桜　ライブ壁紙,com.quan.lwp.fallingleaveslwp,paidapp,,JPY,99.00,0.00,99.00,,,1970003,JP
1319602354981882,2015-04-04,1428119396,Charged,SG402SH,夜桜　ライブ壁紙,com.quan.lwp.fallingleaveslwp,paidapp,,JPY,99.00,0.00,99.00,,,214-0008,JP
1393111598213389,2015-04-04,1428124465,Charged,KYY21,夜桜　ライブ壁紙,com.quan.lwp.fallingleaveslwp,paidapp,,JPY,99.00,0.00,99.00,,,4030011,JP
1350448246810662,2015-04-04,1428128087,Charged,htc_b2wlj,夜桜　ライブ壁紙,com.quan.lwp.fallingleaveslwp,paidapp,,JPY,99.00,0.00,99.00,横須賀市桜ヶ丘,神奈川県,2390803,JP
1348534500778452,2015-04-04,1428129364,Charged,SOL23,夜桜　ライブ壁紙,com.quan.lwp.fallingleaveslwp,paidapp,,JPY,99.00,0.00,99.00,,,2350045,JP
1305813489360034,2015-04-04,1428139446,Charged,C5302,夜桜　ライブ壁紙,com.quan.lwp.fallingleaveslwp,paidapp,,TWD,30.00,0.00,30.00,,,630,TW
1377841937454340,2015-04-04,1428142754,Charged,GT-I9100,Cherry blossom LiveWallpaper,com.quan.lwp.fallingleaveslwp,paidapp,,AUD,0.99,0.00,0.99,,,3016,AU
1304665388297858,2015-04-04,1428148449,Charged,m7,夜桜　ライブ壁紙,com.quan.lwp.fallingleaveslwp,paidapp,,TWD,30.00,0.00,30.00,,,720,TW
1344911768851724,2015-04-04,1428150086,Charged,SOL26,夜桜　ライブ壁紙,com.quan.lwp.fallingleaveslwp,paidapp,,JPY,99.00,0.00,99.00,,,6180091,JP
1357829164734114,2015-04-04,1428155525,Charged,SO-02E,夜桜　ライブ壁紙,com.quan.lwp.fallingleaveslwp,paidapp,,JPY,99.00,0.00,99.00,佐世保市黒髪町,長崎県,857-1152,JP
1305183545108210,2015-04-04,1428156115,Charged,SOL26,夜桜　ライブ壁紙,com.quan.lwp.fallingleaveslwp,paidapp,,JPY,99.00,0.00,99.00,,,9818003,JP
1332504884399953,2015-04-04,1428157741,Charged,SH-01F,夜桜　ライブ壁紙,com.quan.lwp.fallingleaveslwp,paidapp,,JPY,99.00,0.00,99.00,,,9340042,JP
1308876113856006,2015-04-04,1428158495,Charged,KYV33,夜桜　ライブ壁紙,com.quan.lwp.fallingleaveslwp,paidapp,,JPY,99.00,0.00,99.00,,,6840021,JP
1328648451088947,2015-04-04,1428158609,Charged,SH-04F,夜桜　ライブ壁紙,com.quan.lwp.fallingleaveslwp,paidapp,,JPY,99.00,0.00,99.00,,,8130011,JP
1322296914261120,2015-04-04,1428158987,Charged,SC-02C,夜桜　ライブ壁紙,com.quan.lwp.fallingleaveslwp,paidapp,,JPY,99.00,0.00,99.00,松浦市星鹿町下田免,長崎県,859-4744,JP
1321729718871166,2015-04-04,1428160535,Charged,CAL21,夜桜　ライブ壁紙,com.quan.lwp.fallingleaveslwp,paidapp,,JPY,99.00,0.00,99.00,,,270-1128,JP
1385529824547661,2015-04-04,1428163718,Charged,F01F,夜桜　ライブ壁紙,com.quan.lwp.fallingleaveslwp,paidapp,,JPY,99.00,0.00,99.00,,,0368264,JP
1394612662974225,2015-04-04,1428166825,Charged,N-03E,夜桜　ライブ壁紙,com.quan.lwp.fallingleaveslwp,paidapp,,JPY,99.00,0.00,99.00,,,022-0007,JP
1378187033349113,2015-04-04,1428168242,Charged,SHL22,夜桜　ライブ壁紙,com.quan.lwp.fallingleaveslwp,paidapp,,JPY,99.00,0.00,99.00,,,8240241,JP
1363783873426142,2015-04-04,1428172791,Charged,SHL21,夜桜　ライブ壁紙,com.quan.lwp.fallingleaveslwp,paidapp,,JPY,99.00,0.00,99.00,,,121-0823,JP
1349639839349023,2015-04-04,1428174379,Charged,SG305SH,夜桜　ライブ壁紙,com.quan.lwp.fallingleaveslwp,paidapp,,JPY,99.00,0.00,99.00,,,3501137,JP
1309846733298987,2015-04-04,1428175304,Charged,SH-01G,夜桜　ライブ壁紙,com.quan.lwp.fallingleaveslwp,paidapp,,JPY,99.00,0.00,99.00,,,3100831,JP
1328630143210505,2015-04-04,1428178205,Charged,SC-04E,夜桜　ライブ壁紙,com.quan.lwp.fallingleaveslwp,paidapp,,JPY,99.00,0.00,99.00,,,0200173,JP
1390164029426604,2015-04-04,1428179834,Charged,d2dcm,夜桜　ライブ壁紙,com.quan.lwp.fallingleaveslwp,paidapp,,JPY,99.00,0.00,99.00,,,1330063,JP
1354260069425763,2015-04-04,1428180002,Charged,SO-01F,夜桜　ライブ壁紙,com.quan.lwp.fallingleaveslwp,paidapp,,JPY,99.00,0.00,99.00,,,464-0851,JP
1304296222049285,2015-04-04,1428180308,Charged,FJL21,夜桜　ライブ壁紙,com.quan.lwp.fallingleaveslwp,paidapp,,JPY,99.00,0.00,99.00,,,7313167,JP
1343412912184404,2015-04-04,1428180902,Charged,CAL21,夜桜　ライブ壁紙,com.quan.lwp.fallingleaveslwp,paidapp,,JPY,99.00,0.00,99.00,,,221-0801,JP
1380721918347818,2015-04-04,1428186338,Charged,SO-02G,夜桜　ライブ壁紙,com.quan.lwp.fallingleaveslwp,paidapp,,JPY,99.00,0.00,99.00,,,3113827,JP
1381962728332690,2015-04-04,1428187295,Charged,DM009SH,夜桜　ライブ壁紙,com.quan.lwp.fallingleaveslwp,paidapp,,JPY,99.00,0.00,99.00,,,7300814,JP
1341798132707669,2015-04-05,1428196525,Charged,SC-04F,夜桜　ライブ壁紙,com.quan.lwp.fallingleaveslwp,paidapp,,JPY,99.00,0.00,99.00,,,370-0514,JP
1330365412975658,2015-04-05,1428204549,Charged,SH-01G,夜桜　ライブ壁紙,com.quan.lwp.fallingleaveslwp,paidapp,,JPY,99.00,0.00,99.00,,,3500227,JP
1301756194232970,2015-04-05,1428218398,Charged,SH-04F,夜桜　ライブ壁紙,com.quan.lwp.fallingleaveslwp,paidapp,,JPY,99.00,0.00,99.00,,,6492333,JP
1373865554191667,2015-04-05,1428218856,Charged,SOL23,夜桜　ライブ壁紙,com.quan.lwp.fallingleaveslwp,paidapp,,JPY,99.00,0.00,99.00,,,492-8144,JP
1330439998970935,2015-04-05,1428221490,Charged,N-04D,夜桜　ライブ壁紙,com.quan.lwp.fallingleaveslwp,paidapp,,JPY,99.00,0.00,99.00,,,240-0052,JP
1313253041939332,2015-04-05,1428222243,Charged,SOL23,夜桜　ライブ壁紙,com.quan.lwp.fallingleaveslwp,paidapp,,JPY,99.00,0.00,99.00,,,7918006,JP
1350184156288725,2015-04-05,1428228586,Charged,SHL23,夜桜　ライブ壁紙,com.quan.lwp.fallingleaveslwp,paidapp,,JPY,99.00,0.00,99.00,,,5810094,JP
1336734073500083,2015-04-05,1428236873,Charged,SO-01G,夜桜　ライブ壁紙,com.quan.lwp.fallingleaveslwp,paidapp,,JPY,99.00,0.00,99.00,,,350-2227,JP
1318248365082403,2015-04-05,1428251369,Charged,F02G,夜桜　ライブ壁紙,com.quan.lwp.fallingleaveslwp,paidapp,,JPY,99.00,0.00,99.00,,,7070011,JP
1318059395895731,2015-04-05,1428253097,Charged,SHL23,夜桜　ライブ壁紙,com.quan.lwp.fallingleaveslwp,paidapp,,JPY,99.00,0.00,99.00,,,0440004,JP
1335456734465936,2015-04-05,1428255411,Charged,SHL25,夜桜　ライブ壁紙,com.quan.lwp.fallingleaveslwp,paidapp,,JPY,99.00,0.00,99.00,浜松市中区佐藤,静岡県,4300807,JP
1390563205630200,2015-04-05,1428257140,Charged,KYY21,夜桜　ライブ壁紙,com.quan.lwp.fallingleaveslwp,paidapp,,JPY,99.00,0.00,99.00,,,340-0004,JP
1355545337430419,2015-04-05,1428257860,Charged,SG304SH,夜桜　ライブ壁紙,com.quan.lwp.fallingleaveslwp,paidapp,,JPY,99.00,0.00,99.00,,,8070085,JP
1332274355043213,2015-04-05,1428258695,Charged,F04E,夜桜　ライブ壁紙,com.quan.lwp.fallingleaveslwp,paidapp,,JPY,99.00,0.00,99.00,,,9950033,JP
1387634635516022,2015-04-05,1428259629,Charged,SH-07E,夜桜　ライブ壁紙,com.quan.lwp.fallingleaveslwp,paidapp,,JPY,99.00,0.00,99.00,,,7500093,JP
1344998912847525,2015-04-05,1428260351,Charged,SG304SH,夜桜　ライブ壁紙,com.quan.lwp.fallingleaveslwp,paidapp,,JPY,99.00,0.00,99.00,,,400-0104,JP
1366854786294912,2015-04-05,1428261672,Charged,SO-04F,夜桜　ライブ壁紙,com.quan.lwp.fallingleaveslwp,paidapp,,JPY,99.00,0.00,99.00,,,1510073,JP
1361760039937809,2015-04-05,1428262230,Charged,P-03E,夜桜　ライブ壁紙,com.quan.lwp.fallingleaveslwp,paidapp,,JPY,99.00,0.00,99.00,,,224-0012,JP
1376483382621370,2015-04-05,1428262995,Charged,D6653,夜桜　ライブ壁紙,com.quan.lwp.fallingleaveslwp,paidapp,,JPY,99.00,0.00,99.00,水戸市笠原町,茨城県,310-0852,JP
1317309418701677,2015-04-05,1428270471,Charged,SC-01G,夜桜　ライブ壁紙,com.quan.lwp.fallingleaveslwp,paidapp,,JPY,99.00,0.00,99.00,,,8802231,JP
1346748217292490,2015-04-06,1428278968,Charged,SBM206SH,夜桜　ライブ壁紙,com.quan.lwp.fallingleaveslwp,paidapp,,JPY,99.00,0.00,99.00,,,857-3101,JP
1341895024990879,2015-04-06,1428283752,Charged,SC-02F,夜桜　ライブ壁紙,com.quan.lwp.fallingleaveslwp,paidapp,,JPY,99.00,0.00,99.00,,,590-0503,JP
1329965138808776,2015-04-06,1428300321,Charged,SO-02G,夜桜　ライブ壁紙,com.quan.lwp.fallingleaveslwp,paidapp,,JPY,99.00,0.00,99.00,,,3994501,JP
1306786565787203,2015-04-06,1428302925,Charged,KYY24,夜桜　ライブ壁紙,com.quan.lwp.fallingleaveslwp,paidapp,,JPY,99.00,0.00,99.00,,,0470156,JP
1394371011044847,2015-04-06,1428310306,Charged,K00R,夜桜　ライブ壁紙,com.quan.lwp.fallingleaveslwp,paidapp,,JPY,99.00,0.00,99.00,大和市,神奈川県,2420021,JP
1328000624203200,2015-04-06,1428314107,Charged,SBM302SH,夜桜　ライブ壁紙,com.quan.lwp.fallingleaveslwp,paidapp,,JPY,99.00,0.00,99.00,,,0300944,JP
1319589145103973,2015-04-06,1428317130,Charged,valentewx,夜桜　ライブ壁紙,com.quan.lwp.fallingleaveslwp,paidapp,,JPY,99.00,0.00,99.00,,,7330823,JP
1368356386132703,2015-04-06,1428324778,Charged,SH-04F,夜桜　ライブ壁紙,com.quan.lwp.fallingleaveslwp,paidapp,,JPY,99.00,0.00,99.00,,,6018203,JP
1365108897102794,2015-04-06,1428329033,Charged,FJI12,夜桜　ライブ壁紙,com.quan.lwp.fallingleaveslwp,paidapp,,JPY,99.00,0.00,99.00,,,9290323,JP
1375569222931061,2015-04-06,1428339048,Charged,401SO,夜桜　ライブ壁紙,com.quan.lwp.fallingleaveslwp,paidapp,,JPY,99.00,0.00,99.00,,,5016001,JP
1366092900587600,2015-04-06,1428342839,Charged,SH04E,夜桜　ライブ壁紙,com.quan.lwp.fallingleaveslwp,paidapp,,JPY,99.00,0.00,99.00,,,3480058,JP
1352192567577519,2015-04-06,1428350257,Charged,SC-05D,夜桜　ライブ壁紙,com.quan.lwp.fallingleaveslwp,paidapp,,JPY,99.00,0.00,99.00,,,8593223,JP
1325051302597830,2015-04-06,1428351264,Charged,SO-04E,夜桜　ライブ壁紙,com.quan.lwp.fallingleaveslwp,paidapp,,JPY,99.00,0.00,99.00,,,3888011,JP
1365915710998777,2015-04-06,1428351469,Charged,SO-01G,夜桜　ライブ壁紙,com.quan.lwp.fallingleaveslwp,paidapp,,JPY,99.00,0.00,99.00,,,3111704,JP
1370389642617309,2015-04-06,1428352009,Charged,SC-04F,夜桜　ライブ壁紙,com.quan.lwp.fallingleaveslwp,paidapp,,JPY,99.00,0.00,99.00,,,9650045,JP
1382772742583233,2015-04-06,1428355009,Charged,SBM203SH,夜桜　ライブ壁紙,com.quan.lwp.fallingleaveslwp,paidapp,,JPY,99.00,0.00,99.00,秦野市,神奈川県,2570028,JP
1314803464065643,2015-04-06,1428355879,Charged,SO-01G,夜桜　ライブ壁紙,com.quan.lwp.fallingleaveslwp,paidapp,,JPY,99.00,0.00,99.00,新宿区,東京都,1600022,JP
1357421480530752,2015-04-06,1428357165,Charged,SC-04E,夜桜　ライブ壁紙,com.quan.lwp.fallingleaveslwp,paidapp,,JPY,99.00,0.00,99.00,,,340-0017,JP
1305235304968135,2015-04-07,1428368528,Charged,SOL23,夜桜　ライブ壁紙,com.quan.lwp.fallingleaveslwp,paidapp,,JPY,99.00,0.00,99.00,,,5202141,JP
1397600391972717,2015-04-07,1428373848,Charged,SOL23,夜桜　ライブ壁紙,com.quan.lwp.fallingleaveslwp,paidapp,,JPY,99.00,0.00,99.00,総社市秦,岡山県,7191142,JP
1301176329600694,2015-04-07,1428385033,Charged,SOL25,夜桜　ライブ壁紙,com.quan.lwp.fallingleaveslwp,paidapp,,JPY,99.00,0.00,99.00,,,3192413,JP
1371466549895165,2015-04-07,1428395570,Charged,htc_m8,夜桜　ライブ壁紙,com.quan.lwp.fallingleaveslwp,paidapp,,TWD,30.00,0.00,30.00,,,326,TW
1392085218636899,2015-04-07,1428402056,Charged,degaswifiue,Cherry blossom LiveWallpaper,com.quan.lwp.fallingleaveslwp,paidapp,,USD,0.99,0.00,0.99,,,62220,US
1324967610625193,2015-04-07,1428408917,Charged,SO-04F,夜桜　ライブ壁紙,com.quan.lwp.fallingleaveslwp,paidapp,,JPY,99.00,0.00,99.00,,,9608132,JP
1384713255620297,2015-04-07,1428420920,Charged,SCL23,夜桜　ライブ壁紙,com.quan.lwp.fallingleaveslwp,paidapp,,JPY,99.00,0.00,99.00,,,4101103,JP
1301997550710637,2015-04-07,1428431020,Charged,F02G,夜桜　ライブ壁紙,com.quan.lwp.fallingleaveslwp,paidapp,,JPY,99.00,0.00,99.00,,,2300012,JP
1364365594348318,2015-04-07,1428431811,Charged,SCL24,夜桜　ライブ壁紙,com.quan.lwp.fallingleaveslwp,paidapp,,JPY,99.00,0.00,99.00,,,001-0934,JP
1383238751438636,2015-04-07,1428432152,Charged,VA-10J,夜桜　ライブ壁紙,com.quan.lwp.fallingleaveslwp,paidapp,,JPY,99.00,0.00,99.00,,,7310113,JP
1346844480529616,2015-04-07,1428432330,Charged,SCL23,夜桜　ライブ壁紙,com.quan.lwp.fallingleaveslwp,paidapp,,JPY,99.00,0.00,99.00,,,9690401,JP
1355344788236193,2015-04-07,1428437093,Charged,SO-02F,夜桜　ライブ壁紙,com.quan.lwp.fallingleaveslwp,paidapp,,JPY,99.00,0.00,99.00,,,9100017,JP
1348097516439218,2015-04-07,1428439536,Charged,t03g,夜桜　ライブ壁紙,com.quan.lwp.fallingleaveslwp,paidapp,,MYR,3.50,0.00,3.50,Puchong,14,10753,MY
1306737511766715,2015-04-07,1428444204,Charged,SCL22,夜桜　ライブ壁紙,com.quan.lwp.fallingleaveslwp,paidapp,,JPY,99.00,0.00,99.00,,,4702103,JP
1303523139599592,2015-04-08,1428451880,Charged,SC-03E,夜桜　ライブ壁紙,com.quan.lwp.fallingleaveslwp,paidapp,,JPY,99.00,0.00,99.00,,,2520311,JP
1335490510421301,2015-04-08,1428463558,Charged,blsm_gxpad395g_wcdma,Cherry blossom LiveWallpaper,com.quan.lwp.fallingleaveslwp,paidapp,,SAR,4.00,0.00,4.00,Jaddah,,00000,SA
1326858742393866,2015-04-08,1428472064,Charged,SH-06E,夜桜　ライブ壁紙,com.quan.lwp.fallingleaveslwp,paidapp,,JPY,99.00,0.00,99.00,,,2390895,JP
1395164531582012,2015-04-08,1428483089,Charged,SOL22,夜桜　ライブ壁紙,com.quan.lwp.fallingleaveslwp,paidapp,,JPY,99.00,0.00,99.00,,,661-0966,JP
1362704289121325,2015-04-08,1428485650,Charged,SO-02G,夜桜　ライブ壁紙,com.quan.lwp.fallingleaveslwp,paidapp,,JPY,99.00,0.00,99.00,,,0060816,JP
1330154723968518,2015-04-08,1428489921,Charged,SBM203SH,夜桜　ライブ壁紙,com.quan.lwp.fallingleaveslwp,paidapp,,JPY,99.00,0.00,99.00,,,5290366,JP
1346231866260274,2015-04-08,1428500542,Charged,SH09D,夜桜　ライブ壁紙,com.quan.lwp.fallingleaveslwp,paidapp,,JPY,99.00,0.00,99.00,,,2520202,JP
1369932074616066,2015-04-08,1428503414,Charged,htc_m8,Cherry blossom LiveWallpaper,com.quan.lwp.fallingleaveslwp,paidapp,,USD,0.83,0.00,0.83,Doha,,,QA
1377460644463459,2015-04-08,1428503509,Charged,C6833,夜桜　ライブ壁紙,com.quan.lwp.fallingleaveslwp,paidapp,,JPY,99.00,0.00,99.00,,,382-0065,JP
1374685457973087,2015-04-08,1428507768,Charged,SOL22,夜桜　ライブ壁紙,com.quan.lwp.fallingleaveslwp,paidapp,,JPY,99.00,0.00,99.00,,,7070504,JP
1312047147765197,2015-04-08,1428514357,Charged,SO-01G,夜桜　ライブ壁紙,com.quan.lwp.fallingleaveslwp,paidapp,,JPY,99.00,0.00,99.00,,,125-0041,JP
1391825818918298,2015-04-08,1428519192,Charged,SBM206SH,夜桜　ライブ壁紙,com.quan.lwp.fallingleaveslwp,paidapp,,JPY,99.00,0.00,99.00,,,8180118,JP
1336425754707205,2015-04-08,1428520680,Charged,SO-01F,夜桜　ライブ壁紙,com.quan.lwp.fallingleaveslwp,paidapp,,JPY,99.00,0.00,99.00,,,949-3123,JP
1338865480065900,2015-04-08,1428524214,Charged,SC-04E,夜桜　ライブ壁紙,com.quan.lwp.fallingleaveslwp,paidapp,,JPY,99.00,0.00,99.00,,,720-0823,JP
1360922889185083,2015-04-08,1428525249,Charged,401SO,夜桜　ライブ壁紙,com.quan.lwp.fallingleaveslwp,paidapp,,JPY,99.00,0.00,99.00,,,3420041,JP
1374314583501003,2015-04-08,1428525551,Charged,SOL26,夜桜　ライブ壁紙,com.quan.lwp.fallingleaveslwp,paidapp,,JPY,99.00,0.00,99.00,,,9810212,JP
1317869441935185,2015-04-08,1428526816,Charged,SO-03F,夜桜　ライブ壁紙,com.quan.lwp.fallingleaveslwp,paidapp,,JPY,99.00,0.00,99.00,,,5700015,JP
1310138921661236,2015-04-08,1428529402,Charged,HM2014817,夜桜　ライブ壁紙,com.quan.lwp.fallingleaveslwp,paidapp,,TWD,30.00,0.00,30.00,,,400,TW
1332699032356449,2015-04-08,1428535813,Charged,A0001,夜桜　ライブ壁紙,com.quan.lwp.fallingleaveslwp,paidapp,,JPY,99.00,0.00,99.00,,,100-1701,JP
1366407444318991,2015-04-09,1428549405,Charged,N-04E,夜桜　ライブ壁紙,com.quan.lwp.fallingleaveslwp,paidapp,,JPY,99.00,0.00,99.00,,,1250053,JP
1374527299354590,2015-04-09,1428559042,Charged,SO-04E,夜桜　ライブ壁紙,com.quan.lwp.fallingleaveslwp,paidapp,,JPY,99.00,0.00,99.00,,,2730031,JP
1371148799889914,2015-04-09,1428589789,Charged,SO-03F,夜桜　ライブ壁紙,com.quan.lwp.fallingleaveslwp,paidapp,,JPY,99.00,0.00,99.00,,,989-6404,JP
1380843874442739,2015-04-09,1428593465,Charged,SO-01G,夜桜　ライブ壁紙,com.quan.lwp.fallingleaveslwp,paidapp,,JPY,99.00,0.00,99.00,,,6078143,JP
1348489526569253,2015-04-09,1428602171,Charged,F02G,夜桜　ライブ壁紙,com.quan.lwp.fallingleaveslwp,paidapp,,JPY,99.00,0.00,99.00,,,5760016,JP
1322954304885433,2015-04-09,1428603275,Charged,sm618_w_a2,夜桜　ライブ壁紙,com.quan.lwp.fallingleaveslwp,paidapp,,TWD,30.00,0.00,30.00,,,221,TW
1306320194110646,2015-04-09,1428603770,Charged,KYY24,夜桜　ライブ壁紙,com.quan.lwp.fallingleaveslwp,paidapp,,JPY,99.00,0.00,99.00,,,2590311,JP
1399391023301442,2015-04-09,1428603774,Charged,SH02E,夜桜　ライブ壁紙,com.quan.lwp.fallingleaveslwp,paidapp,,JPY,99.00,0.00,99.00,,,0900407,JP
1357909608460291,2015-04-09,1428604740,Charged,SH-01G,夜桜　ライブ壁紙,com.quan.lwp.fallingleaveslwp,paidapp,,JPY,99.00,0.00,99.00,,,304-0031,JP
1317514323587330,2015-04-09,1428605332,Charged,SOL22,夜桜　ライブ壁紙,com.quan.lwp.fallingleaveslwp,paidapp,,JPY,99.00,0.00,99.00,,,5900134,JP
1315023342936470,2015-04-09,1428606629,Charged,ASUS_T00P,夜桜　ライブ壁紙,com.quan.lwp.fallingleaveslwp,paidapp,,JPY,99.00,0.00,99.00,,,642-0011,JP
1397495358906394,2015-04-09,1428607759,Charged,KYV31,夜桜　ライブ壁紙,com.quan.lwp.fallingleaveslwp,paidapp,,JPY,99.00,0.00,99.00,,,4801154,JP
1336779618751444,2015-04-09,1428609726,Charged,SO-02G,夜桜　ライブ壁紙,com.quan.lwp.fallingleaveslwp,paidapp,,JPY,99.00,0.00,99.00,,,849-0919,JP
1304301286402531,2015-04-09,1428610439,Charged,SO-01G,夜桜　ライブ壁紙,com.quan.lwp.fallingleaveslwp,paidapp,,JPY,99.00,0.00,99.00,,,950-0941,JP
1350794005652653,2015-04-09,1428612755,Charged,SOL21,夜桜　ライブ壁紙,com.quan.lwp.fallingleaveslwp,paidapp,,JPY,99.00,0.00,99.00,,,0391166,JP
1343212570785134,2015-04-09,1428616235,Charged,SOL21,夜桜　ライブ壁紙,com.quan.lwp.fallingleaveslwp,paidapp,,JPY,99.00,0.00,99.00,,,899-7301,JP
1380152035156621,2015-04-10,1428628586,Charged,trhplte,夜桜　ライブ壁紙,com.quan.lwp.fallingleaveslwp,paidapp,,TWD,30.00,0.00,30.00,,,401,TW
1324764822297748,2015-04-10,1428647522,Charged,KYY24,夜桜　ライブ壁紙,com.quan.lwp.fallingleaveslwp,paidapp,,JPY,99.00,0.00,99.00,,,194-0035,JP
1315095396506535,2015-04-10,1428666884,Charged,F10D,夜桜　ライブ壁紙,com.quan.lwp.fallingleaveslwp,paidapp,,JPY,99.00,0.00,99.00,,,3060212,JP
1379117568341368,2015-04-10,1428668670,Charged,SO-02E,夜桜　ライブ壁紙,com.quan.lwp.fallingleaveslwp,paidapp,,JPY,99.00,0.00,99.00,,,0185202,JP
1317220500462526,2015-04-10,1428668845,Charged,SC-01G,夜桜　ライブ壁紙,com.quan.lwp.fallingleaveslwp,paidapp,,JPY,99.00,0.00,99.00,,,3610025,JP
1341064451026244,2015-04-10,1428676751,Charged,D6653,夜桜　ライブ壁紙,com.quan.lwp.fallingleaveslwp,paidapp,,TWD,30.00,0.00,30.00,,,600,TW
1380197080011909,2015-04-10,1428680134,Charged,SO-01G,夜桜　ライブ壁紙,com.quan.lwp.fallingleaveslwp,paidapp,,JPY,99.00,0.00,99.00,小美玉市野田,茨城県,311-3411,JP
1360907647857682,2015-04-10,1428680190,Charged,KYV33,夜桜　ライブ壁紙,com.quan.lwp.fallingleaveslwp,paidapp,,JPY,99.00,0.00,99.00,北九州市門司区吉志,福岡県,8000114,JP
1346582804817718,2015-04-10,1428681367,Charged,htc_b2wlj,夜桜　ライブ壁紙,com.quan.lwp.fallingleaveslwp,paidapp,,JPY,99.00,0.00,99.00,,,471-0824,JP
1324579190807831,2015-04-10,1428681542,Charged,SH-01F,夜桜　ライブ壁紙,com.quan.lwp.fallingleaveslwp,paidapp,,JPY,99.00,0.00,99.00,尼崎市次屋,兵庫県,6610965,JP
1349594678604279,2015-04-10,1428681985,Charged,icx1237,夜桜　ライブ壁紙,com.quan.lwp.fallingleaveslwp,paidapp,,JPY,99.00,0.00,99.00,,,374-0055,JP
1302083744313939,2015-04-10,1428688560,Charged,htc_eyetuhl,夜桜　ライブ壁紙,com.quan.lwp.fallingleaveslwp,paidapp,,TWD,30.00,0.00,30.00,,,300,TW
1306409495885877,2015-04-10,1428689630,Charged,SC-02C,夜桜　ライブ壁紙,com.quan.lwp.fallingleaveslwp,paidapp,,JPY,99.00,0.00,99.00,,,8300051,JP
1353980877043892,2015-04-10,1428691029,Charged,SOL21,夜桜　ライブ壁紙,com.quan.lwp.fallingleaveslwp,paidapp,,JPY,99.00,0.00,99.00,,,257-0034,JP
1356862006729128,2015-04-10,1428697629,Charged,d2dcm,夜桜　ライブ壁紙,com.quan.lwp.fallingleaveslwp,paidapp,,JPY,99.00,0.00,99.00,,,3330869,JP
1306092365988236,2015-04-10,1428700700,Charged,SH-01F,夜桜　ライブ壁紙,com.quan.lwp.fallingleaveslwp,paidapp,,JPY,99.00,0.00,99.00,,,7100051,JP
1328575750581758,2015-04-10,1428705085,Charged,SO-02G,夜桜　ライブ壁紙,com.quan.lwp.fallingleaveslwp,paidapp,,JPY,99.00,0.00,99.00,,,600-8027,JP
1341027851334012,2015-04-10,1428707001,Charged,SO-02E,夜桜　ライブ壁紙,com.quan.lwp.fallingleaveslwp,paidapp,,JPY,99.00,0.00,99.00,,,331-0047,JP
1362212428707031,2015-04-10,1428708607,Charged,SOL24,夜桜　ライブ壁紙,com.quan.lwp.fallingleaveslwp,paidapp,,JPY,99.00,0.00,99.00,,,292-0041,JP
1384624206039254,2015-04-11,1428725960,Charged,grouper,夜桜　ライブ壁紙,com.quan.lwp.fallingleaveslwp,paidapp,,JPY,99.00,0.00,99.00,,,762-0011,JP
1319538346834560,2015-04-11,1428729087,Charged,SO-02G,夜桜　ライブ壁紙,com.quan.lwp.fallingleaveslwp,paidapp,,JPY,99.00,0.00,99.00,,,1120003,JP
1334702309455877,2015-04-11,1428746346,Charged,klte,Cherry blossom LiveWallpaper,com.quan.lwp.fallingleaveslwp,paidapp,,THB,32.00,0.00,32.00,เมือง,ระยอง,21000,TH
1387163400662579,2015-04-11,1428760778,Charged,SC-02C,夜桜　ライブ壁紙,com.quan.lwp.fallingleaveslwp,paidapp,,JPY,99.00,0.00,99.00,,,3660818,JP
1388200953216904,2015-04-11,1428769238,Charged,g3,夜桜　ライブ壁紙,com.quan.lwp.fallingleaveslwp,paidapp,,JPY,99.00,0.00,99.00,,,1810012,JP
1350957944476555,2015-04-11,1428770719,Charged,SOL26,夜桜　ライブ壁紙,com.quan.lwp.fallingleaveslwp,paidapp,,JPY,99.00,0.00,99.00,,,0770014,JP
1353784440996510,2015-04-11,1428774622,Charged,SG305SH,夜桜　ライブ壁紙,com.quan.lwp.fallingleaveslwp,paidapp,,JPY,99.00,0.00,99.00,,,8160824,JP
1374057977379679,2015-04-11,1428781342,Charged,Z00A_1,夜桜　ライブ壁紙,com.quan.lwp.fallingleaveslwp,paidapp,,TWD,30.00,0.00,30.00,,,235,TW
1353468727220884,2015-04-11,1428783811,Charged,C6902,夜桜　ライブ壁紙,com.quan.lwp.fallingleaveslwp,paidapp,,TWD,30.00,0.00,30.00,,,709,TW
1388233467543975,2015-04-11,1428786066,Charged,SO-03F,夜桜　ライブ壁紙,com.quan.lwp.fallingleaveslwp,paidapp,,JPY,99.00,0.00,99.00,,,5730118,JP
1378087072022636,2015-04-11,1428786488,Charged,SOL26,夜桜　ライブ壁紙,com.quan.lwp.fallingleaveslwp,paidapp,,JPY,99.00,0.00,99.00,,,381-2405,JP
1388546870736879,2015-04-11,1428786589,Charged,SOL23,夜桜　ライブ壁紙,com.quan.lwp.fallingleaveslwp,paidapp,,JPY,99.00,0.00,99.00,,,669-1313,JP
1337967665562634,2015-04-11,1428788004,Charged,SBM206SH,夜桜　ライブ壁紙,com.quan.lwp.fallingleaveslwp,paidapp,,JPY,99.00,0.00,99.00,,,3850045,JP
1348457454629028,2015-04-12,1428808913,Charged,deb,夜桜　ライブ壁紙,com.quan.lwp.fallingleaveslwp,paidapp,,JPY,99.00,0.00,99.00,,,2240054,JP
1348690583679055,2015-04-12,1428816521,Charged,SO-02G,夜桜　ライブ壁紙,com.quan.lwp.fallingleaveslwp,paidapp,,JPY,99.00,0.00,99.00,,,7550039,JP
1347606643063686,2015-04-12,1428822169,Charged,SHL22,夜桜　ライブ壁紙,com.quan.lwp.fallingleaveslwp,paidapp,,JPY,99.00,0.00,99.00,,,9810911,JP
1384292500992001,2015-04-12,1428823701,Charged,SOL25,夜桜　ライブ壁紙,com.quan.lwp.fallingleaveslwp,paidapp,,JPY,99.00,0.00,99.00,,,216-0003,JP
1390473128368236,2015-04-12,1428843350,Charged,SO-02E,夜桜　ライブ壁紙,com.quan.lwp.fallingleaveslwp,paidapp,,JPY,99.00,0.00,99.00,,,2892113,JP
1317247409629408,2015-04-12,1428849940,Charged,FJL21,夜桜　ライブ壁紙,com.quan.lwp.fallingleaveslwp,paidapp,,JPY,99.00,0.00,99.00,,,0591271,JP
1339815428208577,2015-04-12,1428851723,Charged,SC-04E,夜桜　ライブ壁紙,com.quan.lwp.fallingleaveslwp,paidapp,,JPY,99.00,0.00,99.00,,,400-0867,JP
1342219512397803,2015-04-12,1428852487,Charged,FXC-5A,夜桜　ライブ壁紙,com.quan.lwp.fallingleaveslwp,paidapp,,JPY,99.00,0.00,99.00,,,832-0813,JP
1394617107400642,2015-04-12,1428853267,Charged,SO-01G,夜桜　ライブ壁紙,com.quan.lwp.fallingleaveslwp,paidapp,,JPY,99.00,0.00,99.00,,,3940025,JP
1381699205250423,2015-04-12,1428861375,Charged,401SO,夜桜　ライブ壁紙,com.quan.lwp.fallingleaveslwp,paidapp,,JPY,99.00,0.00,99.00,,,5108102,JP
1344439240942877,2015-04-12,1428862185,Charged,F02G,夜桜　ライブ壁紙,com.quan.lwp.fallingleaveslwp,paidapp,,JPY,99.00,0.00,99.00,,,2430427,JP
1324016798839159,2015-04-12,1428868295,Charged,SO-02F,夜桜　ライブ壁紙,com.quan.lwp.fallingleaveslwp,paidapp,,JPY,99.00,0.00,99.00,,,4540926,JP
1334925120696521,2015-04-12,1428870063,Charged,SH-06E,夜桜　ライブ壁紙,com.quan.lwp.fallingleaveslwp,paidapp,,JPY,99.00,0.00,99.00,,,403-0002,JP
1381781124692521,2015-04-12,1428872492,Charged,SCL22,夜桜　ライブ壁紙,com.quan.lwp.fallingleaveslwp,paidapp,,JPY,99.00,0.00,99.00,,,3510022,JP
1304634429221136,2015-04-12,1428874037,Charged,SHL22,夜桜　ライブ壁紙,com.quan.lwp.fallingleaveslwp,paidapp,,JPY,99.00,0.00,99.00,,,399-8304,JP
1315832560793484,2015-04-12,1428880358,Charged,SO-03F,夜桜　ライブ壁紙,com.quan.lwp.fallingleaveslwp,paidapp,,JPY,99.00,0.00,99.00,,,9220673,JP
1330151538508067,2015-04-13,1428885226,Charged,htc_himauhl,夜桜　ライブ壁紙,com.quan.lwp.fallingleaveslwp,paidapp,,TWD,30.00,0.00,30.00,,,540,TW
1332710553877176,2015-04-13,1428896571,Charged,CAL21,夜桜　ライブ壁紙,com.quan.lwp.fallingleaveslwp,paidapp,,JPY,99.00,0.00,99.00,,,4540945,JP
1377980391020393,2015-04-13,1428899790,Charged,SBM006SH,夜桜　ライブ壁紙,com.quan.lwp.fallingleaveslwp,paidapp,,JPY,99.00,0.00,99.00,,,347-0044,JP
1354145342046776,2015-04-13,1428901860,Charged,401SO,夜桜　ライブ壁紙,com.quan.lwp.fallingleaveslwp,paidapp,,JPY,99.00,0.00,99.00,,,6691537,JP
1334851927246417,2015-04-13,1428903911,Charged,C6902,夜桜　ライブ壁紙,com.quan.lwp.fallingleaveslwp,paidapp,,TWD,30.00,0.00,30.00,,,205,TW
1314290893785097,2015-04-13,1428904667,Charged,SO-03D,夜桜　ライブ壁紙,com.quan.lwp.fallingleaveslwp,paidapp,,JPY,99.00,0.00,99.00,浦安市,千葉県,279-0002,JP
1370704800467306,2015-04-13,1428904866,Charged,SOL22,夜桜　ライブ壁紙,com.quan.lwp.fallingleaveslwp,paidapp,,JPY,99.00,0.00,99.00,,,7900054,JP
1370926879081198,2015-04-13,1428925196,Charged,SH-01G,夜桜　ライブ壁紙,com.quan.lwp.fallingleaveslwp,paidapp,,JPY,99.00,0.00,99.00,,,2720816,JP
1374001402524394,2015-04-13,1428928839,Charged,SO-02E,夜桜　ライブ壁紙,com.quan.lwp.fallingleaveslwp,paidapp,,JPY,99.00,0.00,99.00,,,8721207,JP
1394014432014418,2015-04-13,1428937490,Charged,SOL22,夜桜　ライブ壁紙,com.quan.lwp.fallingleaveslwp,paidapp,,JPY,99.00,0.00,99.00,,,955-0833,JP
1314972475966128,2015-04-13,1428952524,Charged,SG304SH,夜桜　ライブ壁紙,com.quan.lwp.fallingleaveslwp,paidapp,,JPY,99.00,0.00,99.00,,,485-0829,JP
1325623309456602,2015-04-13,1428953140,Charged,SO-01F,夜桜　ライブ壁紙,com.quan.lwp.fallingleaveslwp,paidapp,,JPY,99.00,0.00,99.00,,,8493133,JP
1399466983711640,2015-04-13,1428955302,Charged,F02E,夜桜　ライブ壁紙,com.quan.lwp.fallingleaveslwp,paidapp,,JPY,99.00,0.00,99.00,,,9920342,JP
1327764258815711,2015-04-13,1428955950,Charged,SO-02E,夜桜　ライブ壁紙,com.quan.lwp.fallingleaveslwp,paidapp,,JPY,99.00,0.00,99.00,,,1980025,JP
1394466875805679,2015-04-13,1428956663,Charged,SO-01G,夜桜　ライブ壁紙,com.quan.lwp.fallingleaveslwp,paidapp,,JPY,99.00,0.00,99.00,,,0411112,JP
1317268845890351,2015-04-13,1428957279,Charged,401SO,夜桜　ライブ壁紙,com.quan.lwp.fallingleaveslwp,paidapp,,JPY,99.00,0.00,99.00,,,104-0051,JP
1332884354874312,2015-04-13,1428962025,Charged,SO-04F,夜桜　ライブ壁紙,com.quan.lwp.fallingleaveslwp,paidapp,,JPY,99.00,0.00,99.00,,,9430173,JP
1311194032160494,2015-04-13,1428964065,Charged,SOL26,夜桜　ライブ壁紙,com.quan.lwp.fallingleaveslwp,paidapp,,JPY,99.00,0.00,99.00,,,8850064,JP
1317559492131194,2015-04-14,1428969604,Charged,dlxj,夜桜　ライブ壁紙,com.quan.lwp.fallingleaveslwp,paidapp,,JPY,99.00,0.00,99.00,,,3400035,JP
1325972213331896,2015-04-14,1428992879,Charged,KYY22,夜桜　ライブ壁紙,com.quan.lwp.fallingleaveslwp,paidapp,,JPY,99.00,0.00,99.00,,,5500001,JP
1304698706055106,2015-04-14,1428996962,Charged,SC-01G,夜桜　ライブ壁紙,com.quan.lwp.fallingleaveslwp,paidapp,,JPY,99.00,0.00,99.00,,,630-8014,JP
1357304316600429,2015-04-14,1428998598,Charged,d2dcm,夜桜　ライブ壁紙,com.quan.lwp.fallingleaveslwp,paidapp,,JPY,99.00,0.00,99.00,,,5500022,JP
1333468749631913,2015-04-14,1429004471,Charged,SH-04F,夜桜　ライブ壁紙,com.quan.lwp.fallingleaveslwp,paidapp,,JPY,99.00,0.00,99.00,,,9592409,JP
1336078637624493,2015-04-14,1429017730,Charged,m0,Cherry blossom LiveWallpaper,com.quan.lwp.fallingleaveslwp,paidapp,,THB,32.00,0.00,32.00,กำแพงแสน,นครปฐม,73140,TH
1326520606166837,2015-04-14,1429021312,Charged,SOL26,夜桜　ライブ壁紙,com.quan.lwp.fallingleaveslwp,paidapp,,JPY,99.00,0.00,99.00,,,9810132,JP
1389272219467422,2015-04-14,1429036129,Charged,SOL22,夜桜　ライブ壁紙,com.quan.lwp.fallingleaveslwp,paidapp,,JPY,99.00,0.00,99.00,,,818-0111,JP
1317174277653555,2015-04-14,1429041921,Charged,SCL23,夜桜　ライブ壁紙,com.quan.lwp.fallingleaveslwp,paidapp,,JPY,99.00,0.00,99.00,,,729-0112,JP
1388209414460467,2015-04-14,1429043363,Charged,ASUS_T00P,夜桜　ライブ壁紙,com.quan.lwp.fallingleaveslwp,paidapp,,JPY,99.00,0.00,99.00,,,1320025,JP
1377653047938804,2015-04-14,1429044462,Charged,SG305SH,夜桜　ライブ壁紙,com.quan.lwp.fallingleaveslwp,paidapp,,JPY,99.00,0.00,99.00,,,1830014,JP
1347859839118186,2015-04-15,1429074119,Charged,KYL21,夜桜　ライブ壁紙,com.quan.lwp.fallingleaveslwp,paidapp,,JPY,99.00,0.00,99.00,,,901-1104,JP
1349191848014630,2015-04-15,1429081316,Charged,SOL26,夜桜　ライブ壁紙,com.quan.lwp.fallingleaveslwp,paidapp,,JPY,99.00,0.00,99.00,長岡市上桐,新潟県,949-4501,JP
1305608071837973,2015-04-15,1429083554,Charged,F01F,夜桜　ライブ壁紙,com.quan.lwp.fallingleaveslwp,paidapp,,JPY,99.00,0.00,99.00,,,1870035,JP
1318487366249793,2015-04-15,1429099512,Charged,SC-01F,夜桜　ライブ壁紙,com.quan.lwp.fallingleaveslwp,paidapp,,JPY,99.00,0.00,99.00,横須賀市粟田,神奈川県,239-0845,JP
1301954874160575,2015-04-15,1429114422,Charged,SBM206SH,夜桜　ライブ壁紙,com.quan.lwp.fallingleaveslwp,paidapp,,JPY,99.00,0.00,99.00,,,804-0013,JP
1380833954171288,2015-04-15,1429115126,Charged,SC-02G,夜桜　ライブ壁紙,com.quan.lwp.fallingleaveslwp,paidapp,,JPY,99.00,0.00,99.00,,,917-0026,JP
1388199290507592,2015-04-15,1429123509,Charged,SO-03F,夜桜　ライブ壁紙,com.quan.lwp.fallingleaveslwp,paidapp,,JPY,99.00,0.00,99.00,,,224-0029,JP
1367273844214346,2015-04-15,1429123975,Charged,SO-02G,夜桜　ライブ壁紙,com.quan.lwp.fallingleaveslwp,paidapp,,JPY,99.00,0.00,99.00,,,2470014,JP
1350836555567857,2015-04-15,1429130123,Charged,t6ul,夜桜　ライブ壁紙,com.quan.lwp.fallingleaveslwp,paidapp,,TWD,30.00,0.00,30.00,,,338,TW
1316999928620738,2015-04-15,1429135392,Charged,m7wlj,Cherry blossom LiveWallpaper,com.quan.lwp.fallingleaveslwp,paidapp,,JPY,99.00,0.00,99.00,,,1970001,JP
1323887738206547,2015-04-16,1429146876,Charged,IS12S,夜桜　ライブ壁紙,com.quan.lwp.fallingleaveslwp,paidapp,,JPY,99.00,0.00,99.00,,,2720034,JP
1392467084928670,2015-04-16,1429155011,Charged,SO-01G,夜桜　ライブ壁紙,com.quan.lwp.fallingleaveslwp,paidapp,,JPY,99.00,0.00,99.00,,,876-0933,JP
1316024267338528,2015-04-16,1429156869,Charged,SH-01F,夜桜　ライブ壁紙,com.quan.lwp.fallingleaveslwp,paidapp,,JPY,99.00,0.00,99.00,伊東市,静岡県,4140001,JP
1334881377610335,2015-04-16,1429157030,Charged,SC-04E,夜桜　ライブ壁紙,com.quan.lwp.fallingleaveslwp,paidapp,,JPY,99.00,0.00,99.00,,,001-0032,JP
1314178034201319,2015-04-16,1429177892,Charged,SCL23,夜桜　ライブ壁紙,com.quan.lwp.fallingleaveslwp,paidapp,,JPY,99.00,0.00,99.00,,,9530065,JP
1323121034043054,2015-04-16,1429186723,Charged,SHL22,夜桜　ライブ壁紙,com.quan.lwp.fallingleaveslwp,paidapp,,JPY,99.00,0.00,99.00,,,520-1531,JP
1394361196350176,2015-04-16,1429187129,Charged,SO-02F,夜桜　ライブ壁紙,com.quan.lwp.fallingleaveslwp,paidapp,,JPY,99.00,0.00,99.00,,,2430004,JP
1341463014724452,2015-04-16,1429188540,Charged,grandmaxltechn,夜桜　ライブ壁紙,com.quan.lwp.fallingleaveslwp,paidapp,,TWD,30.00,0.00,30.00,,,221,TW
1325503705043323,2015-04-16,1429190287,Charged,SC-04F,夜桜　ライブ壁紙,com.quan.lwp.fallingleaveslwp,paidapp,,JPY,99.00,0.00,99.00,,,7300046,JP
1307820249199236,2015-04-16,1429212317,Charged,SO-04F,夜桜　ライブ壁紙,com.quan.lwp.fallingleaveslwp,paidapp,,JPY,99.00,0.00,99.00,,,2890601,JP
1340606191997208,2015-04-16,1429212717,Charged,SO-01F,夜桜　ライブ壁紙,com.quan.lwp.fallingleaveslwp,paidapp,,JPY,99.00,0.00,99.00,,,5203333,JP
1372371193174694,2015-04-16,1429217362,Charged,SO-01G,夜桜　ライブ壁紙,com.quan.lwp.fallingleaveslwp,paidapp,,JPY,99.00,0.00,99.00,,,1530061,JP
1392915107451669,2015-04-16,1429218538,Charged,SC-02F,夜桜　ライブ壁紙,com.quan.lwp.fallingleaveslwp,paidapp,,JPY,99.00,0.00,99.00,,,3500046,JP
1305055468827338,2015-04-17,1429229547,Charged,hammerhead,夜桜　ライブ壁紙,com.quan.lwp.fallingleaveslwp,paidapp,,JPY,99.00,0.00,99.00,,,191-0011,JP
1344546044310715,2015-04-17,1429247945,Charged,matissewifi,Crystal 10 units,com.dhearts.monter,inapp,tier_10,BRL,23.60,0.00,23.60,,,06711280,BR
1381467945333986,2015-04-17,1429258614,Charged,C6602,夜桜　ライブ壁紙,com.quan.lwp.fallingleaveslwp,paidapp,,TWD,30.00,0.00,30.00,,,153,TW
1346525371792510,2015-04-17,1429263908,Charged,SBM303SH,夜桜　ライブ壁紙,com.quan.lwp.fallingleaveslwp,paidapp,,JPY,99.00,0.00,99.00,,,221-0801,JP
1323091777441756,2015-04-17,1429264239,Charged,SHL22,夜桜　ライブ壁紙,com.quan.lwp.fallingleaveslwp,paidapp,,JPY,99.00,0.00,99.00,,,5010406,JP
1365372836488886,2015-04-17,1429287986,Charged,SO-02G,夜桜　ライブ壁紙,com.quan.lwp.fallingleaveslwp,paidapp,,JPY,99.00,0.00,99.00,,,061-3213,JP
1346272848126887,2015-04-17,1429288140,Charged,SG304SH,夜桜　ライブ壁紙,com.quan.lwp.fallingleaveslwp,paidapp,,JPY,99.00,0.00,99.00,豊中市曽根南町,大阪府,561-0804,JP
1385847639178247,2015-04-17,1429293763,Charged,SOL22,夜桜　ライブ壁紙,com.quan.lwp.fallingleaveslwp,paidapp,,JPY,99.00,0.00,99.00,,,0030832,JP
1381907993562995,2015-04-17,1429303100,Charged,SH-06E,夜桜　ライブ壁紙,com.quan.lwp.fallingleaveslwp,paidapp,,JPY,99.00,0.00,99.00,,,4540815,JP
1328178641437015,2015-04-17,1429304873,Charged,SO-02F,夜桜　ライブ壁紙,com.quan.lwp.fallingleaveslwp,paidapp,,JPY,99.00,0.00,99.00,国見町,福島県,969-1771,JP
1319527765636500,2015-04-18,1429328615,Charged,D6653,夜桜　ライブ壁紙,com.quan.lwp.fallingleaveslwp,paidapp,,TWD,30.00,0.00,30.00,,,23679,TW
1368704691290202,2015-04-18,1429333277,Charged,SHL25,夜桜　ライブ壁紙,com.quan.lwp.fallingleaveslwp,paidapp,,JPY,99.00,0.00,99.00,,,2430817,JP
1332104659465455,2015-04-18,1429335971,Charged,shamu,夜桜　ライブ壁紙,com.quan.lwp.fallingleaveslwp,paidapp,,JPY,99.00,0.00,99.00,北葛城郡広陵町馬見中1丁目,奈良県,6350832,JP
1351057917164684,2015-04-18,1429367352,Charged,pana2_2s,夜桜　ライブ壁紙,com.quan.lwp.fallingleaveslwp,paidapp,,JPY,99.00,0.00,99.00,,,4380086,JP
1397290511425354,2015-04-18,1429375832,Charged,SHL23,夜桜　ライブ壁紙,com.quan.lwp.fallingleaveslwp,paidapp,,JPY,99.00,0.00,99.00,幸手市,埼玉県,3400123,JP
1394293176595928,2015-04-18,1429381459,Charged,SO-03F,夜桜　ライブ壁紙,com.quan.lwp.fallingleaveslwp,paidapp,,JPY,99.00,0.00,99.00,,,0970021,JP
1310006705915853,2015-04-18,1429383079,Charged,SO-01F,夜桜　ライブ壁紙,com.quan.lwp.fallingleaveslwp,paidapp,,JPY,99.00,0.00,99.00,,,2520802,JP
1382523308348518,2015-04-18,1429385695,Charged,SOL26,夜桜　ライブ壁紙,com.quan.lwp.fallingleaveslwp,paidapp,,JPY,99.00,0.00,99.00,,,4530033,JP
1376056830702106,2015-04-18,1429388686,Charged,SOL23,夜桜　ライブ壁紙,com.quan.lwp.fallingleaveslwp,paidapp,,JPY,99.00,0.00,99.00,,,877-0039,JP
1394437834936771,2015-04-18,1429389663,Charged,ASUS_T00P,夜桜　ライブ壁紙,com.quan.lwp.fallingleaveslwp,paidapp,,JPY,99.00,0.00,99.00,,,2150012,JP
1318117334550028,2015-04-18,1429398722,Charged,D6653,夜桜　ライブ壁紙,com.quan.lwp.fallingleaveslwp,paidapp,,TWD,30.00,0.00,30.00,,,220,TW
1344163149947538,2015-04-19,1429409583,Charged,D6653,夜桜　ライブ壁紙,com.quan.lwp.fallingleaveslwp,paidapp,,TWD,30.00,0.00,30.00,,,811,TW
1397299411050858,2015-04-19,1429416217,Charged,SC-04F,夜桜　ライブ壁紙,com.quan.lwp.fallingleaveslwp,paidapp,,JPY,99.00,0.00,99.00,,,901-2131,JP
1363080599514010,2015-04-19,1429460101,Charged,SCL22,夜桜　ライブ壁紙,com.quan.lwp.fallingleaveslwp,paidapp,,JPY,99.00,0.00,99.00,,,9011304,JP
1316695599334392,2015-04-19,1429463888,Charged,SG304SH,夜桜　ライブ壁紙,com.quan.lwp.fallingleaveslwp,paidapp,,JPY,99.00,0.00,99.00,,,4760011,JP
1333182968003474,2015-04-19,1429466160,Charged,SOL26,夜桜　ライブ壁紙,com.quan.lwp.fallingleaveslwp,paidapp,,JPY,99.00,0.00,99.00,,,1750082,JP
1366074699522447,2015-04-19,1429478809,Charged,K013,夜桜　ライブ壁紙,com.quan.lwp.fallingleaveslwp,paidapp,,JPY,99.00,0.00,99.00,,,0440201,JP
1399726779025585,2015-04-20,1429523818,Charged,SOL26,夜桜　ライブ壁紙,com.quan.lwp.fallingleaveslwp,paidapp,,JPY,99.00,0.00,99.00,袖ヶ浦市,千葉県,2990257,JP
1360101245222148,2015-04-20,1429525473,Charged,SC-01G,夜桜　ライブ壁紙,com.quan.lwp.fallingleaveslwp,paidapp,,JPY,99.00,0.00,99.00,東彼杵町,長崎県,8593803,JP
1345013733261958,2015-04-20,1429555331,Charged,SC-04E,夜桜　ライブ壁紙,com.quan.lwp.fallingleaveslwp,paidapp,,JPY,99.00,0.00,99.00,,,6940064,JP
1367003257203985,2015-04-20,1429558715,Charged,F01F,夜桜　ライブ壁紙,com.quan.lwp.fallingleaveslwp,paidapp,,JPY,99.00,0.00,99.00,,,5730162,JP
1390747449992919,2015-04-20,1429560789,Charged,Z00A_1,夜桜　ライブ壁紙,com.quan.lwp.fallingleaveslwp,paidapp,,TWD,30.00,0.00,30.00,,,320,TW
1306367594434141,2015-04-20,1429567171,Charged,SHL22,夜桜　ライブ壁紙,com.quan.lwp.fallingleaveslwp,paidapp,,JPY,99.00,0.00,99.00,,,3540041,JP
1348914233393214,2015-04-20,1429567752,Charged,KYL22,夜桜　ライブ壁紙,com.quan.lwp.fallingleaveslwp,paidapp,,JPY,99.00,0.00,99.00,,,4130028,JP
1311320635952880,2015-04-20,1429568152,Charged,g3,夜桜　ライブ壁紙,com.quan.lwp.fallingleaveslwp,paidapp,,JPY,99.00,0.00,99.00,南相馬市原町区西町,福島県,975-0014,JP
1377763746700083,2015-04-20,1429568537,Charged,SO-02G,夜桜　ライブ壁紙,com.quan.lwp.fallingleaveslwp,paidapp,,JPY,99.00,0.00,99.00,,,121-0055,JP
1315351005271979,2015-04-20,1429570643,Charged,SBM302SH,夜桜　ライブ壁紙,com.quan.lwp.fallingleaveslwp,paidapp,,JPY,99.00,0.00,99.00,,,1670033,JP
1305259312023294,2015-04-21,1429592205,Charged,SC-04E,夜桜　ライブ壁紙,com.quan.lwp.fallingleaveslwp,paidapp,,JPY,99.00,0.00,99.00,,,0190702,JP
1366601541987758,2015-04-21,1429609377,Charged,m7wlj,夜桜　ライブ壁紙,com.quan.lwp.fallingleaveslwp,paidapp,,JPY,99.00,0.00,99.00,,,4620013,JP
1329298409211356,2015-04-21,1429637900,Charged,SO-03F,夜桜　ライブ壁紙,com.quan.lwp.fallingleaveslwp,paidapp,,JPY,99.00,0.00,99.00,,,8690543,JP
1350866819402458,2015-04-21,1429641970,Charged,F05F,夜桜　ライブ壁紙,com.quan.lwp.fallingleaveslwp,paidapp,,JPY,99.00,0.00,99.00,,,8180006,JP
1376518174529609,2015-04-21,1429642178,Charged,SC-04E,夜桜　ライブ壁紙,com.quan.lwp.fallingleaveslwp,paidapp,,JPY,99.00,0.00,99.00,,,702-8021,JP
1348574532269644,2015-04-21,1429644849,Charged,SHL23,夜桜　ライブ壁紙,com.quan.lwp.fallingleaveslwp,paidapp,,JPY,99.00,0.00,99.00,,,326-0846,JP
1383891893504141,2015-04-22,1429666012,Charged,L50t,夜桜　ライブ壁紙,com.quan.lwp.fallingleaveslwp,paidapp,,JPY,99.00,0.00,99.00,,,1100006,JP
1379034470460589,2015-04-22,1429675856,Charged,SO-04F,夜桜　ライブ壁紙,com.quan.lwp.fallingleaveslwp,paidapp,,JPY,99.00,0.00,99.00,,,4210102,JP
1368674063807734,2015-04-22,1429693075,Charged,g3,夜桜　ライブ壁紙,com.quan.lwp.fallingleaveslwp,paidapp,,JPY,99.00,0.00,99.00,名古屋市南区大磯通,愛知県,4570048,JP
1360170927941339,2015-04-22,1429694073,Charged,klte,Cherry blossom LiveWallpaper,com.quan.lwp.fallingleaveslwp,paidapp,,AUD,0.99,0.00,0.99,,,2430,AU
1312512796091640,2015-04-22,1429710636,Charged,SO-02F,夜桜　ライブ壁紙,com.quan.lwp.fallingleaveslwp,paidapp,,JPY,99.00,0.00,99.00,山口県熊毛郡平生町大字平生村,山口県,7421102,JP
1340144111623787,2015-04-22,1429711967,Charged,SO-03F,夜桜　ライブ壁紙,com.quan.lwp.fallingleaveslwp,paidapp,,JPY,99.00,0.00,99.00,,,7650012,JP
1301930920491525,2015-04-22,1429730971,Charged,GT-I9100,夜桜　ライブ壁紙,com.quan.lwp.fallingleaveslwp,paidapp,,TWD,30.00,0.00,30.00,,,270,TW
1316245575351771,2015-04-22,1429734873,Charged,F06E,夜桜　ライブ壁紙,com.quan.lwp.fallingleaveslwp,paidapp,,JPY,99.00,0.00,99.00,,,3430043,JP
1388646072853952,2015-04-22,1429742419,Charged,SH-01G,夜桜　ライブ壁紙,com.quan.lwp.fallingleaveslwp,paidapp,,JPY,99.00,0.00,99.00,,,4360018,JP
1374320712217553,2015-04-22,1429744221,Charged,SOL26,夜桜　ライブ壁紙,com.quan.lwp.fallingleaveslwp,paidapp,,JPY,99.00,0.00,99.00,,,3320016,JP
1360212483580551,2015-04-22,1429746906,Charged,SOL26,夜桜　ライブ壁紙,com.quan.lwp.fallingleaveslwp,paidapp,,JPY,99.00,0.00,99.00,江津市二宮町神主,島根県,695-0024,JP
1344444999216102,2015-04-23,1429774548,Charged,SBM303SH,夜桜　ライブ壁紙,com.quan.lwp.fallingleaveslwp,paidapp,,JPY,99.00,0.00,99.00,,,3710836,JP
1338072555472619,2015-04-23,1429791387,Charged,SO-04E,夜桜　ライブ壁紙,com.quan.lwp.fallingleaveslwp,paidapp,,JPY,99.00,0.00,99.00,,,621-0241,JP
1361398054964301,2015-04-23,1429797166,Charged,trhplte,夜桜　ライブ壁紙,com.quan.lwp.fallingleaveslwp,paidapp,,TWD,30.00,0.00,30.00,,,830,TW
1362735729557298,2015-04-23,1429802671,Charged,SCL24,夜桜　ライブ壁紙,com.quan.lwp.fallingleaveslwp,paidapp,,JPY,99.00,0.00,99.00,,,333-0834,JP
1341224999631968,2015-04-23,1429811181,Charged,SOL24,夜桜　ライブ壁紙,com.quan.lwp.fallingleaveslwp,paidapp,,JPY,99.00,0.00,99.00,,,9630102,JP
1383139795116173,2015-04-23,1429812154,Charged,konka77_cu_ics2,夜桜　ライブ壁紙,com.quan.lwp.fallingleaveslwp,paidapp,,TWD,30.00,0.00,30.00,,,247,TW
1319116292453357,2015-04-23,1429815128,Charged,zee,夜桜　ライブ壁紙,com.quan.lwp.fallingleaveslwp,paidapp,,JPY,99.00,0.00,99.00,,,974-0401,JP
1389796148070346,2015-04-23,1429815420,Charged,SO-03F,夜桜　ライブ壁紙,com.quan.lwp.fallingleaveslwp,paidapp,,JPY,99.00,0.00,99.00,静岡市清水区石川本町,静岡県,4240006,JP
1343411708796986,2015-04-24,1429856559,Charged,htc_a51tuhl,夜桜　ライブ壁紙,com.quan.lwp.fallingleaveslwp,paidapp,,TWD,30.00,0.00,30.00,,,824,TW
1347726631994576,2015-04-24,1429897919,Charged,SH-01F,夜桜　ライブ壁紙,com.quan.lwp.fallingleaveslwp,paidapp,,JPY,99.00,0.00,99.00,,,7191311,JP
1397597196489594,2015-04-24,1429901126,Charged,401SO,夜桜　ライブ壁紙,com.quan.lwp.fallingleaveslwp,paidapp,,JPY,99.00,0.00,99.00,,,651-2116,JP
1316042608194587,2015-04-24,1429903084,Charged,401SO,夜桜　ライブ壁紙,com.quan.lwp.fallingleaveslwp,paidapp,,JPY,99.00,0.00,99.00,,,5140825,JP
1322471770101804,2015-04-24,1429911763,Charged,degaswifiue,Cherry blossom LiveWallpaper,com.quan.lwp.fallingleaveslwp,paidapp,,USD,0.99,0.00,0.99,,,80915,US
1353335477394327,2015-04-25,1429936277,Charged,KYY23,夜桜　ライブ壁紙,com.quan.lwp.fallingleaveslwp,paidapp,,JPY,99.00,0.00,99.00,,,1810004,JP
1300632692919749,2015-04-25,1429961514,Charged,d2dcm,夜桜　ライブ壁紙,com.quan.lwp.fallingleaveslwp,paidapp,,JPY,99.00,0.00,99.00,名古屋市西区上橋町,愛知県,4520844,JP
1304453055551274,2015-04-25,1429965310,Charged,SOL24,夜桜　ライブ壁紙,com.quan.lwp.fallingleaveslwp,paidapp,,JPY,99.00,0.00,99.00,,,114-0003,JP
1359100311468378,2015-04-25,1429965733,Charged,hwu9200-92,夜桜　ライブ壁紙,com.quan.lwp.fallingleaveslwp,paidapp,,JPY,99.00,0.00,99.00,,,1030002,JP
1339239988453946,2015-04-25,1429983304,Charged,F02G,夜桜　ライブ壁紙,com.quan.lwp.fallingleaveslwp,paidapp,,JPY,99.00,0.00,99.00,,,7090802,JP
1326314926004140,2015-04-25,1429989786,Charged,KYY24,夜桜　ライブ壁紙,com.quan.lwp.fallingleaveslwp,paidapp,,JPY,99.00,0.00,99.00,,,386-1546,JP
1384876005470046,2015-04-25,1429990544,Charged,SBM206SH,夜桜　ライブ壁紙,com.quan.lwp.fallingleaveslwp,paidapp,,JPY,99.00,0.00,99.00,,,9708027,JP
1313385503109406,2015-04-26,1430024469,Charged,SOL26,夜桜　ライブ壁紙,com.quan.lwp.fallingleaveslwp,paidapp,,JPY,99.00,0.00,99.00,座間市栗原中央,神奈川県,2520014,JP
1390316184050952,2015-04-26,1430024847,Charged,tblte,夜桜　ライブ壁紙,com.quan.lwp.fallingleaveslwp,paidapp,,TWD,30.00,0.00,30.00,,,320,TW
1386151436145003,2015-04-26,1430039301,Charged,SG402SH,夜桜　ライブ壁紙,com.quan.lwp.fallingleaveslwp,paidapp,,JPY,99.00,0.00,99.00,,,9140145,JP
1336868564270843,2015-04-26,1430062963,Charged,SC-01G,夜桜　ライブ壁紙,com.quan.lwp.fallingleaveslwp,paidapp,,JPY,99.00,0.00,99.00,,,132-0025,JP
1343367247787281,2015-04-26,1430067610,Charged,D6653,夜桜　ライブ壁紙,com.quan.lwp.fallingleaveslwp,paidapp,,TWD,30.00,0.00,30.00,,,640,TW
1357666877672451,2015-04-26,1430070045,Charged,SO-04E,夜桜　ライブ壁紙,com.quan.lwp.fallingleaveslwp,paidapp,,JPY,99.00,0.00,99.00,,,639-0223,JP
1315740342533166,2015-04-26,1430073898,Charged,D5833,夜桜　ライブ壁紙,com.quan.lwp.fallingleaveslwp,paidapp,,JPY,99.00,0.00,99.00,,,422-8529,JP
1358704527297897,2015-04-27,1430155980,Charged,KYY21,夜桜　ライブ壁紙,com.quan.lwp.fallingleaveslwp,paidapp,,JPY,99.00,0.00,99.00,,,193-0832,JP
1339287184051886,2015-04-27,1430159364,Charged,SC-05G,夜桜　ライブ壁紙,com.quan.lwp.fallingleaveslwp,paidapp,,JPY,99.00,0.00,99.00,,,4598002,JP
1315976088012332,2015-04-27,1430161060,Charged,smq_t,夜桜　ライブ壁紙,com.quan.lwp.fallingleaveslwp,paidapp,,JPY,99.00,0.00,99.00,,,1920043,JP
1391263628014420,2015-04-27,1430166625,Charged,SOL26,夜桜　ライブ壁紙,com.quan.lwp.fallingleaveslwp,paidapp,,JPY,99.00,0.00,99.00,,,8120016,JP
1325322430639779,2015-04-27,1430171353,Charged,htc_a51dtul,夜桜　ライブ壁紙,com.quan.lwp.fallingleaveslwp,paidapp,,TWD,30.00,0.00,30.00,萬華區,台北市,108,TW
1333241180329920,2015-04-27,1430173352,Charged,KYY24,夜桜　ライブ壁紙,com.quan.lwp.fallingleaveslwp,paidapp,,JPY,99.00,0.00,99.00,,,9540145,JP
1317356240704775,2015-04-28,1430182292,Charged,401SO,夜桜　ライブ壁紙,com.quan.lwp.fallingleaveslwp,paidapp,,JPY,99.00,0.00,99.00,下呂市小川,岐阜県,5092203,JP
1341902931036538,2015-04-28,1430226362,Charged,D6563,夜桜　ライブ壁紙,com.quan.lwp.fallingleaveslwp,paidapp,,TWD,30.00,0.00,30.00,,,035,TW
1301760459086981,2015-04-28,1430259151,Charged,WX10K,夜桜　ライブ壁紙,com.quan.lwp.fallingleaveslwp,paidapp,,JPY,99.00,0.00,99.00,,,468-0045,JP
1375140112921772,2015-04-29,1430291232,Charged,F05F,夜桜　ライブ壁紙,com.quan.lwp.fallingleaveslwp,paidapp,,JPY,99.00,0.00,99.00,,,038-0042,JP
1365019840960038,2015-04-29,1430291909,Charged,hlteatt,Cherry blossom LiveWallpaper,com.quan.lwp.fallingleaveslwp,paidapp,,USD,0.99,0.00,0.99,,,06062,US
1306811502876902,2015-04-29,1430303434,Charged,C2105,夜桜　ライブ壁紙,com.quan.lwp.fallingleaveslwp,paidapp,,TWD,30.00,0.00,30.00,,,241,TW
1352450269441194,2015-04-29,1430303461,Charged,SH-02G,夜桜　ライブ壁紙,com.quan.lwp.fallingleaveslwp,paidapp,,JPY,99.00,0.00,99.00,,,4240875,JP
1341296345728271,2015-04-29,1430324057,Charged,KYV31,夜桜　ライブ壁紙,com.quan.lwp.fallingleaveslwp,paidapp,,JPY,99.00,0.00,99.00,,,6600076,JP
1396743045841501,2015-04-29,1430338892,Charged,SOL25,夜桜　ライブ壁紙,com.quan.lwp.fallingleaveslwp,paidapp,,JPY,99.00,0.00,99.00,,,9630105,JP
1340549915620522,2015-04-29,1430339253,Charged,C6603,夜桜　ライブ壁紙,com.quan.lwp.fallingleaveslwp,paidapp,,JPY,99.00,0.00,99.00,,,193-0822,JP
1378273971573293,2015-04-29,1430344060,Charged,SOL26,夜桜　ライブ壁紙,com.quan.lwp.fallingleaveslwp,paidapp,,USD,0.99,0.00,0.99,,-,,HK
1309139162533991,2015-04-29,1430345137,Charged,SO-02F,夜桜　ライブ壁紙,com.quan.lwp.fallingleaveslwp,paidapp,,JPY,99.00,0.00,99.00,,,4700134,JP
1366471227058400,2015-04-29,1430348134,Charged,C6603,夜桜　ライブ壁紙,com.quan.lwp.fallingleaveslwp,paidapp,,JPY,99.00,0.00,99.00,,,4240871,JP
