Description,Transaction Date,Transaction Time,Tax Type,Transaction Type,Refund Type,Product Title,Product id,Product Type,Sku Id,Hardware,Buyer Country,Buyer State,Buyer Postal Code,Buyer Currency,Amount (Buyer Currency),Currency Conversion Rate,Merchant Currency,Amount (Merchant Currency)
1372-2432-8706-09572,"Sep 1, 2015",2:25:56 PM PDT,,Charge,,夜桜　ライブ壁紙,com.quan.lwp.fallingleaveslwp,0,,SOL24,JP,,222-0001,JPY,99.00,1.000000,JPY,99.00
1372-2432-8706-09572,"Sep 1, 2015",2:25:56 PM PDT,,Google fee,,夜桜　ライブ壁紙,com.quan.lwp.fallingleaveslwp,0,,SOL24,JP,,222-0001,JPY,-30.00,1.000000,JPY,-30.00
1313-7703-7513-73713,"Sep 1, 2015",2:33:48 PM PDT,,Charge,,夜桜 HD ライブ壁紙,com.dhearts.lwp.cherryblossom_2,0,,SOL24,JP,,222-0001,JPY,119.00,1.000000,JPY,119.00
1313-7703-7513-73713,"Sep 1, 2015",2:33:48 PM PDT,,Google fee,,夜桜 HD ライブ壁紙,com.dhearts.lwp.cherryblossom_2,0,,SOL24,JP,,222-0001,JPY,-36.00,1.000000,JPY,-36.00
1393-2404-1458-16420,"Sep 2, 2015",8:21:58 AM PDT,,Charge,,夜桜　ライブ壁紙,com.quan.lwp.fallingleaveslwp,0,,zeroltechn,JP,,104-0061,JPY,99.00,1.000000,JPY,99.00
1393-2404-1458-16420,"Sep 2, 2015",8:21:58 AM PDT,,Google fee,,夜桜　ライブ壁紙,com.quan.lwp.fallingleaveslwp,0,,zeroltechn,JP,,104-0061,JPY,-30.00,1.000000,JPY,-30.00
1310-6872-8412-38903,"Sep 2, 2015",4:54:33 PM PDT,,Charge,,夜桜　ライブ壁紙,com.quan.lwp.fallingleaveslwp,0,,SHV31,JP,,5140124,JPY,99.00,1.000000,JPY,99.00
1310-6872-8412-38903,"Sep 2, 2015",4:54:33 PM PDT,,Google fee,,夜桜　ライブ壁紙,com.quan.lwp.fallingleaveslwp,0,,SHV31,JP,,5140124,JPY,-30.00,1.000000,JPY,-30.00
1398-6104-9288-55520,"Sep 2, 2015",5:55:25 PM PDT,,Charge,,夜桜　ライブ壁紙,com.quan.lwp.fallingleaveslwp,0,,klte,NO,,3269,NOK,6.03,14.600000,JPY,88.00
1398-6104-9288-55520,"Sep 2, 2015",5:55:25 PM PDT,,Google fee,,夜桜　ライブ壁紙,com.quan.lwp.fallingleaveslwp,0,,klte,NO,,3269,NOK,-1.81,14.600000,JPY,-26.00
1312-7591-9099-58980,"Sep 2, 2015",11:59:56 PM PDT,,Charge,,夜桜 HD ライブ壁紙,com.dhearts.lwp.cherryblossom_2,0,,SO-01G,JP,,866-0074,JPY,119.00,1.000000,JPY,119.00
1312-7591-9099-58980,"Sep 2, 2015",11:59:56 PM PDT,,Google fee,,夜桜 HD ライブ壁紙,com.dhearts.lwp.cherryblossom_2,0,,SO-01G,JP,,866-0074,JPY,-36.00,1.000000,JPY,-36.00
1302-8787-6811-29396,"Sep 3, 2015",2:53:01 AM PDT,,Charge,,夜桜 HD ライブ壁紙,com.dhearts.lwp.cherryblossom_2,0,,KYT31,JP,京都府,6110013,JPY,119.00,1.000000,JPY,119.00
1302-8787-6811-29396,"Sep 3, 2015",2:53:01 AM PDT,,Google fee,,夜桜 HD ライブ壁紙,com.dhearts.lwp.cherryblossom_2,0,,KYT31,JP,京都府,6110013,JPY,-36.00,1.000000,JPY,-36.00
1323-4830-6122-62866,"Sep 3, 2015",10:22:56 AM PDT,,Charge,,夜桜 HD ライブ壁紙,com.dhearts.lwp.cherryblossom_2,0,,SH-01F,JP,,0340302,JPY,119.00,1.000000,JPY,119.00
1323-4830-6122-62866,"Sep 3, 2015",10:22:56 AM PDT,,Google fee,,夜桜 HD ライブ壁紙,com.dhearts.lwp.cherryblossom_2,0,,SH-01F,JP,,0340302,JPY,-36.00,1.000000,JPY,-36.00
1334-5686-2882-49972,"Sep 3, 2015",1:40:02 PM PDT,,Charge,,夜桜 HD ライブ壁紙,com.dhearts.lwp.cherryblossom_2,0,,SO-03G,JP,,7800843,JPY,119.00,1.000000,JPY,119.00
1334-5686-2882-49972,"Sep 3, 2015",1:40:02 PM PDT,,Google fee,,夜桜 HD ライブ壁紙,com.dhearts.lwp.cherryblossom_2,0,,SO-03G,JP,,7800843,JPY,-36.00,1.000000,JPY,-36.00
1345-9817-0502-28316,"Sep 3, 2015",1:50:33 PM PDT,,Charge,,夜桜　ライブ壁紙,com.quan.lwp.fallingleaveslwp,0,,SOV31,JP,,741-0072,JPY,99.00,1.000000,JPY,99.00
1345-9817-0502-28316,"Sep 3, 2015",1:50:33 PM PDT,,Google fee,,夜桜　ライブ壁紙,com.quan.lwp.fallingleaveslwp,0,,SOV31,JP,,741-0072,JPY,-30.00,1.000000,JPY,-30.00
1300-2128-7391-82250,"Sep 3, 2015",4:14:31 PM PDT,,Charge,,夜桜　ライブ壁紙,com.quan.lwp.fallingleaveslwp,0,,SO-01G,JP,,557-0061,JPY,99.00,1.000000,JPY,99.00
1300-2128-7391-82250,"Sep 3, 2015",4:14:31 PM PDT,,Google fee,,夜桜　ライブ壁紙,com.quan.lwp.fallingleaveslwp,0,,SO-01G,JP,,557-0061,JPY,-30.00,1.000000,JPY,-30.00
1318-2247-5896-08384,"Sep 4, 2015",10:37:27 AM PDT,,Charge,,夜桜　ライブ壁紙,com.quan.lwp.fallingleaveslwp,0,,SHV31,JP,,1310044,JPY,99.00,1.000000,JPY,99.00
1318-2247-5896-08384,"Sep 4, 2015",10:37:27 AM PDT,,Google fee,,夜桜　ライブ壁紙,com.quan.lwp.fallingleaveslwp,0,,SHV31,JP,,1310044,JPY,-30.00,1.000000,JPY,-30.00
1349-1738-4096-96527,"Sep 4, 2015",11:20:32 AM PDT,,Charge,,夜桜　ライブ壁紙,com.quan.lwp.fallingleaveslwp,0,,SHV32,JP,兵庫県,6780258,JPY,99.00,1.000000,JPY,99.00
1349-1738-4096-96527,"Sep 4, 2015",11:20:32 AM PDT,,Google fee,,夜桜　ライブ壁紙,com.quan.lwp.fallingleaveslwp,0,,SHV32,JP,兵庫県,6780258,JPY,-30.00,1.000000,JPY,-30.00
1340-8371-7647-66138,"Sep 4, 2015",11:24:15 AM PDT,,Charge,,夜桜 HD ライブ壁紙,com.dhearts.lwp.cherryblossom_2,0,,SHV31,JP,,1310044,JPY,119.00,1.000000,JPY,119.00
1340-8371-7647-66138,"Sep 4, 2015",11:24:15 AM PDT,,Google fee,,夜桜 HD ライブ壁紙,com.dhearts.lwp.cherryblossom_2,0,,SHV31,JP,,1310044,JPY,-36.00,1.000000,JPY,-36.00
1394-1689-5612-76589,"Sep 4, 2015",12:36:40 PM PDT,,Charge,,夜桜　ライブ壁紙,com.quan.lwp.fallingleaveslwp,0,,C6603,HK,-,,HKD,8.14,15.363000,JPY,125.00
1394-1689-5612-76589,"Sep 4, 2015",12:36:40 PM PDT,,Google fee,,夜桜　ライブ壁紙,com.quan.lwp.fallingleaveslwp,0,,C6603,HK,-,,HKD,-2.44,15.363000,JPY,-37.00
1366-1627-0820-70684,"Sep 4, 2015",2:57:57 PM PDT,,Charge,,夜桜　ライブ壁紙,com.quan.lwp.fallingleaveslwp,0,,dior,HK,,,HKD,8.14,15.359000,JPY,125.00
1366-1627-0820-70684,"Sep 4, 2015",2:57:57 PM PDT,,Google fee,,夜桜　ライブ壁紙,com.quan.lwp.fallingleaveslwp,0,,dior,HK,,,HKD,-2.44,15.359000,JPY,-37.00
1367-6595-1620-10339,"Sep 4, 2015",9:15:49 PM PDT,,Charge,,夜桜　ライブ壁紙,com.quan.lwp.fallingleaveslwp,0,,SOV31,JP,,4490034,JPY,99.00,1.000000,JPY,99.00
1367-6595-1620-10339,"Sep 4, 2015",9:15:49 PM PDT,,Google fee,,夜桜　ライブ壁紙,com.quan.lwp.fallingleaveslwp,0,,SOV31,JP,,4490034,JPY,-30.00,1.000000,JPY,-30.00
1357-5836-7013-80692,"Sep 4, 2015",10:14:05 PM PDT,,Charge,,夜桜 HD ライブ壁紙,com.dhearts.lwp.cherryblossom_2,0,,SC-04E,JP,,6700808,JPY,119.00,1.000000,JPY,119.00
1357-5836-7013-80692,"Sep 4, 2015",10:14:05 PM PDT,,Google fee,,夜桜 HD ライブ壁紙,com.dhearts.lwp.cherryblossom_2,0,,SC-04E,JP,,6700808,JPY,-36.00,1.000000,JPY,-36.00
1308-5483-5538-96248,"Sep 4, 2015",11:21:21 PM PDT,,Charge,,夜桜　ライブ壁紙,com.quan.lwp.fallingleaveslwp,0,,SOL26,JP,,8540301,JPY,99.00,1.000000,JPY,99.00
1308-5483-5538-96248,"Sep 4, 2015",11:21:21 PM PDT,,Google fee,,夜桜　ライブ壁紙,com.quan.lwp.fallingleaveslwp,0,,SOL26,JP,,8540301,JPY,-30.00,1.000000,JPY,-30.00
1359-6789-6954-63676,"Sep 5, 2015",6:06:59 AM PDT,,Charge,,夜桜　ライブ壁紙,com.quan.lwp.fallingleaveslwp,0,,SO-01G,JP,,1830022,JPY,99.00,1.000000,JPY,99.00
1359-6789-6954-63676,"Sep 5, 2015",6:06:59 AM PDT,,Google fee,,夜桜　ライブ壁紙,com.quan.lwp.fallingleaveslwp,0,,SO-01G,JP,,1830022,JPY,-30.00,1.000000,JPY,-30.00
1354-6749-2580-83984,"Sep 5, 2015",1:51:21 PM PDT,,Charge,,夜桜　ライブ壁紙,com.quan.lwp.fallingleaveslwp,0,,SCL23,JP,,0121134,JPY,99.00,1.000000,JPY,99.00
1354-6749-2580-83984,"Sep 5, 2015",1:51:21 PM PDT,,Google fee,,夜桜　ライブ壁紙,com.quan.lwp.fallingleaveslwp,0,,SCL23,JP,,0121134,JPY,-30.00,1.000000,JPY,-30.00
1307-7124-2581-42846,"Sep 5, 2015",11:20:13 PM PDT,,Charge,,夜桜 HD ライブ壁紙,com.dhearts.lwp.cherryblossom_2,0,,SH-03G,JP,岐阜県,508-0101,JPY,119.00,1.000000,JPY,119.00
1307-7124-2581-42846,"Sep 5, 2015",11:20:13 PM PDT,,Google fee,,夜桜 HD ライブ壁紙,com.dhearts.lwp.cherryblossom_2,0,,SH-03G,JP,岐阜県,508-0101,JPY,-36.00,1.000000,JPY,-36.00
1315-2117-1593-55953,"Sep 6, 2015",2:10:19 AM PDT,,Charge,,夜桜　ライブ壁紙,com.quan.lwp.fallingleaveslwp,0,,SG304SH,JP,,671-1663,JPY,99.00,1.000000,JPY,99.00
1315-2117-1593-55953,"Sep 6, 2015",2:10:19 AM PDT,,Google fee,,夜桜　ライブ壁紙,com.quan.lwp.fallingleaveslwp,0,,SG304SH,JP,,671-1663,JPY,-30.00,1.000000,JPY,-30.00
1302-9646-7447-69301,"Sep 6, 2015",3:35:13 PM PDT,,Charge,,夜桜 HD ライブ壁紙,com.dhearts.lwp.cherryblossom_2,0,,SH02E,JP,千葉県,273-0043,JPY,119.00,1.000000,JPY,119.00
1302-9646-7447-69301,"Sep 6, 2015",3:35:13 PM PDT,,Google fee,,夜桜 HD ライブ壁紙,com.dhearts.lwp.cherryblossom_2,0,,SH02E,JP,千葉県,273-0043,JPY,-36.00,1.000000,JPY,-36.00
1300-2767-1661-79523,"Sep 7, 2015",1:04:54 PM PDT,,Charge,,夜桜　ライブ壁紙,com.quan.lwp.fallingleaveslwp,0,,SOV31,JP,,523-0055,JPY,99.00,1.000000,JPY,99.00
1300-2767-1661-79523,"Sep 7, 2015",1:04:54 PM PDT,,Google fee,,夜桜　ライブ壁紙,com.quan.lwp.fallingleaveslwp,0,,SOV31,JP,,523-0055,JPY,-30.00,1.000000,JPY,-30.00
1394-4094-3227-12380,"Sep 7, 2015",1:05:41 PM PDT,,Charge,,紅葉 HD ライブ壁紙,com.dhearts.lwp.momiji_2,0,,SOV31,JP,,523-0055,JPY,119.00,1.000000,JPY,119.00
1394-4094-3227-12380,"Sep 7, 2015",1:05:41 PM PDT,,Google fee,,紅葉 HD ライブ壁紙,com.dhearts.lwp.momiji_2,0,,SOV31,JP,,523-0055,JPY,-36.00,1.000000,JPY,-36.00
1358-6936-3827-92574,"Sep 7, 2015",1:08:28 PM PDT,,Charge,,夜桜 HD ライブ壁紙,com.dhearts.lwp.cherryblossom_2,0,,SOV31,JP,,523-0055,JPY,119.00,1.000000,JPY,119.00
1358-6936-3827-92574,"Sep 7, 2015",1:08:28 PM PDT,,Google fee,,夜桜 HD ライブ壁紙,com.dhearts.lwp.cherryblossom_2,0,,SOV31,JP,,523-0055,JPY,-36.00,1.000000,JPY,-36.00
1367-3652-6708-51091,"Sep 7, 2015",4:10:10 PM PDT,,Charge,,夜桜 HD ライブ壁紙,com.dhearts.lwp.cherryblossom_2,0,,SC-04E,JP,,7290417,JPY,119.00,1.000000,JPY,119.00
1367-3652-6708-51091,"Sep 7, 2015",4:10:10 PM PDT,,Google fee,,夜桜 HD ライブ壁紙,com.dhearts.lwp.cherryblossom_2,0,,SC-04E,JP,,7290417,JPY,-36.00,1.000000,JPY,-36.00
1339-8520-9217-02830,"Sep 8, 2015",2:27:53 PM PDT,,Charge,,夜桜 HD ライブ壁紙,com.dhearts.lwp.cherryblossom_2,0,,KYT31,JP,,334-0002,JPY,119.00,1.000000,JPY,119.00
1339-8520-9217-02830,"Sep 8, 2015",2:27:53 PM PDT,,Google fee,,夜桜 HD ライブ壁紙,com.dhearts.lwp.cherryblossom_2,0,,KYT31,JP,,334-0002,JPY,-36.00,1.000000,JPY,-36.00
1303-2137-3120-13014,"Sep 9, 2015",8:03:56 AM PDT,,Charge,,夜桜　ライブ壁紙,com.quan.lwp.fallingleaveslwp,0,,SC-03E,JP,,346-0115,JPY,99.00,1.000000,JPY,99.00
1303-2137-3120-13014,"Sep 9, 2015",8:03:56 AM PDT,,Google fee,,夜桜　ライブ壁紙,com.quan.lwp.fallingleaveslwp,0,,SC-03E,JP,,346-0115,JPY,-30.00,1.000000,JPY,-30.00
1353-0260-1192-17860,"Sep 9, 2015",11:33:51 AM PDT,,Charge,,夜桜 HD ライブ壁紙,com.dhearts.lwp.cherryblossom_2,0,,KYT31,JP,千葉県,260-0801,JPY,119.00,1.000000,JPY,119.00
1353-0260-1192-17860,"Sep 9, 2015",11:33:51 AM PDT,,Google fee,,夜桜 HD ライブ壁紙,com.dhearts.lwp.cherryblossom_2,0,,KYT31,JP,千葉県,260-0801,JPY,-36.00,1.000000,JPY,-36.00
1310-7338-4738-73466,"Sep 9, 2015",10:25:00 PM PDT,,Charge,,夜桜　ライブ壁紙,com.quan.lwp.fallingleaveslwp,0,,SH09D,JP,,509-0124,JPY,99.00,1.000000,JPY,99.00
1310-7338-4738-73466,"Sep 9, 2015",10:25:00 PM PDT,,Google fee,,夜桜　ライブ壁紙,com.quan.lwp.fallingleaveslwp,0,,SH09D,JP,,509-0124,JPY,-30.00,1.000000,JPY,-30.00
1308-4069-2118-86951,"Sep 10, 2015",6:34:20 AM PDT,,Charge,,紅葉 HD ライブ壁紙,com.dhearts.lwp.momiji_2,0,,SH-04F,JP,茨城県,314-0115,JPY,119.00,1.000000,JPY,119.00
1308-4069-2118-86951,"Sep 10, 2015",6:34:20 AM PDT,,Google fee,,紅葉 HD ライブ壁紙,com.dhearts.lwp.momiji_2,0,,SH-04F,JP,茨城県,314-0115,JPY,-36.00,1.000000,JPY,-36.00
1305-8575-4955-54171,"Sep 10, 2015",8:35:01 AM PDT,,Charge,,夜桜 HD ライブ壁紙,com.dhearts.lwp.cherryblossom_2,0,,SO-05G,JP,,4110801,JPY,119.00,1.000000,JPY,119.00
1305-8575-4955-54171,"Sep 10, 2015",8:35:01 AM PDT,,Google fee,,夜桜 HD ライブ壁紙,com.dhearts.lwp.cherryblossom_2,0,,SO-05G,JP,,4110801,JPY,-36.00,1.000000,JPY,-36.00
1332-9593-9693-30348,"Sep 10, 2015",8:43:16 AM PDT,,Charge,,夜桜 HD ライブ壁紙,com.dhearts.lwp.cherryblossom_2,0,,SC-02G,JP,愛知県,4441305,JPY,119.00,1.000000,JPY,119.00
1332-9593-9693-30348,"Sep 10, 2015",8:43:16 AM PDT,,Google fee,,夜桜 HD ライブ壁紙,com.dhearts.lwp.cherryblossom_2,0,,SC-02G,JP,愛知県,4441305,JPY,-36.00,1.000000,JPY,-36.00
1307-2884-2993-89799,"Sep 10, 2015",12:10:28 PM PDT,,Charge,,夜桜 HD ライブ壁紙,com.dhearts.lwp.cherryblossom_2,0,,SC-03G,JP,,260-0804,JPY,119.00,1.000000,JPY,119.00
1307-2884-2993-89799,"Sep 10, 2015",12:10:28 PM PDT,,Google fee,,夜桜 HD ライブ壁紙,com.dhearts.lwp.cherryblossom_2,0,,SC-03G,JP,,260-0804,JPY,-36.00,1.000000,JPY,-36.00
1399-1285-0285-52801,"Sep 10, 2015",1:48:08 PM PDT,,Charge,,夜桜　ライブ壁紙,com.quan.lwp.fallingleaveslwp,0,,SH-04F,JP,愛媛県,7920802,JPY,99.00,1.000000,JPY,99.00
1399-1285-0285-52801,"Sep 10, 2015",1:48:08 PM PDT,,Google fee,,夜桜　ライブ壁紙,com.quan.lwp.fallingleaveslwp,0,,SH-04F,JP,愛媛県,7920802,JPY,-30.00,1.000000,JPY,-30.00
1377-3575-8397-27808,"Sep 10, 2015",2:32:10 PM PDT,,Charge,,夜桜　ライブ壁紙,com.quan.lwp.fallingleaveslwp,0,,hwALE-H,JP,,2100848,JPY,99.00,1.000000,JPY,99.00
1377-3575-8397-27808,"Sep 10, 2015",2:32:10 PM PDT,,Google fee,,夜桜　ライブ壁紙,com.quan.lwp.fallingleaveslwp,0,,hwALE-H,JP,,2100848,JPY,-30.00,1.000000,JPY,-30.00
1339-4761-9492-22774,"Sep 10, 2015",3:03:38 PM PDT,,Charge,,紅葉 HD ライブ壁紙,com.dhearts.lwp.momiji_2,0,,SC-01G,JP,,5720080,JPY,119.00,1.000000,JPY,119.00
1339-4761-9492-22774,"Sep 10, 2015",3:03:38 PM PDT,,Google fee,,紅葉 HD ライブ壁紙,com.dhearts.lwp.momiji_2,0,,SC-01G,JP,,5720080,JPY,-36.00,1.000000,JPY,-36.00
1385-1620-7082-42613,"Sep 10, 2015",11:51:32 PM PDT,,Charge,,紅葉 HD ライブ壁紙,com.dhearts.lwp.momiji_2,0,,p1,JP,,273-0002,JPY,119.00,1.000000,JPY,119.00
1385-1620-7082-42613,"Sep 10, 2015",11:51:32 PM PDT,,Google fee,,紅葉 HD ライブ壁紙,com.dhearts.lwp.momiji_2,0,,p1,JP,,273-0002,JPY,-36.00,1.000000,JPY,-36.00
1322-2821-5394-21663,"Sep 11, 2015",10:12:03 AM PDT,,Charge,,夜桜 HD ライブ壁紙,com.dhearts.lwp.cherryblossom_2,0,,SBM206SH,JP,,4850825,JPY,119.00,1.000000,JPY,119.00
1322-2821-5394-21663,"Sep 11, 2015",10:12:03 AM PDT,,Google fee,,夜桜 HD ライブ壁紙,com.dhearts.lwp.cherryblossom_2,0,,SBM206SH,JP,,4850825,JPY,-36.00,1.000000,JPY,-36.00
1325-1747-5898-22535,"Sep 11, 2015",6:14:09 PM PDT,,Charge,,夜桜 HD ライブ壁紙,com.dhearts.lwp.cherryblossom_2,0,,SHL21,JP,,1250051,JPY,119.00,1.000000,JPY,119.00
1325-1747-5898-22535,"Sep 11, 2015",6:14:09 PM PDT,,Google fee,,夜桜 HD ライブ壁紙,com.dhearts.lwp.cherryblossom_2,0,,SHL21,JP,,1250051,JPY,-36.00,1.000000,JPY,-36.00
1315-3494-7777-51115,"Sep 11, 2015",9:40:27 PM PDT,,Charge,,紅葉 HD ライブ壁紙,com.dhearts.lwp.momiji_2,0,,SH-05G,JP,群馬県,3700602,JPY,119.00,1.000000,JPY,119.00
1315-3494-7777-51115,"Sep 11, 2015",9:40:27 PM PDT,,Google fee,,紅葉 HD ライブ壁紙,com.dhearts.lwp.momiji_2,0,,SH-05G,JP,群馬県,3700602,JPY,-36.00,1.000000,JPY,-36.00
1321-6256-3999-53189,"Sep 12, 2015",9:38:36 PM PDT,,Charge,,紅葉 HD ライブ壁紙,com.dhearts.lwp.momiji_2,0,,SHL24,JP,,6011463,JPY,119.00,1.000000,JPY,119.00
1321-6256-3999-53189,"Sep 12, 2015",9:38:36 PM PDT,,Google fee,,紅葉 HD ライブ壁紙,com.dhearts.lwp.momiji_2,0,,SHL24,JP,,6011463,JPY,-36.00,1.000000,JPY,-36.00
1316-9414-4639-27405,"Sep 13, 2015",1:14:13 AM PDT,,Charge,,夜桜　ライブ壁紙,com.quan.lwp.fallingleaveslwp,0,,404SC,JP,,4480805,JPY,99.00,1.000000,JPY,99.00
1316-9414-4639-27405,"Sep 13, 2015",1:14:13 AM PDT,,Google fee,,夜桜　ライブ壁紙,com.quan.lwp.fallingleaveslwp,0,,404SC,JP,,4480805,JPY,-30.00,1.000000,JPY,-30.00
1334-4827-4199-73042,"Sep 13, 2015",1:33:04 AM PDT,,Charge,,夜桜　ライブ壁紙,com.quan.lwp.fallingleaveslwp,0,,D6653,JP,,6440094,JPY,99.00,1.000000,JPY,99.00
1334-4827-4199-73042,"Sep 13, 2015",1:33:04 AM PDT,,Google fee,,夜桜　ライブ壁紙,com.quan.lwp.fallingleaveslwp,0,,D6653,JP,,6440094,JPY,-30.00,1.000000,JPY,-30.00
1368-0058-0854-61310,"Sep 13, 2015",2:34:25 AM PDT,,Charge,,夜桜 HD ライブ壁紙,com.dhearts.lwp.cherryblossom_2,0,,SC-02F,JP,大分県,8790122,JPY,119.00,1.000000,JPY,119.00
1368-0058-0854-61310,"Sep 13, 2015",2:34:25 AM PDT,,Google fee,,夜桜 HD ライブ壁紙,com.dhearts.lwp.cherryblossom_2,0,,SC-02F,JP,大分県,8790122,JPY,-36.00,1.000000,JPY,-36.00
1319-8899-8643-78206,"Sep 13, 2015",2:41:03 AM PDT,,Charge,,夜桜　ライブ壁紙,com.quan.lwp.fallingleaveslwp,0,,SG305SH,JP,,3340001,JPY,99.00,1.000000,JPY,99.00
1319-8899-8643-78206,"Sep 13, 2015",2:41:03 AM PDT,,Google fee,,夜桜　ライブ壁紙,com.quan.lwp.fallingleaveslwp,0,,SG305SH,JP,,3340001,JPY,-30.00,1.000000,JPY,-30.00
1364-9555-5958-08375,"Sep 13, 2015",8:21:35 AM PDT,,Charge,,夜桜　ライブ壁紙,com.quan.lwp.fallingleaveslwp,0,,404KC,JP,,329-1105,JPY,99.00,1.000000,JPY,99.00
1364-9555-5958-08375,"Sep 13, 2015",8:21:35 AM PDT,,Google fee,,夜桜　ライブ壁紙,com.quan.lwp.fallingleaveslwp,0,,404KC,JP,,329-1105,JPY,-30.00,1.000000,JPY,-30.00
1346-0841-4301-72443,"Sep 13, 2015",5:58:32 PM PDT,,Charge,,Cherry blossom LiveWallpaper,com.quan.lwp.fallingleaveslwp,0,,gprimeltecan,CA,ON,N0L 1M0,CAD,0.99,90.976000,JPY,90.00
1346-0841-4301-72443,"Sep 13, 2015",5:58:32 PM PDT,,Google fee,,Cherry blossom LiveWallpaper,com.quan.lwp.fallingleaveslwp,0,,gprimeltecan,CA,ON,N0L 1M0,CAD,-0.30,90.976000,JPY,-27.00
1303-5420-0066-22945,"Sep 14, 2015",2:28:03 AM PDT,,Charge,,夜桜　ライブ壁紙,com.quan.lwp.fallingleaveslwp,0,,KYY21,JP,,7314200,JPY,99.00,1.000000,JPY,99.00
1303-5420-0066-22945,"Sep 14, 2015",2:28:03 AM PDT,,Google fee,,夜桜　ライブ壁紙,com.quan.lwp.fallingleaveslwp,0,,KYY21,JP,,7314200,JPY,-30.00,1.000000,JPY,-30.00
1387-1848-8125-23094,"Sep 14, 2015",12:32:24 PM PDT,,Charge,,紅葉 HD ライブ壁紙,com.dhearts.lwp.momiji_2,0,,flo,JP,,4338101,JPY,119.00,1.000000,JPY,119.00
1387-1848-8125-23094,"Sep 14, 2015",12:32:24 PM PDT,,Google fee,,紅葉 HD ライブ壁紙,com.dhearts.lwp.momiji_2,0,,flo,JP,,4338101,JPY,-36.00,1.000000,JPY,-36.00
1384-6915-0335-03963,"Sep 14, 2015",1:27:41 PM PDT,,Charge,,紅葉 HD ライブ壁紙,com.dhearts.lwp.momiji_2,0,,SH-06E,JP,東京都,179-0085,JPY,119.00,1.000000,JPY,119.00
1384-6915-0335-03963,"Sep 14, 2015",1:27:41 PM PDT,,Google fee,,紅葉 HD ライブ壁紙,com.dhearts.lwp.momiji_2,0,,SH-06E,JP,東京都,179-0085,JPY,-36.00,1.000000,JPY,-36.00
1300-0644-3562-77877,"Sep 14, 2015",2:58:35 PM PDT,,Charge,,夜桜 HD ライブ壁紙,com.dhearts.lwp.cherryblossom_2,0,,IQ4514_Quad,RU,,142403,RUB,53.69,1.784000,JPY,96.00
1300-0644-3562-77877,"Sep 14, 2015",2:58:35 PM PDT,,Google fee,,夜桜 HD ライブ壁紙,com.dhearts.lwp.cherryblossom_2,0,,IQ4514_Quad,RU,,142403,RUB,-16.11,1.784000,JPY,-29.00
1357-7294-9367-15005,"Sep 14, 2015",11:30:16 PM PDT,,Charge,,夜桜 HD ライブ壁紙,com.dhearts.lwp.cherryblossom_2,0,,SC-04F,JP,栃木県,321-0166,JPY,119.00,1.000000,JPY,119.00
1357-7294-9367-15005,"Sep 14, 2015",11:30:16 PM PDT,,Google fee,,夜桜 HD ライブ壁紙,com.dhearts.lwp.cherryblossom_2,0,,SC-04F,JP,栃木県,321-0166,JPY,-36.00,1.000000,JPY,-36.00
1355-5819-7158-04262,"Sep 15, 2015",5:46:13 AM PDT,,Charge,,夜桜　ライブ壁紙,com.quan.lwp.fallingleaveslwp,0,,SO-02G,JP,,0340071,JPY,99.00,1.000000,JPY,99.00
1355-5819-7158-04262,"Sep 15, 2015",5:46:13 AM PDT,,Google fee,,夜桜　ライブ壁紙,com.quan.lwp.fallingleaveslwp,0,,SO-02G,JP,,0340071,JPY,-30.00,1.000000,JPY,-30.00
1328-4488-9511-04897,"Sep 15, 2015",9:10:12 AM PDT,,Charge,,夜桜　ライブ壁紙,com.quan.lwp.fallingleaveslwp,0,,SHL21,JP,,712-8001,JPY,99.00,1.000000,JPY,99.00
1328-4488-9511-04897,"Sep 15, 2015",9:10:12 AM PDT,,Google fee,,夜桜　ライブ壁紙,com.quan.lwp.fallingleaveslwp,0,,SHL21,JP,,712-8001,JPY,-30.00,1.000000,JPY,-30.00
1392-0829-2788-38854,"Sep 15, 2015",9:12:34 AM PDT,,Charge,,紅葉 HD ライブ壁紙,com.dhearts.lwp.momiji_2,0,,SHL21,JP,,712-8001,JPY,119.00,1.000000,JPY,119.00
1392-0829-2788-38854,"Sep 15, 2015",9:12:34 AM PDT,,Google fee,,紅葉 HD ライブ壁紙,com.dhearts.lwp.momiji_2,0,,SHL21,JP,,712-8001,JPY,-36.00,1.000000,JPY,-36.00
1304-7191-2995-69873,"Sep 15, 2015",10:01:11 AM PDT,,Charge,,紅葉 HD ライブ壁紙,com.dhearts.lwp.momiji_2,0,,SGP312,JP,,3770416,JPY,119.00,1.000000,JPY,119.00
1304-7191-2995-69873,"Sep 15, 2015",10:01:11 AM PDT,,Google fee,,紅葉 HD ライブ壁紙,com.dhearts.lwp.momiji_2,0,,SGP312,JP,,3770416,JPY,-36.00,1.000000,JPY,-36.00
1372-2628-9919-71667,"Sep 15, 2015",12:05:15 PM PDT,,Charge,,紅葉 HD ライブ壁紙,com.dhearts.lwp.momiji_2,0,,SO-03E,JP,,4870035,JPY,119.00,1.000000,JPY,119.00
1372-2628-9919-71667,"Sep 15, 2015",12:05:15 PM PDT,,Google fee,,紅葉 HD ライブ壁紙,com.dhearts.lwp.momiji_2,0,,SO-03E,JP,,4870035,JPY,-36.00,1.000000,JPY,-36.00
1329-6133-3819-03968,"Sep 15, 2015",1:06:21 PM PDT,,Charge,,Autumn Leaves HD LiveWallpaper,com.dhearts.lwp.momiji_2,0,,jfltevzw,US,WA,98275,USD,0.99,120.460000,JPY,119.00
1329-6133-3819-03968,"Sep 15, 2015",1:06:21 PM PDT,,Google fee,,Autumn Leaves HD LiveWallpaper,com.dhearts.lwp.momiji_2,0,,jfltevzw,US,WA,98275,USD,-0.30,120.460000,JPY,-36.00
1324-8286-9727-60922,"Sep 15, 2015",1:17:45 PM PDT,,Charge,,夜桜　ライブ壁紙,com.quan.lwp.fallingleaveslwp,0,,SG402SH,JP,,6610977,JPY,99.00,1.000000,JPY,99.00
1324-8286-9727-60922,"Sep 15, 2015",1:17:45 PM PDT,,Google fee,,夜桜　ライブ壁紙,com.quan.lwp.fallingleaveslwp,0,,SG402SH,JP,,6610977,JPY,-30.00,1.000000,JPY,-30.00
1389-7759-3798-41690,"Sep 15, 2015",1:42:37 PM PDT,,Charge,,紅葉 HD ライブ壁紙,com.dhearts.lwp.momiji_2,0,,SBM303SH,JP,宮城県,9861111,JPY,119.00,1.000000,JPY,119.00
1389-7759-3798-41690,"Sep 15, 2015",1:42:37 PM PDT,,Google fee,,紅葉 HD ライブ壁紙,com.dhearts.lwp.momiji_2,0,,SBM303SH,JP,宮城県,9861111,JPY,-36.00,1.000000,JPY,-36.00
1327-3265-8145-53115,"Sep 15, 2015",5:35:54 PM PDT,,Charge,,夜桜 HD ライブ壁紙,com.dhearts.lwp.cherryblossom_2,0,,SHL21,JP,,183-0005,JPY,119.00,1.000000,JPY,119.00
1327-3265-8145-53115,"Sep 15, 2015",5:35:54 PM PDT,,Google fee,,夜桜 HD ライブ壁紙,com.dhearts.lwp.cherryblossom_2,0,,SHL21,JP,,183-0005,JPY,-36.00,1.000000,JPY,-36.00
1385-8457-9360-50370,"Sep 15, 2015",8:03:41 PM PDT,,Charge,,Autumn Leaves HD LiveWallpaper,com.dhearts.lwp.momiji_2,0,,trltevzw,US,VA,20119,USD,0.99,120.310000,JPY,119.00
1385-8457-9360-50370,"Sep 15, 2015",8:03:41 PM PDT,,Google fee,,Autumn Leaves HD LiveWallpaper,com.dhearts.lwp.momiji_2,0,,trltevzw,US,VA,20119,USD,-0.30,120.310000,JPY,-36.00
1371-8245-6624-03350,"Sep 16, 2015",2:18:59 AM PDT,,Charge,,夜桜　ライブ壁紙,com.quan.lwp.fallingleaveslwp,0,,SOV31,JP,,3998304,JPY,99.00,1.000000,JPY,99.00
1371-8245-6624-03350,"Sep 16, 2015",2:18:59 AM PDT,,Google fee,,夜桜　ライブ壁紙,com.quan.lwp.fallingleaveslwp,0,,SOV31,JP,,3998304,JPY,-30.00,1.000000,JPY,-30.00
1328-7621-0695-65813,"Sep 16, 2015",4:41:18 PM PDT,,Charge,,夜桜　ライブ壁紙,com.quan.lwp.fallingleaveslwp,0,,SO-04E,JP,,8700128,JPY,99.00,1.000000,JPY,99.00
1328-7621-0695-65813,"Sep 16, 2015",4:41:18 PM PDT,,Google fee,,夜桜　ライブ壁紙,com.quan.lwp.fallingleaveslwp,0,,SO-04E,JP,,8700128,JPY,-30.00,1.000000,JPY,-30.00
1315-3443-3299-47209,"Sep 16, 2015",4:42:00 PM PDT,,Charge,,夜桜 HD ライブ壁紙,com.dhearts.lwp.cherryblossom_2,0,,SO-04E,JP,,8700128,JPY,119.00,1.000000,JPY,119.00
1315-3443-3299-47209,"Sep 16, 2015",4:42:00 PM PDT,,Google fee,,夜桜 HD ライブ壁紙,com.dhearts.lwp.cherryblossom_2,0,,SO-04E,JP,,8700128,JPY,-36.00,1.000000,JPY,-36.00
1359-2818-9150-47578,"Sep 17, 2015",4:06:36 PM PDT,,Charge,,夜桜 HD ライブ壁紙,com.dhearts.lwp.cherryblossom_2,0,,SG404SH,JP,,960-8254,JPY,119.00,1.000000,JPY,119.00
1359-2818-9150-47578,"Sep 17, 2015",4:06:36 PM PDT,,Google fee,,夜桜 HD ライブ壁紙,com.dhearts.lwp.cherryblossom_2,0,,SG404SH,JP,,960-8254,JPY,-36.00,1.000000,JPY,-36.00
1346-2719-1408-18118,"Sep 17, 2015",7:45:58 PM PDT,,Charge,,Autumn Leaves HD LiveWallpaper,com.dhearts.lwp.momiji_2,0,,degaslte,AT,,1150,EUR,0.88,136.600000,JPY,120.00
1346-2719-1408-18118,"Sep 17, 2015",7:45:58 PM PDT,,Google fee,,Autumn Leaves HD LiveWallpaper,com.dhearts.lwp.momiji_2,0,,degaslte,AT,,1150,EUR,-0.26,136.600000,JPY,-36.00
1379-2555-4259-01849,"Sep 18, 2015",3:33:18 PM PDT,,Charge,,紅葉 HD ライブ壁紙,com.dhearts.lwp.momiji_2,0,,Z00A,JP,奈良県,6310074,JPY,119.00,1.000000,JPY,119.00
1379-2555-4259-01849,"Sep 18, 2015",3:33:18 PM PDT,,Google fee,,紅葉 HD ライブ壁紙,com.dhearts.lwp.momiji_2,0,,Z00A,JP,奈良県,6310074,JPY,-36.00,1.000000,JPY,-36.00
1368-9416-8597-86806,"Sep 18, 2015",5:48:20 PM PDT,,Charge,,夜桜　ライブ壁紙,com.quan.lwp.fallingleaveslwp,0,,zenlte,HK,香港島,,HKD,8.14,15.480000,JPY,126.00
1368-9416-8597-86806,"Sep 18, 2015",5:48:20 PM PDT,,Google fee,,夜桜　ライブ壁紙,com.quan.lwp.fallingleaveslwp,0,,zenlte,HK,香港島,,HKD,-2.44,15.480000,JPY,-38.00
1333-2599-2689-84372,"Sep 18, 2015",11:21:17 PM PDT,,Charge,,Autumn Leaves HD LiveWallpaper,com.dhearts.lwp.momiji_2,0,,loganrelte,NZ,,1024,NZD,1.55,76.829000,JPY,119.00
1333-2599-2689-84372,"Sep 18, 2015",11:21:17 PM PDT,,Google fee,,Autumn Leaves HD LiveWallpaper,com.dhearts.lwp.momiji_2,0,,loganrelte,NZ,,1024,NZD,-0.47,76.829000,JPY,-36.00
1343-6593-5641-63388,"Sep 19, 2015",8:59:38 AM PDT,,Charge,,夜桜　ライブ壁紙,com.quan.lwp.fallingleaveslwp,0,,hwALE-H,JP,,561-0815,JPY,99.00,1.000000,JPY,99.00
1343-6593-5641-63388,"Sep 19, 2015",8:59:38 AM PDT,,Google fee,,夜桜　ライブ壁紙,com.quan.lwp.fallingleaveslwp,0,,hwALE-H,JP,,561-0815,JPY,-30.00,1.000000,JPY,-30.00
1383-4161-0927-17870,"Sep 19, 2015",1:01:26 PM PDT,,Charge,,紅葉 HD ライブ壁紙,com.dhearts.lwp.momiji_2,0,,SH-02G,JP,,961-0854,JPY,119.00,1.000000,JPY,119.00
1383-4161-0927-17870,"Sep 19, 2015",1:01:26 PM PDT,,Google fee,,紅葉 HD ライブ壁紙,com.dhearts.lwp.momiji_2,0,,SH-02G,JP,,961-0854,JPY,-36.00,1.000000,JPY,-36.00
1388-8946-8572-51974,"Sep 19, 2015",1:38:53 PM PDT,,Charge,,夜桜　ライブ壁紙,com.quan.lwp.fallingleaveslwp,0,,SC-04G,JP,,2320063,JPY,99.00,1.000000,JPY,99.00
1388-8946-8572-51974,"Sep 19, 2015",1:38:53 PM PDT,,Google fee,,夜桜　ライブ壁紙,com.quan.lwp.fallingleaveslwp,0,,SC-04G,JP,,2320063,JPY,-30.00,1.000000,JPY,-30.00
1314-5490-4660-62277,"Sep 20, 2015",2:23:11 AM PDT,,Charge,,紅葉 HD ライブ壁紙,com.dhearts.lwp.momiji_2,0,,htc_b3uhl,JP,,530-0035,JPY,119.00,1.000000,JPY,119.00
1314-5490-4660-62277,"Sep 20, 2015",2:23:11 AM PDT,,Google fee,,紅葉 HD ライブ壁紙,com.dhearts.lwp.momiji_2,0,,htc_b3uhl,JP,,530-0035,JPY,-36.00,1.000000,JPY,-36.00
1381-3408-0873-51645,"Sep 20, 2015",3:02:45 AM PDT,,Charge,,Cherry blossom LiveWallpaper,com.quan.lwp.fallingleaveslwp,0,,htc_m8,SA,,11345,SAR,4.00,31.999000,JPY,128.00
1381-3408-0873-51645,"Sep 20, 2015",3:02:45 AM PDT,,Google fee,,Cherry blossom LiveWallpaper,com.quan.lwp.fallingleaveslwp,0,,htc_m8,SA,,11345,SAR,-1.20,31.999000,JPY,-38.00
1324-7064-7414-50581,"Sep 20, 2015",12:53:40 PM PDT,,Charge,,夜桜 HD ライブ壁紙,com.dhearts.lwp.cherryblossom_2,0,,SHL25,JP,,9200266,JPY,119.00,1.000000,JPY,119.00
1324-7064-7414-50581,"Sep 20, 2015",12:53:40 PM PDT,,Google fee,,夜桜 HD ライブ壁紙,com.dhearts.lwp.cherryblossom_2,0,,SHL25,JP,,9200266,JPY,-36.00,1.000000,JPY,-36.00
1389-3834-2338-75356,"Sep 20, 2015",3:29:54 PM PDT,,Charge,,紅葉 HD ライブ壁紙,com.dhearts.lwp.momiji_2,0,,SH-01F,JP,,5810833,JPY,119.00,1.000000,JPY,119.00
1389-3834-2338-75356,"Sep 20, 2015",3:29:54 PM PDT,,Google fee,,紅葉 HD ライブ壁紙,com.dhearts.lwp.momiji_2,0,,SH-01F,JP,,5810833,JPY,-36.00,1.000000,JPY,-36.00
1344-5309-6136-69014,"Sep 20, 2015",8:45:15 PM PDT,,Charge,,Autumn Leaves HD LiveWallpaper,com.dhearts.lwp.momiji_2,0,,D6503,FR,,75018,EUR,0.88,135.490000,JPY,119.00
1344-5309-6136-69014,"Sep 20, 2015",8:45:15 PM PDT,,Google fee,,Autumn Leaves HD LiveWallpaper,com.dhearts.lwp.momiji_2,0,,D6503,FR,,75018,EUR,-0.26,135.490000,JPY,-35.00
1301-4450-8859-83296,"Sep 21, 2015",6:32:18 AM PDT,,Charge,,夜桜 HD ライブ壁紙,com.dhearts.lwp.cherryblossom_2,0,,F01F,JP,,9620819,JPY,119.00,1.000000,JPY,119.00
1301-4450-8859-83296,"Sep 21, 2015",6:32:18 AM PDT,,Google fee,,夜桜 HD ライブ壁紙,com.dhearts.lwp.cherryblossom_2,0,,F01F,JP,,9620819,JPY,-36.00,1.000000,JPY,-36.00
1339-0401-1448-76922,"Sep 21, 2015",10:15:02 AM PDT,,Charge,,紅葉 HD ライブ壁紙,com.dhearts.lwp.momiji_2,0,,F01F,JP,,9620819,JPY,119.00,1.000000,JPY,119.00
1339-0401-1448-76922,"Sep 21, 2015",10:15:02 AM PDT,,Google fee,,紅葉 HD ライブ壁紙,com.dhearts.lwp.momiji_2,0,,F01F,JP,,9620819,JPY,-36.00,1.000000,JPY,-36.00
1367-8953-5904-69353,"Sep 21, 2015",12:38:34 PM PDT,,Charge,,CherryBlossom HD LiveWallpaper,com.dhearts.lwp.cherryblossom_2,0,,mako,JP,,6008216,JPY,119.00,1.000000,JPY,119.00
1367-8953-5904-69353,"Sep 21, 2015",12:38:34 PM PDT,,Google fee,,CherryBlossom HD LiveWallpaper,com.dhearts.lwp.cherryblossom_2,0,,mako,JP,,6008216,JPY,-36.00,1.000000,JPY,-36.00
1347-2053-2280-43283,"Sep 21, 2015",12:51:16 PM PDT,,Charge,,紅葉 HD ライブ壁紙,com.dhearts.lwp.momiji_2,0,,SO-01G,JP,,1740064,JPY,119.00,1.000000,JPY,119.00
1347-2053-2280-43283,"Sep 21, 2015",12:51:16 PM PDT,,Google fee,,紅葉 HD ライブ壁紙,com.dhearts.lwp.momiji_2,0,,SO-01G,JP,,1740064,JPY,-36.00,1.000000,JPY,-36.00
1325-6127-2884-33913,"Sep 21, 2015",1:31:16 PM PDT,,Charge,,紅葉 HD ライブ壁紙,com.dhearts.lwp.momiji_2,0,,SO-03F,JP,,4870035,JPY,119.00,1.000000,JPY,119.00
1325-6127-2884-33913,"Sep 21, 2015",1:31:16 PM PDT,,Google fee,,紅葉 HD ライブ壁紙,com.dhearts.lwp.momiji_2,0,,SO-03F,JP,,4870035,JPY,-36.00,1.000000,JPY,-36.00
1331-1591-9022-33304,"Sep 21, 2015",1:44:33 PM PDT,,Charge,,夜桜　ライブ壁紙,com.quan.lwp.fallingleaveslwp,0,,SOT21,JP,,0650031,JPY,99.00,1.000000,JPY,99.00
1331-1591-9022-33304,"Sep 21, 2015",1:44:33 PM PDT,,Google fee,,夜桜　ライブ壁紙,com.quan.lwp.fallingleaveslwp,0,,SOT21,JP,,0650031,JPY,-30.00,1.000000,JPY,-30.00
1331-7537-7117-68111,"Sep 21, 2015",3:34:50 PM PDT,,Charge,,Autumn Leaves HD LiveWallpaper,com.dhearts.lwp.momiji_2,0,,trlte,IL,,,ILS,3.90,30.639000,JPY,119.00
1331-7537-7117-68111,"Sep 21, 2015",3:34:50 PM PDT,,Google fee,,Autumn Leaves HD LiveWallpaper,com.dhearts.lwp.momiji_2,0,,trlte,IL,,,ILS,-1.20,30.639000,JPY,-37.00
1349-2940-1258-99973,"Sep 21, 2015",4:49:27 PM PDT,,Charge,,Autumn Leaves HD LiveWallpaper,com.dhearts.lwp.momiji_2,0,,kltevzw,US,CT,06062,USD,0.99,120.520000,JPY,119.00
1349-2940-1258-99973,"Sep 21, 2015",4:49:27 PM PDT,,Google fee,,Autumn Leaves HD LiveWallpaper,com.dhearts.lwp.momiji_2,0,,kltevzw,US,CT,06062,USD,-0.30,120.520000,JPY,-36.00
1370-5127-7933-28944,"Sep 21, 2015",5:21:56 PM PDT,,Charge,,紅葉 HD ライブ壁紙,com.dhearts.lwp.momiji_2,0,,SH-03G,JP,,809-0032,JPY,119.00,1.000000,JPY,119.00
1370-5127-7933-28944,"Sep 21, 2015",5:21:56 PM PDT,,Google fee,,紅葉 HD ライブ壁紙,com.dhearts.lwp.momiji_2,0,,SH-03G,JP,,809-0032,JPY,-36.00,1.000000,JPY,-36.00
1363-7117-2422-12814,"Sep 21, 2015",6:06:32 PM PDT,,Charge,,Autumn Leaves HD LiveWallpaper,com.dhearts.lwp.momiji_2,0,,RCT6303W87DK,US,VA,22033,USD,0.99,120.510000,JPY,119.00
1363-7117-2422-12814,"Sep 21, 2015",6:06:32 PM PDT,,Google fee,,Autumn Leaves HD LiveWallpaper,com.dhearts.lwp.momiji_2,0,,RCT6303W87DK,US,VA,22033,USD,-0.30,120.510000,JPY,-36.00
1308-6084-6367-22958,"Sep 21, 2015",11:55:48 PM PDT,,Charge,,Autumn Leaves HD LiveWallpaper,com.dhearts.lwp.momiji_2,0,,D6603,US,CO,80280,USD,0.99,120.440000,JPY,119.00
1308-6084-6367-22958,"Sep 21, 2015",11:55:48 PM PDT,,Google fee,,Autumn Leaves HD LiveWallpaper,com.dhearts.lwp.momiji_2,0,,D6603,US,CO,80280,USD,-0.30,120.440000,JPY,-36.00
1336-1976-1128-84902,"Sep 22, 2015",12:26:07 AM PDT,,Charge,,夜桜　ライブ壁紙,com.quan.lwp.fallingleaveslwp,0,,SHV32,JP,,899-2524,JPY,99.00,1.000000,JPY,99.00
1336-1976-1128-84902,"Sep 22, 2015",12:26:07 AM PDT,,Google fee,,夜桜　ライブ壁紙,com.quan.lwp.fallingleaveslwp,0,,SHV32,JP,,899-2524,JPY,-30.00,1.000000,JPY,-30.00
1371-5910-2486-73092,"Sep 22, 2015",2:31:44 AM PDT,,Charge,,Autumn Leaves HD LiveWallpaper,com.dhearts.lwp.momiji_2,0,,klteatt,US,AL,35005,USD,0.99,120.090000,JPY,119.00
1371-5910-2486-73092,"Sep 22, 2015",2:31:44 AM PDT,,Google fee,,Autumn Leaves HD LiveWallpaper,com.dhearts.lwp.momiji_2,0,,klteatt,US,AL,35005,USD,-0.30,120.090000,JPY,-36.00
1319-6411-0226-39889,"Sep 22, 2015",4:05:15 AM PDT,,Charge,,紅葉 HD ライブ壁紙,com.dhearts.lwp.momiji_2,0,,SHL25,JP,神奈川県,2400001,JPY,119.00,1.000000,JPY,119.00
1319-6411-0226-39889,"Sep 22, 2015",4:05:15 AM PDT,,Google fee,,紅葉 HD ライブ壁紙,com.dhearts.lwp.momiji_2,0,,SHL25,JP,神奈川県,2400001,JPY,-36.00,1.000000,JPY,-36.00
1356-0418-3442-64454,"Sep 22, 2015",10:55:48 AM PDT,,Charge,,夜桜 HD ライブ壁紙,com.dhearts.lwp.cherryblossom_2,0,,grouper,JP,,4901111,JPY,119.00,1.000000,JPY,119.00
1356-0418-3442-64454,"Sep 22, 2015",10:55:48 AM PDT,,Google fee,,夜桜 HD ライブ壁紙,com.dhearts.lwp.cherryblossom_2,0,,grouper,JP,,4901111,JPY,-36.00,1.000000,JPY,-36.00
1316-5414-0901-45417,"Sep 22, 2015",11:27:01 AM PDT,,Charge,,紅葉 HD ライブ壁紙,com.dhearts.lwp.momiji_2,0,,SOL26,JP,,3000331,JPY,119.00,1.000000,JPY,119.00
1316-5414-0901-45417,"Sep 22, 2015",11:27:01 AM PDT,,Google fee,,紅葉 HD ライブ壁紙,com.dhearts.lwp.momiji_2,0,,SOL26,JP,,3000331,JPY,-36.00,1.000000,JPY,-36.00
1337-9342-3503-62641,"Sep 22, 2015",1:39:38 PM PDT,,Charge,,夜桜 HD ライブ壁紙,com.dhearts.lwp.cherryblossom_2,0,,D5788,JP,,8050017,JPY,119.00,1.000000,JPY,119.00
1337-9342-3503-62641,"Sep 22, 2015",1:39:38 PM PDT,,Google fee,,夜桜 HD ライブ壁紙,com.dhearts.lwp.cherryblossom_2,0,,D5788,JP,,8050017,JPY,-36.00,1.000000,JPY,-36.00
1391-0025-5873-86139,"Sep 22, 2015",3:34:16 PM PDT,,Charge,,紅葉 HD ライブ壁紙,com.dhearts.lwp.momiji_2,0,,FJL22_jp_kdi,JP,,8720515,JPY,119.00,1.000000,JPY,119.00
1391-0025-5873-86139,"Sep 22, 2015",3:34:16 PM PDT,,Google fee,,紅葉 HD ライブ壁紙,com.dhearts.lwp.momiji_2,0,,FJL22_jp_kdi,JP,,8720515,JPY,-36.00,1.000000,JPY,-36.00
1341-1975-2951-06941,"Sep 22, 2015",6:58:51 PM PDT,,Charge,,Autumn Leaves HD LiveWallpaper,com.dhearts.lwp.momiji_2,0,,HM2013023,CZ,,36452,CZK,23.77,4.927200,JPY,117.00
1341-1975-2951-06941,"Sep 22, 2015",6:58:51 PM PDT,,Google fee,,Autumn Leaves HD LiveWallpaper,com.dhearts.lwp.momiji_2,0,,HM2013023,CZ,,36452,CZK,-7.13,4.927200,JPY,-35.00
1388-0299-1381-83715,"Sep 22, 2015",7:40:55 PM PDT,,Charge,,夜桜　ライブ壁紙,com.quan.lwp.fallingleaveslwp,0,,SG305SH,JP,,9011303,JPY,99.00,1.000000,JPY,99.00
1388-0299-1381-83715,"Sep 22, 2015",7:40:55 PM PDT,,Google fee,,夜桜　ライブ壁紙,com.quan.lwp.fallingleaveslwp,0,,SG305SH,JP,,9011303,JPY,-30.00,1.000000,JPY,-30.00
1324-5213-7087-61592,"Sep 22, 2015",7:51:21 PM PDT,,Charge,,夜桜 HD ライブ壁紙,com.dhearts.lwp.cherryblossom_2,0,,SG305SH,JP,,9011303,JPY,119.00,1.000000,JPY,119.00
1324-5213-7087-61592,"Sep 22, 2015",7:51:21 PM PDT,,Google fee,,夜桜 HD ライブ壁紙,com.dhearts.lwp.cherryblossom_2,0,,SG305SH,JP,,9011303,JPY,-36.00,1.000000,JPY,-36.00
1337-5365-7807-72970,"Sep 22, 2015",7:51:39 PM PDT,,Charge,,紅葉 HD ライブ壁紙,com.dhearts.lwp.momiji_2,0,,SG305SH,JP,,9011303,JPY,119.00,1.000000,JPY,119.00
1337-5365-7807-72970,"Sep 22, 2015",7:51:39 PM PDT,,Google fee,,紅葉 HD ライブ壁紙,com.dhearts.lwp.momiji_2,0,,SG305SH,JP,,9011303,JPY,-36.00,1.000000,JPY,-36.00
1329-2008-8359-19888,"Sep 22, 2015",8:59:33 PM PDT,,Charge,,紅葉 HD ライブ壁紙,com.dhearts.lwp.momiji_2,0,,SOL26,JP,,332-0023,JPY,119.00,1.000000,JPY,119.00
1329-2008-8359-19888,"Sep 22, 2015",8:59:33 PM PDT,,Google fee,,紅葉 HD ライブ壁紙,com.dhearts.lwp.momiji_2,0,,SOL26,JP,,332-0023,JPY,-36.00,1.000000,JPY,-36.00
1323-0685-7694-08141,"Sep 22, 2015",9:40:18 PM PDT,,Charge,,紅葉 HD ライブ壁紙,com.dhearts.lwp.momiji_2,0,,htc_b2wlj,JP,,6497203,JPY,119.00,1.000000,JPY,119.00
1323-0685-7694-08141,"Sep 22, 2015",9:40:18 PM PDT,,Google fee,,紅葉 HD ライブ壁紙,com.dhearts.lwp.momiji_2,0,,htc_b2wlj,JP,,6497203,JPY,-36.00,1.000000,JPY,-36.00
1345-5477-8609-99622,"Sep 23, 2015",4:04:48 AM PDT,,Charge,,夜桜　ライブ壁紙,com.quan.lwp.fallingleaveslwp,0,,g3,JP,,3111414,JPY,99.00,1.000000,JPY,99.00
1345-5477-8609-99622,"Sep 23, 2015",4:04:48 AM PDT,,Google fee,,夜桜　ライブ壁紙,com.quan.lwp.fallingleaveslwp,0,,g3,JP,,3111414,JPY,-30.00,1.000000,JPY,-30.00
1362-5655-2254-66885,"Sep 23, 2015",4:06:47 AM PDT,,Charge,,Autumn Leaves HD LiveWallpaper,com.dhearts.lwp.momiji_2,0,,ghost,US,NY,13206,USD,0.99,120.140000,JPY,119.00
1362-5655-2254-66885,"Sep 23, 2015",4:06:47 AM PDT,,Google fee,,Autumn Leaves HD LiveWallpaper,com.dhearts.lwp.momiji_2,0,,ghost,US,NY,13206,USD,-0.30,120.140000,JPY,-36.00
1347-3362-0551-57502,"Sep 23, 2015",10:31:38 AM PDT,,Charge,,夜桜　ライブ壁紙,com.quan.lwp.fallingleaveslwp,0,,SO-02E,JP,静岡県,4250077,JPY,99.00,1.000000,JPY,99.00
1347-3362-0551-57502,"Sep 23, 2015",10:31:38 AM PDT,,Google fee,,夜桜　ライブ壁紙,com.quan.lwp.fallingleaveslwp,0,,SO-02E,JP,静岡県,4250077,JPY,-30.00,1.000000,JPY,-30.00
1334-3966-4347-83961,"Sep 23, 2015",12:02:51 PM PDT,,Charge,,紅葉 HD ライブ壁紙,com.dhearts.lwp.momiji_2,0,,SO-02E,JP,,4901132,JPY,119.00,1.000000,JPY,119.00
1334-3966-4347-83961,"Sep 23, 2015",12:02:51 PM PDT,,Google fee,,紅葉 HD ライブ壁紙,com.dhearts.lwp.momiji_2,0,,SO-02E,JP,,4901132,JPY,-36.00,1.000000,JPY,-36.00
1368-4475-0130-18139,"Sep 23, 2015",1:16:59 PM PDT,,Charge,,Autumn Leaves HD LiveWallpaper,com.dhearts.lwp.momiji_2,0,,D6503,RU,,357600,RUB,66.10,1.810100,JPY,120.00
1368-4475-0130-18139,"Sep 23, 2015",1:16:59 PM PDT,,Google fee,,Autumn Leaves HD LiveWallpaper,com.dhearts.lwp.momiji_2,0,,D6503,RU,,357600,RUB,-19.83,1.810100,JPY,-36.00
1308-3319-7423-64992,"Sep 23, 2015",1:29:41 PM PDT,,Charge,,夜桜　ライブ壁紙,com.quan.lwp.fallingleaveslwp,0,,SH-02G,JP,,0970005,JPY,99.00,1.000000,JPY,99.00
1308-3319-7423-64992,"Sep 23, 2015",1:29:41 PM PDT,,Google fee,,夜桜　ライブ壁紙,com.quan.lwp.fallingleaveslwp,0,,SH-02G,JP,,0970005,JPY,-30.00,1.000000,JPY,-30.00
1398-8731-0080-13841,"Sep 23, 2015",1:43:36 PM PDT,,Charge,,Autumn Leaves HD LiveWallpaper,com.dhearts.lwp.momiji_2,0,,D5303,FR,,49100,EUR,0.88,134.590000,JPY,118.00
1398-8731-0080-13841,"Sep 23, 2015",1:43:36 PM PDT,,Google fee,,Autumn Leaves HD LiveWallpaper,com.dhearts.lwp.momiji_2,0,,D5303,FR,,49100,EUR,-0.26,134.590000,JPY,-35.00
1376-2562-0009-24089,"Sep 23, 2015",2:16:07 PM PDT,,Charge,,Autumn Leaves HD LiveWallpaper,com.dhearts.lwp.momiji_2,0,,g3,US,CA,95608,USD,0.99,120.280000,JPY,119.00
1376-2562-0009-24089,"Sep 23, 2015",2:16:07 PM PDT,,Google fee,,Autumn Leaves HD LiveWallpaper,com.dhearts.lwp.momiji_2,0,,g3,US,CA,95608,USD,-0.30,120.280000,JPY,-36.00
1372-3550-9512-29885,"Sep 23, 2015",2:42:46 PM PDT,,Charge,,紅葉 HD ライブ壁紙,com.dhearts.lwp.momiji_2,0,,402SO,JP,,333-0866,JPY,119.00,1.000000,JPY,119.00
1372-3550-9512-29885,"Sep 23, 2015",2:42:46 PM PDT,,Google fee,,紅葉 HD ライブ壁紙,com.dhearts.lwp.momiji_2,0,,402SO,JP,,333-0866,JPY,-36.00,1.000000,JPY,-36.00
1333-2093-1657-31153,"Sep 23, 2015",4:04:37 PM PDT,,Charge,,紅葉 HD ライブ壁紙,com.dhearts.lwp.momiji_2,0,,SCL23,JP,,0231101,JPY,119.00,1.000000,JPY,119.00
1333-2093-1657-31153,"Sep 23, 2015",4:04:37 PM PDT,,Google fee,,紅葉 HD ライブ壁紙,com.dhearts.lwp.momiji_2,0,,SCL23,JP,,0231101,JPY,-36.00,1.000000,JPY,-36.00
1379-9633-8450-61695,"Sep 23, 2015",4:26:35 PM PDT,,Charge,,夜桜 HD ライブ壁紙,com.dhearts.lwp.cherryblossom_2,0,,P01M_3,JP,,733-0025,JPY,119.00,1.000000,JPY,119.00
1379-9633-8450-61695,"Sep 23, 2015",4:26:35 PM PDT,,Google fee,,夜桜 HD ライブ壁紙,com.dhearts.lwp.cherryblossom_2,0,,P01M_3,JP,,733-0025,JPY,-36.00,1.000000,JPY,-36.00
1390-0748-9951-63339,"Sep 23, 2015",8:26:51 PM PDT,,Charge,,Cherry blossom LiveWallpaper,com.quan.lwp.fallingleaveslwp,0,,zenltetmo,US,FL,33619,USD,0.99,120.190000,JPY,119.00
1390-0748-9951-63339,"Sep 23, 2015",8:26:51 PM PDT,,Google fee,,Cherry blossom LiveWallpaper,com.quan.lwp.fallingleaveslwp,0,,zenltetmo,US,FL,33619,USD,-0.30,120.190000,JPY,-36.00
1327-7169-8924-66568,"Sep 24, 2015",8:15:55 AM PDT,,Charge,,夜桜 HD ライブ壁紙,com.dhearts.lwp.cherryblossom_2,0,,SHL21,JP,,989-6244,JPY,119.00,1.000000,JPY,119.00
1327-7169-8924-66568,"Sep 24, 2015",8:15:55 AM PDT,,Google fee,,夜桜 HD ライブ壁紙,com.dhearts.lwp.cherryblossom_2,0,,SHL21,JP,,989-6244,JPY,-36.00,1.000000,JPY,-36.00
1331-5680-1133-30472,"Sep 24, 2015",10:39:36 AM PDT,,Charge,,夜桜 HD ライブ壁紙,com.dhearts.lwp.cherryblossom_2,0,,401SO,JP,,501-0701,JPY,119.00,1.000000,JPY,119.00
1331-5680-1133-30472,"Sep 24, 2015",10:39:36 AM PDT,,Google fee,,夜桜 HD ライブ壁紙,com.dhearts.lwp.cherryblossom_2,0,,401SO,JP,,501-0701,JPY,-36.00,1.000000,JPY,-36.00
1383-4951-6838-52134,"Sep 24, 2015",10:41:33 AM PDT,,Charge,,紅葉 HD ライブ壁紙,com.dhearts.lwp.momiji_2,0,,401SO,JP,,501-0701,JPY,119.00,1.000000,JPY,119.00
1383-4951-6838-52134,"Sep 24, 2015",10:41:33 AM PDT,,Google fee,,紅葉 HD ライブ壁紙,com.dhearts.lwp.momiji_2,0,,401SO,JP,,501-0701,JPY,-36.00,1.000000,JPY,-36.00
1340-9985-6747-13472,"Sep 24, 2015",2:42:08 PM PDT,,Charge,,夜桜　ライブ壁紙,com.quan.lwp.fallingleaveslwp,0,,htc_b3uhl,JP,,871-0162,JPY,99.00,1.000000,JPY,99.00
1340-9985-6747-13472,"Sep 24, 2015",2:42:08 PM PDT,,Google fee,,夜桜　ライブ壁紙,com.quan.lwp.fallingleaveslwp,0,,htc_b3uhl,JP,,871-0162,JPY,-30.00,1.000000,JPY,-30.00
1351-1533-7283-46099,"Sep 24, 2015",2:43:16 PM PDT,,Charge,,Autumn Leaves HD LiveWallpaper,com.dhearts.lwp.momiji_2,0,,goldenve3g,BG,,6199,BGN,1.72,68.872000,JPY,118.00
1351-1533-7283-46099,"Sep 24, 2015",2:43:16 PM PDT,,Google fee,,Autumn Leaves HD LiveWallpaper,com.dhearts.lwp.momiji_2,0,,goldenve3g,BG,,6199,BGN,-0.52,68.872000,JPY,-36.00
1383-9789-4736-47148,"Sep 24, 2015",2:44:22 PM PDT,,Charge,,Autumn Leaves HD LiveWallpaper,com.dhearts.lwp.momiji_2,0,,serranolte,SK,,94911,EUR,0.88,134.700000,JPY,119.00
1383-9789-4736-47148,"Sep 24, 2015",2:44:22 PM PDT,,Google fee,,Autumn Leaves HD LiveWallpaper,com.dhearts.lwp.momiji_2,0,,serranolte,SK,,94911,EUR,-0.26,134.700000,JPY,-35.00
1302-9824-8386-36436,"Sep 24, 2015",3:26:09 PM PDT,,Charge,,Autumn Leaves HD LiveWallpaper,com.dhearts.lwp.momiji_2,0,,p1,US,CO,81137,USD,0.99,120.010000,JPY,119.00
1302-9824-8386-36436,"Sep 24, 2015",3:26:09 PM PDT,,Google fee,,Autumn Leaves HD LiveWallpaper,com.dhearts.lwp.momiji_2,0,,p1,US,CO,81137,USD,-0.30,120.010000,JPY,-36.00
1314-9585-0350-17680,"Sep 24, 2015",4:30:05 PM PDT,,Charge,,CherryBlossom HD LiveWallpaper,com.dhearts.lwp.cherryblossom_2,0,,noblelte,ID,DKI Jakarta,11110,IDR,12883.00,0.008193,JPY,106.00
1314-9585-0350-17680,"Sep 24, 2015",4:30:05 PM PDT,,Google fee,,CherryBlossom HD LiveWallpaper,com.dhearts.lwp.cherryblossom_2,0,,noblelte,ID,DKI Jakarta,11110,IDR,-3865.00,0.008193,JPY,-32.00
1320-5965-4710-57806,"Sep 24, 2015",11:49:57 PM PDT,,Charge,,Autumn Leaves HD LiveWallpaper,com.dhearts.lwp.momiji_2,0,,matissewifiue,US,FL,32309,USD,0.99,120.140000,JPY,119.00
1320-5965-4710-57806,"Sep 24, 2015",11:49:57 PM PDT,,Google fee,,Autumn Leaves HD LiveWallpaper,com.dhearts.lwp.momiji_2,0,,matissewifiue,US,FL,32309,USD,-0.30,120.140000,JPY,-36.00
1358-2574-0865-70409,"Sep 25, 2015",9:59:18 AM PDT,,Charge,,Cherry blossom LiveWallpaper,com.quan.lwp.fallingleaveslwp,0,,grouper,US,UT,84005,USD,0.99,120.820000,JPY,120.00
1358-2574-0865-70409,"Sep 25, 2015",9:59:18 AM PDT,,Google fee,,Cherry blossom LiveWallpaper,com.quan.lwp.fallingleaveslwp,0,,grouper,US,UT,84005,USD,-0.30,120.820000,JPY,-36.00
1396-6563-0780-99897,"Sep 25, 2015",1:17:16 PM PDT,,Charge,,紅葉 HD ライブ壁紙,com.dhearts.lwp.momiji_2,0,,htt82_wet_jb5,JP,,4420809,JPY,119.00,1.000000,JPY,119.00
1396-6563-0780-99897,"Sep 25, 2015",1:17:16 PM PDT,,Google fee,,紅葉 HD ライブ壁紙,com.dhearts.lwp.momiji_2,0,,htt82_wet_jb5,JP,,4420809,JPY,-36.00,1.000000,JPY,-36.00
1316-0167-0941-07232,"Sep 25, 2015",1:36:22 PM PDT,,Charge,,夜桜　ライブ壁紙,com.quan.lwp.fallingleaveslwp,0,,SC-02G,JP,,649-7112,JPY,99.00,1.000000,JPY,99.00
1316-0167-0941-07232,"Sep 25, 2015",1:36:22 PM PDT,,Google fee,,夜桜　ライブ壁紙,com.quan.lwp.fallingleaveslwp,0,,SC-02G,JP,,649-7112,JPY,-30.00,1.000000,JPY,-30.00
1382-4554-3963-44155,"Sep 25, 2015",2:16:40 PM PDT,,Charge,,夜桜　ライブ壁紙,com.quan.lwp.fallingleaveslwp,0,,a5ltezt,TW,,816,TWD,30.00,3.643000,JPY,109.00
1382-4554-3963-44155,"Sep 25, 2015",2:16:40 PM PDT,,Google fee,,夜桜　ライブ壁紙,com.quan.lwp.fallingleaveslwp,0,,a5ltezt,TW,,816,TWD,-9.00,3.643000,JPY,-33.00
1327-4539-6755-70414,"Sep 25, 2015",11:29:45 PM PDT,,Charge,,夜桜 HD ライブ壁紙,com.dhearts.lwp.cherryblossom_2,0,,KYV31,JP,,9042141,JPY,119.00,1.000000,JPY,119.00
1327-4539-6755-70414,"Sep 25, 2015",11:29:45 PM PDT,,Google fee,,夜桜 HD ライブ壁紙,com.dhearts.lwp.cherryblossom_2,0,,KYV31,JP,,9042141,JPY,-36.00,1.000000,JPY,-36.00
1357-3160-2760-76007,"Sep 26, 2015",1:16:40 AM PDT,,Charge,,Autumn Leaves HD LiveWallpaper,com.dhearts.lwp.momiji_2,0,,zeroltevzw,US,IA,51020,USD,0.99,120.570000,JPY,119.00
1357-3160-2760-76007,"Sep 26, 2015",1:16:40 AM PDT,,Google fee,,Autumn Leaves HD LiveWallpaper,com.dhearts.lwp.momiji_2,0,,zeroltevzw,US,IA,51020,USD,-0.30,120.570000,JPY,-36.00
1335-9946-5880-86613,"Sep 26, 2015",7:38:37 AM PDT,,Charge,,Autumn Leaves HD LiveWallpaper,com.dhearts.lwp.momiji_2,0,,m7,RO,,051977,RON,3.90,30.639000,JPY,119.00
1335-9946-5880-86613,"Sep 26, 2015",7:38:37 AM PDT,,Google fee,,Autumn Leaves HD LiveWallpaper,com.dhearts.lwp.momiji_2,0,,m7,RO,,051977,RON,-1.17,30.639000,JPY,-36.00
1322-7321-9180-15542,"Sep 26, 2015",8:00:49 AM PDT,,Charge,,Autumn Leaves HD LiveWallpaper,com.dhearts.lwp.momiji_2,0,,chagalllte,RU,,457100,RUB,66.10,1.839100,JPY,122.00
1322-7321-9180-15542,"Sep 26, 2015",8:00:49 AM PDT,,Google fee,,Autumn Leaves HD LiveWallpaper,com.dhearts.lwp.momiji_2,0,,chagalllte,RU,,457100,RUB,-19.83,1.839100,JPY,-36.00
1341-4969-3567-72401,"Sep 26, 2015",9:39:55 AM PDT,,Charge,,Autumn Leaves HD LiveWallpaper,com.dhearts.lwp.momiji_2,0,,C5503,RU,,410018,RUB,66.10,1.839100,JPY,122.00
1341-4969-3567-72401,"Sep 26, 2015",9:39:55 AM PDT,,Google fee,,Autumn Leaves HD LiveWallpaper,com.dhearts.lwp.momiji_2,0,,C5503,RU,,410018,RUB,-19.83,1.839100,JPY,-36.00
1307-0808-1548-21530,"Sep 26, 2015",10:55:18 AM PDT,,Charge,,夜桜 HD ライブ壁紙,com.dhearts.lwp.cherryblossom_2,0,,Z00A,JP,,8494162,JPY,119.00,1.000000,JPY,119.00
1307-0808-1548-21530,"Sep 26, 2015",10:55:18 AM PDT,,Google fee,,夜桜 HD ライブ壁紙,com.dhearts.lwp.cherryblossom_2,0,,Z00A,JP,,8494162,JPY,-36.00,1.000000,JPY,-36.00
1322-5358-1207-20113,"Sep 26, 2015",12:24:48 PM PDT,,Charge,,紅葉 HD ライブ壁紙,com.dhearts.lwp.momiji_2,0,,SOV31,JP,,4838353,JPY,119.00,1.000000,JPY,119.00
1322-5358-1207-20113,"Sep 26, 2015",12:24:48 PM PDT,,Google fee,,紅葉 HD ライブ壁紙,com.dhearts.lwp.momiji_2,0,,SOV31,JP,,4838353,JPY,-36.00,1.000000,JPY,-36.00
1347-5682-5676-24456,"Sep 26, 2015",1:56:34 PM PDT,,Charge,,夜桜　ライブ壁紙,com.quan.lwp.fallingleaveslwp,0,,SOL26,JP,,890-0021,JPY,99.00,1.000000,JPY,99.00
1347-5682-5676-24456,"Sep 26, 2015",1:56:34 PM PDT,,Google fee,,夜桜　ライブ壁紙,com.quan.lwp.fallingleaveslwp,0,,SOL26,JP,,890-0021,JPY,-30.00,1.000000,JPY,-30.00
1360-7768-0198-20959,"Sep 26, 2015",1:57:31 PM PDT,,Charge,,夜桜 HD ライブ壁紙,com.dhearts.lwp.cherryblossom_2,0,,SOL26,JP,,890-0021,JPY,119.00,1.000000,JPY,119.00
1360-7768-0198-20959,"Sep 26, 2015",1:57:31 PM PDT,,Google fee,,夜桜 HD ライブ壁紙,com.dhearts.lwp.cherryblossom_2,0,,SOL26,JP,,890-0021,JPY,-36.00,1.000000,JPY,-36.00
1381-3462-5400-79382,"Sep 26, 2015",3:06:26 PM PDT,,Charge,,夜桜　ライブ壁紙,com.quan.lwp.fallingleaveslwp,0,,SHL25,JP,,8380101,JPY,99.00,1.000000,JPY,99.00
1381-3462-5400-79382,"Sep 26, 2015",3:06:26 PM PDT,,Google fee,,夜桜　ライブ壁紙,com.quan.lwp.fallingleaveslwp,0,,SHL25,JP,,8380101,JPY,-30.00,1.000000,JPY,-30.00
1328-4139-0376-96547,"Sep 26, 2015",3:33:44 PM PDT,,Charge,,紅葉 HD ライブ壁紙,com.dhearts.lwp.momiji_2,0,,htc_b3uhl,JP,神奈川県,251-0056,JPY,119.00,1.000000,JPY,119.00
1328-4139-0376-96547,"Sep 26, 2015",3:33:44 PM PDT,,Google fee,,紅葉 HD ライブ壁紙,com.dhearts.lwp.momiji_2,0,,htc_b3uhl,JP,神奈川県,251-0056,JPY,-36.00,1.000000,JPY,-36.00
1388-0962-5206-29213,"Sep 26, 2015",6:41:35 PM PDT,,Charge,,Autumn Leaves HD LiveWallpaper,com.dhearts.lwp.momiji_2,0,,a33g,MX,D.F.,03560,MXN,16.63,7.108000,JPY,118.00
1388-0962-5206-29213,"Sep 26, 2015",6:41:35 PM PDT,,Google fee,,Autumn Leaves HD LiveWallpaper,com.dhearts.lwp.momiji_2,0,,a33g,MX,D.F.,03560,MXN,-4.99,7.108000,JPY,-35.00
1312-4253-1628-20665,"Sep 26, 2015",8:01:51 PM PDT,,Charge,,Autumn Leaves HD LiveWallpaper,com.dhearts.lwp.momiji_2,0,,obake-maxx,US,TX,77802,USD,0.99,120.570000,JPY,119.00
1312-4253-1628-20665,"Sep 26, 2015",8:01:51 PM PDT,,Google fee,,Autumn Leaves HD LiveWallpaper,com.dhearts.lwp.momiji_2,0,,obake-maxx,US,TX,77802,USD,-0.30,120.570000,JPY,-36.00
1372-4672-5406-00439,"Sep 26, 2015",8:10:46 PM PDT,,Charge,,夜桜 HD ライブ壁紙,com.dhearts.lwp.cherryblossom_2,0,,SOV31,JP,,4838353,JPY,119.00,1.000000,JPY,119.00
1372-4672-5406-00439,"Sep 26, 2015",8:10:46 PM PDT,,Google fee,,夜桜 HD ライブ壁紙,com.dhearts.lwp.cherryblossom_2,0,,SOV31,JP,,4838353,JPY,-36.00,1.000000,JPY,-36.00
1393-9084-4850-21578,"Sep 26, 2015",8:52:09 PM PDT,,Charge,,Autumn Leaves HD LiveWallpaper,com.dhearts.lwp.momiji_2,0,,milletltevzw,US,NH,03833,USD,0.99,120.570000,JPY,119.00
1393-9084-4850-21578,"Sep 26, 2015",8:52:09 PM PDT,,Google fee,,Autumn Leaves HD LiveWallpaper,com.dhearts.lwp.momiji_2,0,,milletltevzw,US,NH,03833,USD,-0.30,120.570000,JPY,-36.00
1379-1809-6577-22327,"Sep 26, 2015",10:39:39 PM PDT,,Charge,,夜桜 HD ライブ壁紙,com.dhearts.lwp.cherryblossom_2,0,,SOL26,JP,,180-0023,JPY,119.00,1.000000,JPY,119.00
1379-1809-6577-22327,"Sep 26, 2015",10:39:39 PM PDT,,Google fee,,夜桜 HD ライブ壁紙,com.dhearts.lwp.cherryblossom_2,0,,SOL26,JP,,180-0023,JPY,-36.00,1.000000,JPY,-36.00
1340-7232-5321-40086,"Sep 26, 2015",10:40:58 PM PDT,,Charge,,紅葉 HD ライブ壁紙,com.dhearts.lwp.momiji_2,0,,ZTE-402ZT,JP,,441-8106,JPY,119.00,1.000000,JPY,119.00
1340-7232-5321-40086,"Sep 26, 2015",10:40:58 PM PDT,,Google fee,,紅葉 HD ライブ壁紙,com.dhearts.lwp.momiji_2,0,,ZTE-402ZT,JP,,441-8106,JPY,-36.00,1.000000,JPY,-36.00
1371-2859-8376-35100,"Sep 26, 2015",10:46:39 PM PDT,,Charge,,紅葉 HD ライブ壁紙,com.dhearts.lwp.momiji_2,0,,SOL26,JP,,180-0023,JPY,119.00,1.000000,JPY,119.00
1371-2859-8376-35100,"Sep 26, 2015",10:46:39 PM PDT,,Google fee,,紅葉 HD ライブ壁紙,com.dhearts.lwp.momiji_2,0,,SOL26,JP,,180-0023,JPY,-36.00,1.000000,JPY,-36.00
1317-6626-6306-65327,"Sep 26, 2015",10:51:15 PM PDT,,Charge,,夜桜　ライブ壁紙,com.quan.lwp.fallingleaveslwp,0,,302KC,JP,,1140023,JPY,99.00,1.000000,JPY,99.00
1317-6626-6306-65327,"Sep 26, 2015",10:51:15 PM PDT,,Google fee,,夜桜　ライブ壁紙,com.quan.lwp.fallingleaveslwp,0,,302KC,JP,,1140023,JPY,-30.00,1.000000,JPY,-30.00
1337-4960-3572-26990,"Sep 26, 2015",11:43:54 PM PDT,,Charge,,夜桜　ライブ壁紙,com.quan.lwp.fallingleaveslwp,0,,SO-03G,JP,岐阜県,5050303,JPY,99.00,1.000000,JPY,99.00
1337-4960-3572-26990,"Sep 26, 2015",11:43:54 PM PDT,,Google fee,,夜桜　ライブ壁紙,com.quan.lwp.fallingleaveslwp,0,,SO-03G,JP,岐阜県,5050303,JPY,-30.00,1.000000,JPY,-30.00
1337-1742-1460-53853,"Sep 27, 2015",12:14:25 AM PDT,,Charge,,Autumn Leaves HD LiveWallpaper,com.dhearts.lwp.momiji_2,0,,zerofltevzw,US,CA,95630,USD,0.99,120.570000,JPY,119.00
1337-1742-1460-53853,"Sep 27, 2015",12:14:25 AM PDT,,Google fee,,Autumn Leaves HD LiveWallpaper,com.dhearts.lwp.momiji_2,0,,zerofltevzw,US,CA,95630,USD,-0.30,120.570000,JPY,-36.00
1384-0270-4821-43515,"Sep 27, 2015",1:02:32 AM PDT,,Charge,,夜桜　ライブ壁紙,com.quan.lwp.fallingleaveslwp,0,,SOL23,JP,,4440124,JPY,99.00,1.000000,JPY,99.00
1384-0270-4821-43515,"Sep 27, 2015",1:02:32 AM PDT,,Google fee,,夜桜　ライブ壁紙,com.quan.lwp.fallingleaveslwp,0,,SOL23,JP,,4440124,JPY,-30.00,1.000000,JPY,-30.00
1340-0073-1970-92814,"Sep 27, 2015",1:04:41 AM PDT,,Charge,,夜桜 HD ライブ壁紙,com.dhearts.lwp.cherryblossom_2,0,,SOL23,JP,,4440124,JPY,119.00,1.000000,JPY,119.00
1340-0073-1970-92814,"Sep 27, 2015",1:04:41 AM PDT,,Google fee,,夜桜 HD ライブ壁紙,com.dhearts.lwp.cherryblossom_2,0,,SOL23,JP,,4440124,JPY,-36.00,1.000000,JPY,-36.00
1312-7414-8331-17985,"Sep 27, 2015",6:53:01 AM PDT,,Charge,,夜桜　ライブ壁紙,com.quan.lwp.fallingleaveslwp,0,,F01F,JP,,9620819,JPY,99.00,1.000000,JPY,99.00
1312-7414-8331-17985,"Sep 27, 2015",6:53:01 AM PDT,,Google fee,,夜桜　ライブ壁紙,com.quan.lwp.fallingleaveslwp,0,,F01F,JP,,9620819,JPY,-30.00,1.000000,JPY,-30.00
1366-7343-1876-60159,"Sep 27, 2015",9:35:04 AM PDT,,Charge,,夜桜　ライブ壁紙,com.quan.lwp.fallingleaveslwp,0,,noblelte,TW,,269,TWD,30.00,3.643000,JPY,109.00
1366-7343-1876-60159,"Sep 27, 2015",9:35:04 AM PDT,,Google fee,,夜桜　ライブ壁紙,com.quan.lwp.fallingleaveslwp,0,,noblelte,TW,,269,TWD,-9.00,3.643000,JPY,-33.00
1354-0979-4955-61706,"Sep 27, 2015",2:03:25 PM PDT,,Charge,,Autumn Leaves HD LiveWallpaper,com.dhearts.lwp.momiji_2,0,,g3,US,GA,30127,USD,0.99,120.570000,JPY,119.00
1354-0979-4955-61706,"Sep 27, 2015",2:03:25 PM PDT,,Google fee,,Autumn Leaves HD LiveWallpaper,com.dhearts.lwp.momiji_2,0,,g3,US,GA,30127,USD,-0.30,120.570000,JPY,-36.00
1351-8066-7359-52252,"Sep 27, 2015",2:03:33 PM PDT,,Charge,,Cherry blossom LiveWallpaper,com.quan.lwp.fallingleaveslwp,0,,g3,US,GA,30127,USD,0.99,120.570000,JPY,119.00
1351-8066-7359-52252,"Sep 27, 2015",2:03:33 PM PDT,,Google fee,,Cherry blossom LiveWallpaper,com.quan.lwp.fallingleaveslwp,0,,g3,US,GA,30127,USD,-0.30,120.570000,JPY,-36.00
1309-0348-0874-78593,"Sep 27, 2015",2:11:50 PM PDT,,Charge,,夜桜　ライブ壁紙,com.quan.lwp.fallingleaveslwp,0,,SO-03E,JP,,370-1301,JPY,99.00,1.000000,JPY,99.00
1309-0348-0874-78593,"Sep 27, 2015",2:11:50 PM PDT,,Google fee,,夜桜　ライブ壁紙,com.quan.lwp.fallingleaveslwp,0,,SO-03E,JP,,370-1301,JPY,-30.00,1.000000,JPY,-30.00
1367-7887-6186-55400,"Sep 27, 2015",3:34:52 PM PDT,,Charge,,夜桜　ライブ壁紙,com.quan.lwp.fallingleaveslwp,0,,SG304SH,JP,,470-2103,JPY,99.00,1.000000,JPY,99.00
1367-7887-6186-55400,"Sep 27, 2015",3:34:52 PM PDT,,Google fee,,夜桜　ライブ壁紙,com.quan.lwp.fallingleaveslwp,0,,SG304SH,JP,,470-2103,JPY,-30.00,1.000000,JPY,-30.00
1356-6478-3930-42181,"Sep 27, 2015",4:04:40 PM PDT,,Charge,,Autumn Leaves HD LiveWallpaper,com.dhearts.lwp.momiji_2,0,,ghost,US,WI,54981,USD,0.99,120.570000,JPY,119.00
1356-6478-3930-42181,"Sep 27, 2015",4:04:40 PM PDT,,Google fee,,Autumn Leaves HD LiveWallpaper,com.dhearts.lwp.momiji_2,0,,ghost,US,WI,54981,USD,-0.30,120.570000,JPY,-36.00
1388-7335-2960-87449,"Sep 27, 2015",5:01:18 PM PDT,,Charge,,Autumn Leaves HD LiveWallpaper,com.dhearts.lwp.momiji_2,0,,B1-710,PT,,2775-082,EUR,0.88,135.100000,JPY,119.00
1388-7335-2960-87449,"Sep 27, 2015",5:01:18 PM PDT,,Google fee,,Autumn Leaves HD LiveWallpaper,com.dhearts.lwp.momiji_2,0,,B1-710,PT,,2775-082,EUR,-0.26,135.100000,JPY,-35.00
1384-0459-8467-44999,"Sep 27, 2015",5:37:51 PM PDT,,Charge,,夜桜　ライブ壁紙,com.quan.lwp.fallingleaveslwp,0,,geehdc,JP,,5820017,JPY,99.00,1.000000,JPY,99.00
1384-0459-8467-44999,"Sep 27, 2015",5:37:51 PM PDT,,Google fee,,夜桜　ライブ壁紙,com.quan.lwp.fallingleaveslwp,0,,geehdc,JP,,5820017,JPY,-30.00,1.000000,JPY,-30.00
1350-2917-7445-38065,"Sep 28, 2015",2:14:22 AM PDT,,Charge,,紅葉 HD ライブ壁紙,com.dhearts.lwp.momiji_2,0,,icx1240,JP,,533-0014,JPY,119.00,1.000000,JPY,119.00
1350-2917-7445-38065,"Sep 28, 2015",2:14:22 AM PDT,,Google fee,,紅葉 HD ライブ壁紙,com.dhearts.lwp.momiji_2,0,,icx1240,JP,,533-0014,JPY,-36.00,1.000000,JPY,-36.00
1304-1313-5074-01363,"Sep 28, 2015",10:47:09 AM PDT,,Charge,,夜桜 HD ライブ壁紙,com.dhearts.lwp.cherryblossom_2,0,,SOL26,JP,,2860212,JPY,119.00,1.000000,JPY,119.00
1304-1313-5074-01363,"Sep 28, 2015",10:47:09 AM PDT,,Google fee,,夜桜 HD ライブ壁紙,com.dhearts.lwp.cherryblossom_2,0,,SOL26,JP,,2860212,JPY,-36.00,1.000000,JPY,-36.00
1314-0077-9127-79190,"Sep 28, 2015",1:32:54 PM PDT,,Charge,,Autumn Leaves HD LiveWallpaper,com.dhearts.lwp.momiji_2,0,,jflte,GR,,19100,EUR,0.88,134.560000,JPY,118.00
1314-0077-9127-79190,"Sep 28, 2015",1:32:54 PM PDT,,Google fee,,Autumn Leaves HD LiveWallpaper,com.dhearts.lwp.momiji_2,0,,jflte,GR,,19100,EUR,-0.26,134.560000,JPY,-35.00
1342-3144-9468-00789,"Sep 28, 2015",1:53:37 PM PDT,,Charge,,夜桜 HD ライブ壁紙,com.dhearts.lwp.cherryblossom_2,0,,SO-04F,JP,千葉県,293-0036,JPY,119.00,1.000000,JPY,119.00
1342-3144-9468-00789,"Sep 28, 2015",1:53:37 PM PDT,,Google fee,,夜桜 HD ライブ壁紙,com.dhearts.lwp.cherryblossom_2,0,,SO-04F,JP,千葉県,293-0036,JPY,-36.00,1.000000,JPY,-36.00
1339-7693-5164-91843,"Sep 28, 2015",5:27:07 PM PDT,,Charge,,Autumn Leaves HD LiveWallpaper,com.dhearts.lwp.momiji_2,0,,noblelteatt,US,IN,46260,USD,0.99,119.980000,JPY,119.00
1339-7693-5164-91843,"Sep 28, 2015",5:27:07 PM PDT,,Google fee,,Autumn Leaves HD LiveWallpaper,com.dhearts.lwp.momiji_2,0,,noblelteatt,US,IN,46260,USD,-0.30,119.980000,JPY,-36.00
1321-5783-5833-40467,"Sep 28, 2015",11:33:49 PM PDT,,Charge,,Autumn Leaves HD LiveWallpaper,com.dhearts.lwp.momiji_2,0,,zeroltevzw,US,KY,40219,USD,0.99,119.520000,JPY,118.00
1321-5783-5833-40467,"Sep 28, 2015",11:33:49 PM PDT,,Google fee,,Autumn Leaves HD LiveWallpaper,com.dhearts.lwp.momiji_2,0,,zeroltevzw,US,KY,40219,USD,-0.30,119.520000,JPY,-36.00
1303-5445-5404-39902,"Sep 28, 2015",11:47:33 PM PDT,,Charge,,Cherry blossom LiveWallpaper,com.quan.lwp.fallingleaveslwp,0,,A0001,US,OH,44680,USD,0.99,119.520000,JPY,118.00
1303-5445-5404-39902,"Sep 28, 2015",11:47:33 PM PDT,,Google fee,,Cherry blossom LiveWallpaper,com.quan.lwp.fallingleaveslwp,0,,A0001,US,OH,44680,USD,-0.30,119.520000,JPY,-36.00
1332-4238-8280-21235,"Sep 29, 2015",2:59:59 AM PDT,,Charge,,Cherry blossom LiveWallpaper,com.quan.lwp.fallingleaveslwp,0,,klteattactive,US,OK,73703,USD,0.99,119.860000,JPY,119.00
1332-4238-8280-21235,"Sep 29, 2015",2:59:59 AM PDT,,Google fee,,Cherry blossom LiveWallpaper,com.quan.lwp.fallingleaveslwp,0,,klteattactive,US,OK,73703,USD,-0.30,119.860000,JPY,-36.00
1307-6309-3859-15614,"Sep 29, 2015",6:42:38 AM PDT,,Charge,,Autumn Leaves HD LiveWallpaper,com.dhearts.lwp.momiji_2,0,,zeroflteatt,US,CA,93536,USD,0.99,119.930000,JPY,119.00
1307-6309-3859-15614,"Sep 29, 2015",6:42:38 AM PDT,,Google fee,,Autumn Leaves HD LiveWallpaper,com.dhearts.lwp.momiji_2,0,,zeroflteatt,US,CA,93536,USD,-0.30,119.930000,JPY,-36.00
1353-7734-6618-15546,"Sep 29, 2015",9:36:24 AM PDT,,Charge,,Autumn Leaves HD LiveWallpaper,com.dhearts.lwp.momiji_2,0,,vee5nfc,PL,,72-600,PLN,3.73,31.713000,JPY,118.00
1353-7734-6618-15546,"Sep 29, 2015",9:36:24 AM PDT,,Google fee,,Autumn Leaves HD LiveWallpaper,com.dhearts.lwp.momiji_2,0,,vee5nfc,PL,,72-600,PLN,-1.12,31.713000,JPY,-36.00
1363-9204-7176-98435,"Sep 29, 2015",9:37:12 AM PDT,,Charge,,Autumn Leaves HD LiveWallpaper,com.dhearts.lwp.momiji_2,0,,jfltevzw,US,TN,38583,USD,0.99,119.930000,JPY,119.00
1363-9204-7176-98435,"Sep 29, 2015",9:37:12 AM PDT,,Google fee,,Autumn Leaves HD LiveWallpaper,com.dhearts.lwp.momiji_2,0,,jfltevzw,US,TN,38583,USD,-0.30,119.930000,JPY,-36.00
1378-7403-8439-71951,"Sep 29, 2015",9:51:57 AM PDT,,Charge,,Autumn Leaves HD LiveWallpaper,com.dhearts.lwp.momiji_2,0,,a3ulte,DE,,12059,EUR,0.88,134.540000,JPY,118.00
1378-7403-8439-71951,"Sep 29, 2015",9:51:57 AM PDT,,Google fee,,Autumn Leaves HD LiveWallpaper,com.dhearts.lwp.momiji_2,0,,a3ulte,DE,,12059,EUR,-0.26,134.540000,JPY,-35.00
1319-4065-9664-37096,"Sep 29, 2015",11:11:26 AM PDT,,Charge,,紅葉 HD ライブ壁紙,com.dhearts.lwp.momiji_2,0,,SG403SH,JP,,8600054,JPY,119.00,1.000000,JPY,119.00
1319-4065-9664-37096,"Sep 29, 2015",11:11:26 AM PDT,,Google fee,,紅葉 HD ライブ壁紙,com.dhearts.lwp.momiji_2,0,,SG403SH,JP,,8600054,JPY,-36.00,1.000000,JPY,-36.00
1397-3105-4598-32172,"Sep 29, 2015",11:13:25 AM PDT,,Charge,,夜桜 HD ライブ壁紙,com.dhearts.lwp.cherryblossom_2,0,,SG403SH,JP,,8600054,JPY,119.00,1.000000,JPY,119.00
1397-3105-4598-32172,"Sep 29, 2015",11:13:25 AM PDT,,Google fee,,夜桜 HD ライブ壁紙,com.dhearts.lwp.cherryblossom_2,0,,SG403SH,JP,,8600054,JPY,-36.00,1.000000,JPY,-36.00
1394-5164-2411-16273,"Sep 29, 2015",2:35:16 PM PDT,,Charge,,紅葉 HD ライブ壁紙,com.dhearts.lwp.momiji_2,0,,g3,JP,,335-0014,JPY,119.00,1.000000,JPY,119.00
1394-5164-2411-16273,"Sep 29, 2015",2:35:16 PM PDT,,Google fee,,紅葉 HD ライブ壁紙,com.dhearts.lwp.momiji_2,0,,g3,JP,,335-0014,JPY,-36.00,1.000000,JPY,-36.00
1309-1003-3790-73739,"Sep 29, 2015",2:55:13 PM PDT,,Charge,,Autumn Leaves HD LiveWallpaper,com.dhearts.lwp.momiji_2,0,,santos10wifi,FR,,38000,EUR,0.88,134.720000,JPY,119.00
1309-1003-3790-73739,"Sep 29, 2015",2:55:13 PM PDT,,Google fee,,Autumn Leaves HD LiveWallpaper,com.dhearts.lwp.momiji_2,0,,santos10wifi,FR,,38000,EUR,-0.26,134.720000,JPY,-35.00
1371-7896-6183-95615,"Sep 29, 2015",3:58:44 PM PDT,,Charge,,Autumn Leaves HD LiveWallpaper,com.dhearts.lwp.momiji_2,0,,v1awifi,US,AL,36582,USD,0.99,119.740000,JPY,119.00
1371-7896-6183-95615,"Sep 29, 2015",3:58:44 PM PDT,,Google fee,,Autumn Leaves HD LiveWallpaper,com.dhearts.lwp.momiji_2,0,,v1awifi,US,AL,36582,USD,-0.30,119.740000,JPY,-36.00
1325-2143-8231-95896,"Sep 29, 2015",8:01:40 PM PDT,,Charge,,紅葉 HD ライブ壁紙,com.dhearts.lwp.momiji_2,0,,g2,JP,埼玉県,3520023,JPY,119.00,1.000000,JPY,119.00
1325-2143-8231-95896,"Sep 29, 2015",8:01:40 PM PDT,,Google fee,,紅葉 HD ライブ壁紙,com.dhearts.lwp.momiji_2,0,,g2,JP,埼玉県,3520023,JPY,-36.00,1.000000,JPY,-36.00
1329-1355-8062-04705,"Sep 29, 2015",9:33:46 PM PDT,,Charge,,Autumn Leaves HD LiveWallpaper,com.dhearts.lwp.momiji_2,0,,D6708,US,NJ,07463,USD,0.99,119.880000,JPY,119.00
1329-1355-8062-04705,"Sep 29, 2015",9:33:46 PM PDT,,Google fee,,Autumn Leaves HD LiveWallpaper,com.dhearts.lwp.momiji_2,0,,D6708,US,NJ,07463,USD,-0.30,119.880000,JPY,-36.00
1334-2327-9144-86168,"Sep 30, 2015",12:07:28 AM PDT,,Charge,,Autumn Leaves HD LiveWallpaper,com.dhearts.lwp.momiji_2,0,,htc_a32eulatt,US,MA,02025,USD,0.99,119.880000,JPY,119.00
1334-2327-9144-86168,"Sep 30, 2015",12:07:28 AM PDT,,Google fee,,Autumn Leaves HD LiveWallpaper,com.dhearts.lwp.momiji_2,0,,htc_a32eulatt,US,MA,02025,USD,-0.30,119.880000,JPY,-36.00
1304-6599-7101-56577,"Sep 30, 2015",8:24:19 AM PDT,,Charge,,紅葉 HD ライブ壁紙,com.dhearts.lwp.momiji_2,0,,hammerhead,JP,神奈川県,2520321,JPY,119.00,1.000000,JPY,119.00
1304-6599-7101-56577,"Sep 30, 2015",8:24:19 AM PDT,,Google fee,,紅葉 HD ライブ壁紙,com.dhearts.lwp.momiji_2,0,,hammerhead,JP,神奈川県,2520321,JPY,-36.00,1.000000,JPY,-36.00
1318-7736-3028-22181,"Sep 30, 2015",11:28:44 AM PDT,,Charge,,KING　ライブ壁紙,com.dhearts.kinglivewallpaper,0,,401SO,JP,,7000045,JPY,99.00,1.000000,JPY,99.00
1318-7736-3028-22181,"Sep 30, 2015",11:28:44 AM PDT,,Google fee,,KING　ライブ壁紙,com.dhearts.kinglivewallpaper,0,,401SO,JP,,7000045,JPY,-30.00,1.000000,JPY,-30.00
1333-7946-4349-53141,"Sep 30, 2015",11:29:47 AM PDT,,Charge,,Autumn Leaves HD LiveWallpaper,com.dhearts.lwp.momiji_2,0,,klte,FR,,63000,EUR,0.88,133.740000,JPY,118.00
1333-7946-4349-53141,"Sep 30, 2015",11:29:47 AM PDT,,Google fee,,Autumn Leaves HD LiveWallpaper,com.dhearts.lwp.momiji_2,0,,klte,FR,,63000,EUR,-0.26,133.740000,JPY,-35.00
1329-5045-8791-20618,"Sep 30, 2015",12:57:14 PM PDT,,Charge,,紅葉 HD ライブ壁紙,com.dhearts.lwp.momiji_2,0,,SO-01G,JP,,7650014,JPY,119.00,1.000000,JPY,119.00
1329-5045-8791-20618,"Sep 30, 2015",12:57:14 PM PDT,,Google fee,,紅葉 HD ライブ壁紙,com.dhearts.lwp.momiji_2,0,,SO-01G,JP,,7650014,JPY,-36.00,1.000000,JPY,-36.00
1390-7148-5335-68842,"Sep 30, 2015",1:19:23 PM PDT,,Charge,,Autumn Leaves HD LiveWallpaper,com.dhearts.lwp.momiji_2,0,,tblteatt,US,NV,89149,USD,0.99,119.970000,JPY,119.00
1390-7148-5335-68842,"Sep 30, 2015",1:19:23 PM PDT,,Google fee,,Autumn Leaves HD LiveWallpaper,com.dhearts.lwp.momiji_2,0,,tblteatt,US,NV,89149,USD,-0.30,119.970000,JPY,-36.00
1377-1513-5330-68721,"Sep 30, 2015",2:13:18 PM PDT,,Charge,,夜桜　ライブ壁紙,com.quan.lwp.fallingleaveslwp,0,,D6653,TW,,844,TWD,30.00,3.636000,JPY,109.00
1377-1513-5330-68721,"Sep 30, 2015",2:13:18 PM PDT,,Google fee,,夜桜　ライブ壁紙,com.quan.lwp.fallingleaveslwp,0,,D6653,TW,,844,TWD,-9.00,3.636000,JPY,-33.00
1310-6244-3685-36404,"Sep 30, 2015",3:01:46 PM PDT,,Charge,,紅葉 HD ライブ壁紙,com.dhearts.lwp.momiji_2,0,,SO-02G,JP,東京都,1000014,JPY,119.00,1.000000,JPY,119.00
1310-6244-3685-36404,"Sep 30, 2015",3:01:46 PM PDT,,Google fee,,紅葉 HD ライブ壁紙,com.dhearts.lwp.momiji_2,0,,SO-02G,JP,東京都,1000014,JPY,-36.00,1.000000,JPY,-36.00
1332-3447-2471-18352,"Sep 30, 2015",5:16:53 PM PDT,,Charge,,Autumn Leaves HD LiveWallpaper,com.dhearts.lwp.momiji_2,0,,htc_himaulatt,MX,JAL,44970,MXN,16.63,7.089000,JPY,118.00
1332-3447-2471-18352,"Sep 30, 2015",5:16:53 PM PDT,,Google fee,,Autumn Leaves HD LiveWallpaper,com.dhearts.lwp.momiji_2,0,,htc_himaulatt,MX,JAL,44970,MXN,-4.99,7.089000,JPY,-35.00
1341-1917-1184-83141,"Sep 30, 2015",5:44:47 PM PDT,,Charge,,夜桜　ライブ壁紙,com.quan.lwp.fallingleaveslwp,0,,SO-03G,JP,宮崎県,8893202,JPY,99.00,1.000000,JPY,99.00
1341-1917-1184-83141,"Sep 30, 2015",5:44:47 PM PDT,,Google fee,,夜桜　ライブ壁紙,com.quan.lwp.fallingleaveslwp,0,,SO-03G,JP,宮崎県,8893202,JPY,-30.00,1.000000,JPY,-30.00
1305-1509-9476-94189,"Sep 30, 2015",10:45:49 PM PDT,,Charge,,夜桜 HD ライブ壁紙,com.dhearts.lwp.cherryblossom_2,0,,hammerhead,JP,,3502205,JPY,119.00,1.000000,JPY,119.00
1305-1509-9476-94189,"Sep 30, 2015",10:45:49 PM PDT,,Google fee,,夜桜 HD ライブ壁紙,com.dhearts.lwp.cherryblossom_2,0,,hammerhead,JP,,3502205,JPY,-36.00,1.000000,JPY,-36.00
