Description,Transaction Date,Transaction Time,Tax Type,Transaction Type,Refund Type,Product Title,Product id,Product Type,Sku Id,Hardware,Buyer Country,Buyer State,Buyer Postal Code,Buyer Currency,Amount (Buyer Currency),Currency Conversion Rate,Merchant Currency,Amount (Merchant Currency)
1309-1603-3909-69681,"Oct 1, 2015",2:16:02 AM PDT,,Charge,,夜桜　ライブ壁紙,com.quan.lwp.fallingleaveslwp,0,,SHL23,JP,,9637733,JPY,99.00,1.000000,JPY,99.00
1309-1603-3909-69681,"Oct 1, 2015",2:16:02 AM PDT,,Google fee,,夜桜　ライブ壁紙,com.quan.lwp.fallingleaveslwp,0,,SHL23,JP,,9637733,JPY,-30.00,1.000000,JPY,-30.00
1386-8598-7110-61435,"Oct 1, 2015",8:01:44 AM PDT,,Charge,,紅葉 HD ライブ壁紙,com.dhearts.lwp.momiji_2,0,,htc_b2wlj,JP,,857-0813,JPY,119.00,1.000000,JPY,119.00
1386-8598-7110-61435,"Oct 1, 2015",8:01:44 AM PDT,,Google fee,,紅葉 HD ライブ壁紙,com.dhearts.lwp.momiji_2,0,,htc_b2wlj,JP,,857-0813,JPY,-36.00,1.000000,JPY,-36.00
1312-5836-8167-94099,"Oct 1, 2015",9:14:44 AM PDT,,Charge,,夜桜　ライブ壁紙,com.quan.lwp.fallingleaveslwp,0,,hammerhead,JP,,5560029,JPY,99.00,1.000000,JPY,99.00
1312-5836-8167-94099,"Oct 1, 2015",9:14:44 AM PDT,,Google fee,,夜桜　ライブ壁紙,com.quan.lwp.fallingleaveslwp,0,,hammerhead,JP,,5560029,JPY,-30.00,1.000000,JPY,-30.00
1370-1825-3680-78022,"Oct 1, 2015",9:43:22 AM PDT,,Charge,,Autumn Leaves HD LiveWallpaper,com.dhearts.lwp.momiji_2,0,,STR_96_Tablet,US,OK,73020,USD,0.99,119.630000,JPY,118.00
1370-1825-3680-78022,"Oct 1, 2015",9:43:22 AM PDT,,Google fee,,Autumn Leaves HD LiveWallpaper,com.dhearts.lwp.momiji_2,0,,STR_96_Tablet,US,OK,73020,USD,-0.30,119.630000,JPY,-36.00
1367-8254-5771-02968,"Oct 1, 2015",10:16:34 AM PDT,,Charge,,紅葉 HD ライブ壁紙,com.dhearts.lwp.momiji_2,0,,SO-04F,JP,,8020981,JPY,119.00,1.000000,JPY,119.00
1367-8254-5771-02968,"Oct 1, 2015",10:16:34 AM PDT,,Google fee,,紅葉 HD ライブ壁紙,com.dhearts.lwp.momiji_2,0,,SO-04F,JP,,8020981,JPY,-36.00,1.000000,JPY,-36.00
1361-5216-4190-94869,"Oct 1, 2015",4:37:28 PM PDT,,Charge,,紅葉 HD ライブ壁紙,com.dhearts.lwp.momiji_2,0,,SOL25,JP,,2620014,JPY,119.00,1.000000,JPY,119.00
1361-5216-4190-94869,"Oct 1, 2015",4:37:28 PM PDT,,Google fee,,紅葉 HD ライブ壁紙,com.dhearts.lwp.momiji_2,0,,SOL25,JP,,2620014,JPY,-36.00,1.000000,JPY,-36.00
1350-8395-9164-77738,"Oct 1, 2015",6:33:51 PM PDT,,Charge,,Autumn Leaves HD LiveWallpaper,com.dhearts.lwp.momiji_2,0,,g3,RO,,100216,RON,3.90,30.356000,JPY,118.00
1350-8395-9164-77738,"Oct 1, 2015",6:33:51 PM PDT,,Google fee,,Autumn Leaves HD LiveWallpaper,com.dhearts.lwp.momiji_2,0,,g3,RO,,100216,RON,-1.17,30.356000,JPY,-36.00
1387-4809-1146-85114,"Oct 2, 2015",1:45:26 AM PDT,,Charge,,Autumn Leaves HD LiveWallpaper,com.dhearts.lwp.momiji_2,0,,zenltevzw,US,TX,77521,USD,0.99,120.020000,JPY,119.00
1387-4809-1146-85114,"Oct 2, 2015",1:45:26 AM PDT,,Google fee,,Autumn Leaves HD LiveWallpaper,com.dhearts.lwp.momiji_2,0,,zenltevzw,US,TX,77521,USD,-0.30,120.020000,JPY,-36.00
1349-7570-9437-25662,"Oct 2, 2015",5:51:30 AM PDT,,Charge,,Autumn Leaves HD LiveWallpaper,com.dhearts.lwp.momiji_2,0,,wiko,FR,,13821,EUR,0.88,134.190000,JPY,118.00
1349-7570-9437-25662,"Oct 2, 2015",5:51:30 AM PDT,,Google fee,,Autumn Leaves HD LiveWallpaper,com.dhearts.lwp.momiji_2,0,,wiko,FR,,13821,EUR,-0.26,134.190000,JPY,-35.00
1381-9727-4086-04076,"Oct 2, 2015",6:35:52 AM PDT,,Charge,,夜桜　ライブ壁紙,com.quan.lwp.fallingleaveslwp,0,,g2m,PL,,74-202,PLN,2.71,31.602000,JPY,86.00
1381-9727-4086-04076,"Oct 2, 2015",6:35:52 AM PDT,,Google fee,,夜桜　ライブ壁紙,com.quan.lwp.fallingleaveslwp,0,,g2m,PL,,74-202,PLN,-0.81,31.602000,JPY,-26.00
1341-3327-0527-29726,"Oct 2, 2015",9:55:58 AM PDT,,Charge,,Autumn Leaves HD LiveWallpaper,com.dhearts.lwp.momiji_2,0,,zeroltetmo,US,CO,80020,USD,0.99,119.220000,JPY,118.00
1341-3327-0527-29726,"Oct 2, 2015",9:55:58 AM PDT,,Google fee,,Autumn Leaves HD LiveWallpaper,com.dhearts.lwp.momiji_2,0,,zeroltetmo,US,CO,80020,USD,-0.30,119.220000,JPY,-36.00
1300-7750-0731-81173,"Oct 2, 2015",12:33:40 PM PDT,,Charge,,夜桜 HD ライブ壁紙,com.dhearts.lwp.cherryblossom_2,0,,SO-03G,JP,,2300031,JPY,119.00,1.000000,JPY,119.00
1300-7750-0731-81173,"Oct 2, 2015",12:33:40 PM PDT,,Google fee,,夜桜 HD ライブ壁紙,com.dhearts.lwp.cherryblossom_2,0,,SO-03G,JP,,2300031,JPY,-36.00,1.000000,JPY,-36.00
1353-8341-5095-70294,"Oct 2, 2015",1:09:19 PM PDT,,Charge,,Autumn Leaves HD LiveWallpaper,com.dhearts.lwp.momiji_2,0,,g3,TR,Bahçelievler,38000,TRY,2.90,40.073000,JPY,116.00
1353-8341-5095-70294,"Oct 2, 2015",1:09:19 PM PDT,,Google fee,,Autumn Leaves HD LiveWallpaper,com.dhearts.lwp.momiji_2,0,,g3,TR,Bahçelievler,38000,TRY,-0.87,40.073000,JPY,-35.00
1389-1852-2843-69670,"Oct 2, 2015",1:26:27 PM PDT,,Charge,,紅葉 HD ライブ壁紙,com.dhearts.lwp.momiji_2,0,,SOL26,JP,,2530105,JPY,119.00,1.000000,JPY,119.00
1389-1852-2843-69670,"Oct 2, 2015",1:26:27 PM PDT,,Google fee,,紅葉 HD ライブ壁紙,com.dhearts.lwp.momiji_2,0,,SOL26,JP,,2530105,JPY,-36.00,1.000000,JPY,-36.00
1306-3925-4921-84887,"Oct 2, 2015",3:11:36 PM PDT,,Charge,,紅葉 HD ライブ壁紙,com.dhearts.lwp.momiji_2,0,,SHL25,JP,,6550048,JPY,119.00,1.000000,JPY,119.00
1306-3925-4921-84887,"Oct 2, 2015",3:11:36 PM PDT,,Google fee,,紅葉 HD ライブ壁紙,com.dhearts.lwp.momiji_2,0,,SHL25,JP,,6550048,JPY,-36.00,1.000000,JPY,-36.00
1381-5318-7103-73638,"Oct 2, 2015",3:39:41 PM PDT,,Charge,,Autumn Leaves HD LiveWallpaper,com.dhearts.lwp.momiji_2,0,,a3lte,RU,,300001,RUB,66.10,1.817400,JPY,120.00
1381-5318-7103-73638,"Oct 2, 2015",3:39:41 PM PDT,,Google fee,,Autumn Leaves HD LiveWallpaper,com.dhearts.lwp.momiji_2,0,,a3lte,RU,,300001,RUB,-19.83,1.817400,JPY,-36.00
1300-0509-1390-11029,"Oct 2, 2015",3:52:47 PM PDT,,Charge,,Autumn Leaves HD LiveWallpaper,com.dhearts.lwp.momiji_2,0,,logan2g,RU,,300001,RUB,66.10,1.817400,JPY,120.00
1300-0509-1390-11029,"Oct 2, 2015",3:52:47 PM PDT,,Google fee,,Autumn Leaves HD LiveWallpaper,com.dhearts.lwp.momiji_2,0,,logan2g,RU,,300001,RUB,-19.83,1.817400,JPY,-36.00
1389-7529-4547-18913,"Oct 2, 2015",4:56:09 PM PDT,,Charge,,夜桜　ライブ壁紙,com.quan.lwp.fallingleaveslwp,0,,SH-01F,JP,,242-0014,JPY,99.00,1.000000,JPY,99.00
1389-7529-4547-18913,"Oct 2, 2015",4:56:09 PM PDT,,Google fee,,夜桜　ライブ壁紙,com.quan.lwp.fallingleaveslwp,0,,SH-01F,JP,,242-0014,JPY,-30.00,1.000000,JPY,-30.00
1383-0408-6069-12705,"Oct 2, 2015",6:26:38 PM PDT,,Charge,,Autumn Leaves HD LiveWallpaper,com.dhearts.lwp.momiji_2,0,,hlte,HU,,2660,HUF,276.00,0.431320,JPY,119.00
1383-0408-6069-12705,"Oct 2, 2015",6:26:38 PM PDT,,Google fee,,Autumn Leaves HD LiveWallpaper,com.dhearts.lwp.momiji_2,0,,hlte,HU,,2660,HUF,-83.00,0.431320,JPY,-36.00
1334-5193-9707-27277,"Oct 2, 2015",10:42:25 PM PDT,,Charge,,紅葉 HD ライブ壁紙,com.dhearts.lwp.momiji_2,0,,SO-02G,JP,東京都,114-0001,JPY,119.00,1.000000,JPY,119.00
1334-5193-9707-27277,"Oct 2, 2015",10:42:25 PM PDT,,Google fee,,紅葉 HD ライブ壁紙,com.dhearts.lwp.momiji_2,0,,SO-02G,JP,東京都,114-0001,JPY,-36.00,1.000000,JPY,-36.00
1354-1049-6815-02212,"Oct 2, 2015",10:59:36 PM PDT,,Charge,,夜桜　ライブ壁紙,com.quan.lwp.fallingleaveslwp,0,,SO-01G,JP,,1930944,JPY,99.00,1.000000,JPY,99.00
1354-1049-6815-02212,"Oct 2, 2015",10:59:36 PM PDT,,Google fee,,夜桜　ライブ壁紙,com.quan.lwp.fallingleaveslwp,0,,SO-01G,JP,,1930944,JPY,-30.00,1.000000,JPY,-30.00
1361-1119-6094-35696,"Oct 3, 2015",12:28:56 AM PDT,,Charge,,夜桜　ライブ壁紙,com.quan.lwp.fallingleaveslwp,0,,D6563,TW,,802,TWD,30.00,3.668000,JPY,110.00
1361-1119-6094-35696,"Oct 3, 2015",12:28:56 AM PDT,,Google fee,,夜桜　ライブ壁紙,com.quan.lwp.fallingleaveslwp,0,,D6563,TW,,802,TWD,-9.00,3.668000,JPY,-33.00
1365-3922-3782-75570,"Oct 3, 2015",1:06:27 AM PDT,,Charge,,KING　ライブ壁紙,com.dhearts.kinglivewallpaper,0,,shamu,CA,BC,V8K 2L3,CAD,1.07,91.227000,JPY,98.00
1365-3922-3782-75570,"Oct 3, 2015",1:06:27 AM PDT,,Google fee,,KING　ライブ壁紙,com.dhearts.kinglivewallpaper,0,,shamu,CA,BC,V8K 2L3,CAD,-0.32,91.227000,JPY,-29.00
1381-1353-5298-37837,"Oct 3, 2015",3:05:54 AM PDT,,Charge,,紅葉 HD ライブ壁紙,com.dhearts.lwp.momiji_2,0,,SO-01G,JP,,0390122,JPY,119.00,1.000000,JPY,119.00
1381-1353-5298-37837,"Oct 3, 2015",3:05:54 AM PDT,,Google fee,,紅葉 HD ライブ壁紙,com.dhearts.lwp.momiji_2,0,,SO-01G,JP,,0390122,JPY,-36.00,1.000000,JPY,-36.00
1302-0470-1672-94211,"Oct 3, 2015",3:07:44 AM PDT,,Charge,,夜桜 HD ライブ壁紙,com.dhearts.lwp.cherryblossom_2,0,,SO-01G,JP,,0390122,JPY,119.00,1.000000,JPY,119.00
1302-0470-1672-94211,"Oct 3, 2015",3:07:44 AM PDT,,Google fee,,夜桜 HD ライブ壁紙,com.dhearts.lwp.cherryblossom_2,0,,SO-01G,JP,,0390122,JPY,-36.00,1.000000,JPY,-36.00
1322-1626-6800-71460,"Oct 3, 2015",4:00:41 AM PDT,,Charge,,Autumn Leaves HD LiveWallpaper,com.dhearts.lwp.momiji_2,0,,zerofltevzw,US,NY,12827,USD,0.99,120.100000,JPY,119.00
1322-1626-6800-71460,"Oct 3, 2015",4:00:41 AM PDT,,Google fee,,Autumn Leaves HD LiveWallpaper,com.dhearts.lwp.momiji_2,0,,zerofltevzw,US,NY,12827,USD,-0.30,120.100000,JPY,-36.00
1358-5957-9966-39715,"Oct 3, 2015",4:23:34 AM PDT,,Charge,,Autumn Leaves HD LiveWallpaper,com.dhearts.lwp.momiji_2,0,,yellowtail,US,NY,12827,USD,0.99,120.100000,JPY,119.00
1358-5957-9966-39715,"Oct 3, 2015",4:23:34 AM PDT,,Google fee,,Autumn Leaves HD LiveWallpaper,com.dhearts.lwp.momiji_2,0,,yellowtail,US,NY,12827,USD,-0.30,120.100000,JPY,-36.00
1322-1389-4628-53955,"Oct 3, 2015",4:57:20 AM PDT,,Charge,,紅葉 HD ライブ壁紙,com.dhearts.lwp.momiji_2,0,,KYY23,JP,,270-1431,JPY,119.00,1.000000,JPY,119.00
1322-1389-4628-53955,"Oct 3, 2015",4:57:20 AM PDT,,Google fee,,紅葉 HD ライブ壁紙,com.dhearts.lwp.momiji_2,0,,KYY23,JP,,270-1431,JPY,-36.00,1.000000,JPY,-36.00
1381-0543-0351-90514,"Oct 3, 2015",7:13:33 AM PDT,,Charge,,夜桜　ライブ壁紙,com.quan.lwp.fallingleaveslwp,0,,SHV32,JP,,9660404,JPY,99.00,1.000000,JPY,99.00
1381-0543-0351-90514,"Oct 3, 2015",7:13:33 AM PDT,,Google fee,,夜桜　ライブ壁紙,com.quan.lwp.fallingleaveslwp,0,,SHV32,JP,,9660404,JPY,-30.00,1.000000,JPY,-30.00
1382-2313-2837-91757,"Oct 3, 2015",8:28:06 AM PDT,,Charge,,夜桜 HD ライブ壁紙,com.dhearts.lwp.cherryblossom_2,0,,j1nlte,RU,,357960,RUB,53.69,1.817400,JPY,98.00
1382-2313-2837-91757,"Oct 3, 2015",8:28:06 AM PDT,,Google fee,,夜桜 HD ライブ壁紙,com.dhearts.lwp.cherryblossom_2,0,,j1nlte,RU,,357960,RUB,-16.11,1.817400,JPY,-29.00
1380-4249-4511-66119,"Oct 3, 2015",8:30:38 AM PDT,,Charge,,夜桜　ライブ壁紙,com.quan.lwp.fallingleaveslwp,0,,j1nlte,RU,,357960,RUB,32.24,1.817400,JPY,59.00
1380-4249-4511-66119,"Oct 3, 2015",8:30:38 AM PDT,,Google fee,,夜桜　ライブ壁紙,com.quan.lwp.fallingleaveslwp,0,,j1nlte,RU,,357960,RUB,-9.67,1.817400,JPY,-18.00
1384-2487-1226-87162,"Oct 3, 2015",11:12:27 AM PDT,,Charge,,紅葉 HD ライブ壁紙,com.dhearts.lwp.momiji_2,0,,SC-02C,JP,新潟県,940-0041,JPY,119.00,1.000000,JPY,119.00
1384-2487-1226-87162,"Oct 3, 2015",11:12:27 AM PDT,,Google fee,,紅葉 HD ライブ壁紙,com.dhearts.lwp.momiji_2,0,,SC-02C,JP,新潟県,940-0041,JPY,-36.00,1.000000,JPY,-36.00
1379-2758-2225-36398,"Oct 3, 2015",2:51:10 PM PDT,,Charge,,Autumn Leaves HD LiveWallpaper,com.dhearts.lwp.momiji_2,0,,jflte,RU,,127572,RUB,66.10,1.817400,JPY,120.00
1379-2758-2225-36398,"Oct 3, 2015",2:51:10 PM PDT,,Google fee,,Autumn Leaves HD LiveWallpaper,com.dhearts.lwp.momiji_2,0,,jflte,RU,,127572,RUB,-19.83,1.817400,JPY,-36.00
1382-6803-5619-89305,"Oct 3, 2015",2:57:02 PM PDT,,Charge,,Autumn Leaves HD LiveWallpaper,com.dhearts.lwp.momiji_2,0,,a3lte,RU,,624440,RUB,66.10,1.817400,JPY,120.00
1382-6803-5619-89305,"Oct 3, 2015",2:57:02 PM PDT,,Google fee,,Autumn Leaves HD LiveWallpaper,com.dhearts.lwp.momiji_2,0,,a3lte,RU,,624440,RUB,-19.83,1.817400,JPY,-36.00
1312-7832-7791-04019,"Oct 3, 2015",6:44:19 PM PDT,,Charge,,Autumn Leaves HD LiveWallpaper,com.dhearts.lwp.momiji_2,0,,gts210ltetmo,US,WA,99207,USD,0.99,120.100000,JPY,119.00
1312-7832-7791-04019,"Oct 3, 2015",6:44:19 PM PDT,,Google fee,,Autumn Leaves HD LiveWallpaper,com.dhearts.lwp.momiji_2,0,,gts210ltetmo,US,WA,99207,USD,-0.30,120.100000,JPY,-36.00
1317-6963-6739-40467,"Oct 3, 2015",7:31:44 PM PDT,,Charge,,Autumn Leaves HD LiveWallpaper,com.dhearts.lwp.momiji_2,0,,mako,US,OH,44612,USD,0.99,120.100000,JPY,119.00
1317-6963-6739-40467,"Oct 3, 2015",7:31:44 PM PDT,,Google fee,,Autumn Leaves HD LiveWallpaper,com.dhearts.lwp.momiji_2,0,,mako,US,OH,44612,USD,-0.30,120.100000,JPY,-36.00
1316-4062-5597-29082,"Oct 3, 2015",7:37:51 PM PDT,,Charge,,紅葉 HD ライブ壁紙,com.dhearts.lwp.momiji_2,0,,SBM302SH,JP,神奈川県,2330004,JPY,119.00,1.000000,JPY,119.00
1316-4062-5597-29082,"Oct 3, 2015",7:37:51 PM PDT,,Google fee,,紅葉 HD ライブ壁紙,com.dhearts.lwp.momiji_2,0,,SBM302SH,JP,神奈川県,2330004,JPY,-36.00,1.000000,JPY,-36.00
1311-5260-9997-66618,"Oct 3, 2015",7:42:01 PM PDT,,Charge,,夜桜　ライブ壁紙,com.quan.lwp.fallingleaveslwp,0,,SBM302SH,JP,神奈川県,2330004,JPY,99.00,1.000000,JPY,99.00
1311-5260-9997-66618,"Oct 3, 2015",7:42:01 PM PDT,,Google fee,,夜桜　ライブ壁紙,com.quan.lwp.fallingleaveslwp,0,,SBM302SH,JP,神奈川県,2330004,JPY,-30.00,1.000000,JPY,-30.00
1339-6803-7003-99980,"Oct 4, 2015",12:43:28 AM PDT,,Charge,,夜桜　ライブ壁紙,com.quan.lwp.fallingleaveslwp,0,,SH-04G,JP,,509-0511,JPY,99.00,1.000000,JPY,99.00
1339-6803-7003-99980,"Oct 4, 2015",12:43:28 AM PDT,,Google fee,,夜桜　ライブ壁紙,com.quan.lwp.fallingleaveslwp,0,,SH-04G,JP,,509-0511,JPY,-30.00,1.000000,JPY,-30.00
1342-0641-8856-47500,"Oct 4, 2015",2:32:40 PM PDT,,Charge,,夜桜 HD ライブ壁紙,com.dhearts.lwp.cherryblossom_2,0,,SC-01D,JP,,252-0132,JPY,119.00,1.000000,JPY,119.00
1342-0641-8856-47500,"Oct 4, 2015",2:32:40 PM PDT,,Google fee,,夜桜 HD ライブ壁紙,com.dhearts.lwp.cherryblossom_2,0,,SC-01D,JP,,252-0132,JPY,-36.00,1.000000,JPY,-36.00
1394-8819-1145-34183,"Oct 4, 2015",4:14:37 PM PDT,,Charge,,夜桜 HD ライブ壁紙,com.dhearts.lwp.cherryblossom_2,0,,maruko,JP,,8593808,JPY,119.00,1.000000,JPY,119.00
1394-8819-1145-34183,"Oct 4, 2015",4:14:37 PM PDT,,Google fee,,夜桜 HD ライブ壁紙,com.dhearts.lwp.cherryblossom_2,0,,maruko,JP,,8593808,JPY,-36.00,1.000000,JPY,-36.00
1380-8109-2424-24042,"Oct 4, 2015",5:02:41 PM PDT,,Charge,,Autumn Leaves HD LiveWallpaper,com.dhearts.lwp.momiji_2,0,,t03g,DE,,24576,EUR,0.88,134.550000,JPY,118.00
1380-8109-2424-24042,"Oct 4, 2015",5:02:41 PM PDT,,Google fee,,Autumn Leaves HD LiveWallpaper,com.dhearts.lwp.momiji_2,0,,t03g,DE,,24576,EUR,-0.26,134.550000,JPY,-35.00
1352-7556-4766-89379,"Oct 4, 2015",5:33:20 PM PDT,,Charge,,夜桜　ライブ壁紙,com.quan.lwp.fallingleaveslwp,0,,nobleltehk,HK,,,HKD,8.14,15.497000,JPY,126.00
1352-7556-4766-89379,"Oct 4, 2015",5:33:20 PM PDT,,Google fee,,夜桜　ライブ壁紙,com.quan.lwp.fallingleaveslwp,0,,nobleltehk,HK,,,HKD,-2.44,15.497000,JPY,-38.00
1338-7254-9140-41133,"Oct 4, 2015",11:42:21 PM PDT,,Charge,,Autumn Leaves HD LiveWallpaper,com.dhearts.lwp.momiji_2,0,,ja3g,RU,,249130,RUB,66.10,1.814100,JPY,120.00
1338-7254-9140-41133,"Oct 4, 2015",11:42:21 PM PDT,,Google fee,,Autumn Leaves HD LiveWallpaper,com.dhearts.lwp.momiji_2,0,,ja3g,RU,,249130,RUB,-19.83,1.814100,JPY,-36.00
1321-6200-4773-48045,"Oct 5, 2015",6:23:27 AM PDT,,Charge,,Stamina potion,com.dhearts.monter,1,sp_potion,zerofltevzw,US,ND,58102,USD,0.99,120.240000,JPY,119.00
1321-6200-4773-48045,"Oct 5, 2015",6:23:27 AM PDT,,Google fee,,Stamina potion,com.dhearts.monter,1,sp_potion,zerofltevzw,US,ND,58102,USD,-0.30,120.240000,JPY,-36.00
1396-5910-7534-29558,"Oct 5, 2015",12:08:40 PM PDT,,Charge,,紅葉 HD ライブ壁紙,com.dhearts.lwp.momiji_2,0,,SC-01G,JP,岐阜県,5013303,JPY,119.00,1.000000,JPY,119.00
1396-5910-7534-29558,"Oct 5, 2015",12:08:40 PM PDT,,Google fee,,紅葉 HD ライブ壁紙,com.dhearts.lwp.momiji_2,0,,SC-01G,JP,岐阜県,5013303,JPY,-36.00,1.000000,JPY,-36.00
1316-3512-5929-26872,"Oct 5, 2015",1:47:52 PM PDT,,Charge,,紅葉 HD ライブ壁紙,com.dhearts.lwp.momiji_2,0,,SH-01G,JP,東京都,2020005,JPY,119.00,1.000000,JPY,119.00
1316-3512-5929-26872,"Oct 5, 2015",1:47:52 PM PDT,,Google fee,,紅葉 HD ライブ壁紙,com.dhearts.lwp.momiji_2,0,,SH-01G,JP,東京都,2020005,JPY,-36.00,1.000000,JPY,-36.00
1381-1748-3704-78163,"Oct 5, 2015",1:47:59 PM PDT,,Charge,,夜桜 HD ライブ壁紙,com.dhearts.lwp.cherryblossom_2,0,,SH-01G,JP,東京都,2020005,JPY,119.00,1.000000,JPY,119.00
1381-1748-3704-78163,"Oct 5, 2015",1:47:59 PM PDT,,Google fee,,夜桜 HD ライブ壁紙,com.dhearts.lwp.cherryblossom_2,0,,SH-01G,JP,東京都,2020005,JPY,-36.00,1.000000,JPY,-36.00
1313-0632-5179-96293,"Oct 5, 2015",5:30:29 PM PDT,,Charge,,夜桜 HD ライブ壁紙,com.dhearts.lwp.cherryblossom_2,0,,SC-01F,JP,,124-0004,JPY,119.00,1.000000,JPY,119.00
1313-0632-5179-96293,"Oct 5, 2015",5:30:29 PM PDT,,Google fee,,夜桜 HD ライブ壁紙,com.dhearts.lwp.cherryblossom_2,0,,SC-01F,JP,,124-0004,JPY,-36.00,1.000000,JPY,-36.00
1326-9720-5195-95390,"Oct 5, 2015",9:11:04 PM PDT,,Charge,,Autumn Leaves HD LiveWallpaper,com.dhearts.lwp.momiji_2,0,,lt02wifi,US,IN,46783,USD,0.99,120.440000,JPY,119.00
1326-9720-5195-95390,"Oct 5, 2015",9:11:04 PM PDT,,Google fee,,Autumn Leaves HD LiveWallpaper,com.dhearts.lwp.momiji_2,0,,lt02wifi,US,IN,46783,USD,-0.30,120.440000,JPY,-36.00
1364-5189-1028-46781,"Oct 5, 2015",10:49:29 PM PDT,,Charge,,Autumn Leaves HD LiveWallpaper,com.dhearts.lwp.momiji_2,0,,zeroltetmo,US,TX,77554,USD,0.99,120.440000,JPY,119.00
1364-5189-1028-46781,"Oct 5, 2015",10:49:29 PM PDT,,Google fee,,Autumn Leaves HD LiveWallpaper,com.dhearts.lwp.momiji_2,0,,zeroltetmo,US,TX,77554,USD,-0.30,120.440000,JPY,-36.00
1312-4895-8551-39838,"Oct 6, 2015",8:20:44 AM PDT,,Charge,,Autumn Leaves HD LiveWallpaper,com.dhearts.lwp.momiji_2,0,,logan,RU,Красноярский край,662603,RUB,66.10,1.888000,JPY,125.00
1312-4895-8551-39838,"Oct 6, 2015",8:20:44 AM PDT,,Google fee,,Autumn Leaves HD LiveWallpaper,com.dhearts.lwp.momiji_2,0,,logan,RU,Красноярский край,662603,RUB,-19.83,1.888000,JPY,-37.00
1390-3373-3976-99335,"Oct 6, 2015",8:21:17 AM PDT,,Charge,,紅葉 HD ライブ壁紙,com.dhearts.lwp.momiji_2,0,,SH-03G,JP,東京都,1870003,JPY,119.00,1.000000,JPY,119.00
1390-3373-3976-99335,"Oct 6, 2015",8:21:17 AM PDT,,Google fee,,紅葉 HD ライブ壁紙,com.dhearts.lwp.momiji_2,0,,SH-03G,JP,東京都,1870003,JPY,-36.00,1.000000,JPY,-36.00
1354-1857-4782-85743,"Oct 6, 2015",11:20:04 AM PDT,,Charge,,Cherry blossom LiveWallpaper,com.quan.lwp.fallingleaveslwp,0,,Z00A_1,VN,Thành phố Hồ Chí Minh,,VND,21000.00,0.005337,JPY,112.00
1354-1857-4782-85743,"Oct 6, 2015",11:20:04 AM PDT,,Google fee,,Cherry blossom LiveWallpaper,com.quan.lwp.fallingleaveslwp,0,,Z00A_1,VN,Thành phố Hồ Chí Minh,,VND,-6300.00,0.005337,JPY,-34.00
1324-5798-7767-10673,"Oct 6, 2015",12:24:50 PM PDT,,Charge,,夜桜　ライブ壁紙,com.quan.lwp.fallingleaveslwp,0,,SC-01G,JP,,027-0424,JPY,99.00,1.000000,JPY,99.00
1324-5798-7767-10673,"Oct 6, 2015",12:24:50 PM PDT,,Google fee,,夜桜　ライブ壁紙,com.quan.lwp.fallingleaveslwp,0,,SC-01G,JP,,027-0424,JPY,-30.00,1.000000,JPY,-30.00
1381-8819-2588-58448,"Oct 6, 2015",2:18:41 PM PDT,,Charge,,夜桜 HD ライブ壁紙,com.dhearts.lwp.cherryblossom_2,0,,htc_b3uhl,JP,,175-0081,JPY,119.00,1.000000,JPY,119.00
1381-8819-2588-58448,"Oct 6, 2015",2:18:41 PM PDT,,Google fee,,夜桜 HD ライブ壁紙,com.dhearts.lwp.cherryblossom_2,0,,htc_b3uhl,JP,,175-0081,JPY,-36.00,1.000000,JPY,-36.00
1342-2457-1273-35314,"Oct 6, 2015",2:30:03 PM PDT,,Charge,,夜桜　ライブ壁紙,com.quan.lwp.fallingleaveslwp,0,,flo,JP,,5008281,JPY,99.00,1.000000,JPY,99.00
1342-2457-1273-35314,"Oct 6, 2015",2:30:03 PM PDT,,Google fee,,夜桜　ライブ壁紙,com.quan.lwp.fallingleaveslwp,0,,flo,JP,,5008281,JPY,-30.00,1.000000,JPY,-30.00
1396-0113-0374-79579,"Oct 6, 2015",2:55:01 PM PDT,,Charge,,Autumn Leaves HD LiveWallpaper,com.dhearts.lwp.momiji_2,0,,serranovelte,DE,,96146,EUR,0.88,135.560000,JPY,119.00
1396-0113-0374-79579,"Oct 6, 2015",2:55:01 PM PDT,,Google fee,,Autumn Leaves HD LiveWallpaper,com.dhearts.lwp.momiji_2,0,,serranovelte,DE,,96146,EUR,-0.26,135.560000,JPY,-35.00
1371-8375-0833-82744,"Oct 6, 2015",6:44:19 PM PDT,,Charge,,Autumn Leaves HD LiveWallpaper,com.dhearts.lwp.momiji_2,0,,zeroltetmo,US,TX,78732,USD,0.99,120.230000,JPY,119.00
1371-8375-0833-82744,"Oct 6, 2015",6:44:19 PM PDT,,Google fee,,Autumn Leaves HD LiveWallpaper,com.dhearts.lwp.momiji_2,0,,zeroltetmo,US,TX,78732,USD,-0.30,120.230000,JPY,-36.00
1380-0614-6469-95368,"Oct 6, 2015",6:46:30 PM PDT,,Charge,,紅葉 HD ライブ壁紙,com.dhearts.lwp.momiji_2,0,,SHL25,JP,,1910052,JPY,119.00,1.000000,JPY,119.00
1380-0614-6469-95368,"Oct 6, 2015",6:46:30 PM PDT,,Google fee,,紅葉 HD ライブ壁紙,com.dhearts.lwp.momiji_2,0,,SHL25,JP,,1910052,JPY,-36.00,1.000000,JPY,-36.00
1353-7361-4641-78500,"Oct 6, 2015",11:37:24 PM PDT,,Charge,,夜桜 HD ライブ壁紙,com.dhearts.lwp.cherryblossom_2,0,,SH-01G,JP,福岡県,8330056,JPY,119.00,1.000000,JPY,119.00
1353-7361-4641-78500,"Oct 6, 2015",11:37:24 PM PDT,,Google fee,,夜桜 HD ライブ壁紙,com.dhearts.lwp.cherryblossom_2,0,,SH-01G,JP,福岡県,8330056,JPY,-36.00,1.000000,JPY,-36.00
1334-3620-9260-39908,"Oct 7, 2015",4:13:24 AM PDT,,Charge,,Autumn Leaves HD LiveWallpaper,com.dhearts.lwp.momiji_2,0,,hltespr,US,AZ,85202,USD,0.99,120.020000,JPY,119.00
1334-3620-9260-39908,"Oct 7, 2015",4:13:24 AM PDT,,Google fee,,Autumn Leaves HD LiveWallpaper,com.dhearts.lwp.momiji_2,0,,hltespr,US,AZ,85202,USD,-0.30,120.020000,JPY,-36.00
1332-2966-5574-86558,"Oct 7, 2015",9:05:57 AM PDT,,Charge,,Autumn Leaves HD LiveWallpaper,com.dhearts.lwp.momiji_2,0,,a3ulte,FR,,44800,EUR,0.88,134.840000,JPY,119.00
1332-2966-5574-86558,"Oct 7, 2015",9:05:57 AM PDT,,Google fee,,Autumn Leaves HD LiveWallpaper,com.dhearts.lwp.momiji_2,0,,a3ulte,FR,,44800,EUR,-0.26,134.840000,JPY,-35.00
1330-4306-7654-07494,"Oct 7, 2015",1:00:39 PM PDT,,Charge,,紅葉 HD ライブ壁紙,com.dhearts.lwp.momiji_2,0,,SOL24,JP,,7990413,JPY,119.00,1.000000,JPY,119.00
1330-4306-7654-07494,"Oct 7, 2015",1:00:39 PM PDT,,Google fee,,紅葉 HD ライブ壁紙,com.dhearts.lwp.momiji_2,0,,SOL24,JP,,7990413,JPY,-36.00,1.000000,JPY,-36.00
1301-3794-6454-22743,"Oct 8, 2015",2:04:36 AM PDT,,Charge,,10000 coins,com.dhearts.labyrinth,1,coin10,p1,US,IN,47150,USD,1.69,119.810000,JPY,202.00
1301-3794-6454-22743,"Oct 8, 2015",2:04:36 AM PDT,,Google fee,,10000 coins,com.dhearts.labyrinth,1,coin10,p1,US,IN,47150,USD,-0.51,119.810000,JPY,-61.00
1368-1761-7303-12973,"Oct 8, 2015",2:05:17 AM PDT,,Charge,,10000 coins,com.dhearts.labyrinth,1,coin10,p1,US,IN,47150,USD,1.69,119.810000,JPY,202.00
1368-1761-7303-12973,"Oct 8, 2015",2:05:17 AM PDT,,Google fee,,10000 coins,com.dhearts.labyrinth,1,coin10,p1,US,IN,47150,USD,-0.51,119.810000,JPY,-61.00
1337-2304-3295-86806,"Oct 8, 2015",8:34:05 AM PDT,,Charge,,紅葉 HD ライブ壁紙,com.dhearts.lwp.momiji_2,0,,SC-04E,JP,,6148296,JPY,119.00,1.000000,JPY,119.00
1337-2304-3295-86806,"Oct 8, 2015",8:34:05 AM PDT,,Google fee,,紅葉 HD ライブ壁紙,com.dhearts.lwp.momiji_2,0,,SC-04E,JP,,6148296,JPY,-36.00,1.000000,JPY,-36.00
1324-3284-4885-02426,"Oct 8, 2015",10:33:01 AM PDT,,Charge,,紅葉 HD ライブ壁紙,com.dhearts.lwp.momiji_2,0,,SH-03G,JP,,2520132,JPY,119.00,1.000000,JPY,119.00
1324-3284-4885-02426,"Oct 8, 2015",10:33:01 AM PDT,,Google fee,,紅葉 HD ライブ壁紙,com.dhearts.lwp.momiji_2,0,,SH-03G,JP,,2520132,JPY,-36.00,1.000000,JPY,-36.00
1377-7918-8987-00743,"Oct 8, 2015",11:47:46 AM PDT,,Charge,,CherryBlossom HD LiveWallpaper,com.dhearts.lwp.cherryblossom_2,0,,A390,TH,กาญจนบุรี,71130,THB,32.67,3.345400,JPY,109.00
1377-7918-8987-00743,"Oct 8, 2015",11:47:46 AM PDT,,Google fee,,CherryBlossom HD LiveWallpaper,com.dhearts.lwp.cherryblossom_2,0,,A390,TH,กาญจนบุรี,71130,THB,-9.80,3.345400,JPY,-33.00
1327-4145-4544-71576,"Oct 8, 2015",12:31:42 PM PDT,,Charge,,夜桜　ライブ壁紙,com.quan.lwp.fallingleaveslwp,0,,SC-04E,JP,,9811213,JPY,99.00,1.000000,JPY,99.00
1327-4145-4544-71576,"Oct 8, 2015",12:31:42 PM PDT,,Google fee,,夜桜　ライブ壁紙,com.quan.lwp.fallingleaveslwp,0,,SC-04E,JP,,9811213,JPY,-30.00,1.000000,JPY,-30.00
1363-8269-4943-10270,"Oct 8, 2015",1:50:54 PM PDT,,Charge,,紅葉 HD ライブ壁紙,com.dhearts.lwp.momiji_2,0,,SOL26,JP,,5780984,JPY,119.00,1.000000,JPY,119.00
1363-8269-4943-10270,"Oct 8, 2015",1:50:54 PM PDT,,Google fee,,紅葉 HD ライブ壁紙,com.dhearts.lwp.momiji_2,0,,SOL26,JP,,5780984,JPY,-36.00,1.000000,JPY,-36.00
1334-9949-0761-16162,"Oct 8, 2015",6:00:28 PM PDT,,Charge,,Autumn Leaves HD LiveWallpaper,com.dhearts.lwp.momiji_2,0,,LT29i,RU,,115580,RUB,66.10,1.952900,JPY,129.00
1334-9949-0761-16162,"Oct 8, 2015",6:00:28 PM PDT,,Google fee,,Autumn Leaves HD LiveWallpaper,com.dhearts.lwp.momiji_2,0,,LT29i,RU,,115580,RUB,-19.83,1.952900,JPY,-39.00
1396-1384-8042-74280,"Oct 8, 2015",8:12:25 PM PDT,,Charge,,Autumn Leaves HD LiveWallpaper,com.dhearts.lwp.momiji_2,0,,kltespr,US,MI,48846,USD,0.99,119.970000,JPY,119.00
1396-1384-8042-74280,"Oct 8, 2015",8:12:25 PM PDT,,Google fee,,Autumn Leaves HD LiveWallpaper,com.dhearts.lwp.momiji_2,0,,kltespr,US,MI,48846,USD,-0.30,119.970000,JPY,-36.00
1371-8279-6600-89184,"Oct 9, 2015",6:29:53 AM PDT,,Charge,,Autumn Leaves HD LiveWallpaper,com.dhearts.lwp.momiji_2,0,,falcon_cdma,US,CA,91786,USD,0.99,120.270000,JPY,119.00
1371-8279-6600-89184,"Oct 9, 2015",6:29:53 AM PDT,,Google fee,,Autumn Leaves HD LiveWallpaper,com.dhearts.lwp.momiji_2,0,,falcon_cdma,US,CA,91786,USD,-0.30,120.270000,JPY,-36.00
1367-4303-4159-16068,"Oct 9, 2015",9:41:49 AM PDT,,Charge,,紅葉 HD ライブ壁紙,com.dhearts.lwp.momiji_2,0,,PC-TE307N1W,JP,,484-0861,JPY,119.00,1.000000,JPY,119.00
1367-4303-4159-16068,"Oct 9, 2015",9:41:49 AM PDT,,Google fee,,紅葉 HD ライブ壁紙,com.dhearts.lwp.momiji_2,0,,PC-TE307N1W,JP,,484-0861,JPY,-36.00,1.000000,JPY,-36.00
1309-1275-4776-17218,"Oct 9, 2015",7:56:38 PM PDT,,Charge,,5000 coins,com.dhearts.labyrinth,1,coin5,p1,US,IN,47150,USD,0.99,120.240000,JPY,119.00
1309-1275-4776-17218,"Oct 9, 2015",7:56:38 PM PDT,,Google fee,,5000 coins,com.dhearts.labyrinth,1,coin5,p1,US,IN,47150,USD,-0.30,120.240000,JPY,-36.00
1333-8386-8297-18025,"Oct 9, 2015",7:56:44 PM PDT,,Charge,,10000 coins,com.dhearts.labyrinth,1,coin10,p1,US,IN,47150,USD,1.69,120.240000,JPY,203.00
1333-8386-8297-18025,"Oct 9, 2015",7:56:44 PM PDT,,Google fee,,10000 coins,com.dhearts.labyrinth,1,coin10,p1,US,IN,47150,USD,-0.51,120.240000,JPY,-61.00
1395-0711-7617-25940,"Oct 9, 2015",7:56:53 PM PDT,,Charge,,10000 coins,com.dhearts.labyrinth,1,coin10,p1,US,IN,47150,USD,1.69,120.240000,JPY,203.00
1395-0711-7617-25940,"Oct 9, 2015",7:56:53 PM PDT,,Google fee,,10000 coins,com.dhearts.labyrinth,1,coin10,p1,US,IN,47150,USD,-0.51,120.240000,JPY,-61.00
1302-0198-1684-12988,"Oct 10, 2015",2:46:13 AM PDT,,Charge,,CherryBlossom HD LiveWallpaper,com.dhearts.lwp.cherryblossom_2,0,,degaswifiue,US,TX,77433,USD,0.99,120.240000,JPY,119.00
1302-0198-1684-12988,"Oct 10, 2015",2:46:13 AM PDT,,Google fee,,CherryBlossom HD LiveWallpaper,com.dhearts.lwp.cherryblossom_2,0,,degaswifiue,US,TX,77433,USD,-0.30,120.240000,JPY,-36.00
1323-4687-4381-53456,"Oct 10, 2015",6:18:42 AM PDT,,Charge,,紅葉 HD ライブ壁紙,com.dhearts.lwp.momiji_2,0,,SH-06E,JP,,4350015,JPY,119.00,1.000000,JPY,119.00
1323-4687-4381-53456,"Oct 10, 2015",6:18:42 AM PDT,,Google fee,,紅葉 HD ライブ壁紙,com.dhearts.lwp.momiji_2,0,,SH-06E,JP,,4350015,JPY,-36.00,1.000000,JPY,-36.00
1312-6219-8128-31801,"Oct 10, 2015",11:32:53 AM PDT,,Charge,,紅葉 HD ライブ壁紙,com.dhearts.lwp.momiji_2,0,,SOL26,JP,千葉県,2720015,JPY,119.00,1.000000,JPY,119.00
1312-6219-8128-31801,"Oct 10, 2015",11:32:53 AM PDT,,Google fee,,紅葉 HD ライブ壁紙,com.dhearts.lwp.momiji_2,0,,SOL26,JP,千葉県,2720015,JPY,-36.00,1.000000,JPY,-36.00
1368-4056-6956-38799,"Oct 10, 2015",11:59:41 AM PDT,,Charge,,夜桜　ライブ壁紙,com.quan.lwp.fallingleaveslwp,0,,SO-04G,JP,北海道,0030864,JPY,99.00,1.000000,JPY,99.00
1368-4056-6956-38799,"Oct 10, 2015",11:59:41 AM PDT,,Google fee,,夜桜　ライブ壁紙,com.quan.lwp.fallingleaveslwp,0,,SO-04G,JP,北海道,0030864,JPY,-30.00,1.000000,JPY,-30.00
1340-3258-8350-66921,"Oct 10, 2015",12:04:33 PM PDT,,Charge,,紅葉 HD ライブ壁紙,com.dhearts.lwp.momiji_2,0,,SO-04G,JP,北海道,0030864,JPY,119.00,1.000000,JPY,119.00
1340-3258-8350-66921,"Oct 10, 2015",12:04:33 PM PDT,,Google fee,,紅葉 HD ライブ壁紙,com.dhearts.lwp.momiji_2,0,,SO-04G,JP,北海道,0030864,JPY,-36.00,1.000000,JPY,-36.00
1359-9212-9110-41725,"Oct 10, 2015",1:17:36 PM PDT,,Charge,,紅葉 HD ライブ壁紙,com.dhearts.lwp.momiji_2,0,,flo,JP,,5770067,JPY,119.00,1.000000,JPY,119.00
1359-9212-9110-41725,"Oct 10, 2015",1:17:36 PM PDT,,Google fee,,紅葉 HD ライブ壁紙,com.dhearts.lwp.momiji_2,0,,flo,JP,,5770067,JPY,-36.00,1.000000,JPY,-36.00
1350-7582-8428-30328,"Oct 10, 2015",3:23:59 PM PDT,,Charge,,紅葉 HD ライブ壁紙,com.dhearts.lwp.momiji_2,0,,SHI12,JP,,2620014,JPY,119.00,1.000000,JPY,119.00
1350-7582-8428-30328,"Oct 10, 2015",3:23:59 PM PDT,,Google fee,,紅葉 HD ライブ壁紙,com.dhearts.lwp.momiji_2,0,,SHI12,JP,,2620014,JPY,-36.00,1.000000,JPY,-36.00
1364-2934-8062-93285,"Oct 10, 2015",11:47:29 PM PDT,,Charge,,夜桜 HD ライブ壁紙,com.dhearts.lwp.cherryblossom_2,0,,SO-01G,JP,,8840003,JPY,119.00,1.000000,JPY,119.00
1364-2934-8062-93285,"Oct 10, 2015",11:47:29 PM PDT,,Google fee,,夜桜 HD ライブ壁紙,com.dhearts.lwp.cherryblossom_2,0,,SO-01G,JP,,8840003,JPY,-36.00,1.000000,JPY,-36.00
1343-4584-1073-05395,"Oct 11, 2015",2:07:42 AM PDT,,Charge,,紅葉 HD ライブ壁紙,com.dhearts.lwp.momiji_2,0,,SBM302SH,JP,東京都,1920355,JPY,119.00,1.000000,JPY,119.00
1343-4584-1073-05395,"Oct 11, 2015",2:07:42 AM PDT,,Google fee,,紅葉 HD ライブ壁紙,com.dhearts.lwp.momiji_2,0,,SBM302SH,JP,東京都,1920355,JPY,-36.00,1.000000,JPY,-36.00
1352-4243-2529-97028,"Oct 11, 2015",2:13:48 AM PDT,,Charge,,夜桜 HD ライブ壁紙,com.dhearts.lwp.cherryblossom_2,0,,SBM302SH,JP,東京都,1920355,JPY,119.00,1.000000,JPY,119.00
1352-4243-2529-97028,"Oct 11, 2015",2:13:48 AM PDT,,Google fee,,夜桜 HD ライブ壁紙,com.dhearts.lwp.cherryblossom_2,0,,SBM302SH,JP,東京都,1920355,JPY,-36.00,1.000000,JPY,-36.00
1341-5028-0582-79470,"Oct 11, 2015",10:20:43 AM PDT,,Charge,,夜桜　ライブ壁紙,com.quan.lwp.fallingleaveslwp,0,,SOV31,JP,,278-0037,JPY,99.00,1.000000,JPY,99.00
1341-5028-0582-79470,"Oct 11, 2015",10:20:43 AM PDT,,Google fee,,夜桜　ライブ壁紙,com.quan.lwp.fallingleaveslwp,0,,SOV31,JP,,278-0037,JPY,-30.00,1.000000,JPY,-30.00
1352-4923-0266-01683,"Oct 11, 2015",11:43:25 AM PDT,,Charge,,夜桜 HD ライブ壁紙,com.dhearts.lwp.cherryblossom_2,0,,SBM302SH,JP,,7390426,JPY,119.00,1.000000,JPY,119.00
1352-4923-0266-01683,"Oct 11, 2015",11:43:25 AM PDT,,Google fee,,夜桜 HD ライブ壁紙,com.dhearts.lwp.cherryblossom_2,0,,SBM302SH,JP,,7390426,JPY,-36.00,1.000000,JPY,-36.00
1387-4063-0482-25016,"Oct 11, 2015",2:02:21 PM PDT,,Charge,,紅葉 HD ライブ壁紙,com.dhearts.lwp.momiji_2,0,,SOV31,JP,,739-2618,JPY,119.00,1.000000,JPY,119.00
1387-4063-0482-25016,"Oct 11, 2015",2:02:21 PM PDT,,Google fee,,紅葉 HD ライブ壁紙,com.dhearts.lwp.momiji_2,0,,SOV31,JP,,739-2618,JPY,-36.00,1.000000,JPY,-36.00
1310-8351-3363-74107,"Oct 12, 2015",8:02:11 AM PDT,,Charge,,紅葉 HD ライブ壁紙,com.dhearts.lwp.momiji_2,0,,SO-03F,JP,,0680805,JPY,119.00,1.000000,JPY,119.00
1310-8351-3363-74107,"Oct 12, 2015",8:02:11 AM PDT,,Google fee,,紅葉 HD ライブ壁紙,com.dhearts.lwp.momiji_2,0,,SO-03F,JP,,0680805,JPY,-36.00,1.000000,JPY,-36.00
1363-5031-8518-20495,"Oct 12, 2015",4:24:36 PM PDT,,Charge,,紅葉 HD ライブ壁紙,com.dhearts.lwp.momiji_2,0,,SBM200SH,JP,,7612305,JPY,119.00,1.000000,JPY,119.00
1363-5031-8518-20495,"Oct 12, 2015",4:24:36 PM PDT,,Google fee,,紅葉 HD ライブ壁紙,com.dhearts.lwp.momiji_2,0,,SBM200SH,JP,,7612305,JPY,-36.00,1.000000,JPY,-36.00
1345-8285-5803-99411,"Oct 12, 2015",6:32:46 PM PDT,,Charge,,紅葉 HD ライブ壁紙,com.dhearts.lwp.momiji_2,0,,SH-06F,JP,,9100005,JPY,119.00,1.000000,JPY,119.00
1345-8285-5803-99411,"Oct 12, 2015",6:32:46 PM PDT,,Google fee,,紅葉 HD ライブ壁紙,com.dhearts.lwp.momiji_2,0,,SH-06F,JP,,9100005,JPY,-36.00,1.000000,JPY,-36.00
1376-0255-5800-58497,"Oct 13, 2015",10:38:01 AM PDT,,Charge,,10000 coins,com.dhearts.labyrinth,1,coin10,p1,US,IN,47150,USD,1.69,119.810000,JPY,202.00
1376-0255-5800-58497,"Oct 13, 2015",10:38:01 AM PDT,,Google fee,,10000 coins,com.dhearts.labyrinth,1,coin10,p1,US,IN,47150,USD,-0.51,119.810000,JPY,-61.00
1339-9678-4382-31811,"Oct 13, 2015",10:38:35 AM PDT,,Charge,,10000 coins,com.dhearts.labyrinth,1,coin10,p1,US,IN,47150,USD,1.69,119.810000,JPY,202.00
1339-9678-4382-31811,"Oct 13, 2015",10:38:35 AM PDT,,Google fee,,10000 coins,com.dhearts.labyrinth,1,coin10,p1,US,IN,47150,USD,-0.51,119.810000,JPY,-61.00
1335-0028-0593-96682,"Oct 13, 2015",10:39:56 AM PDT,,Charge,,10000 coins,com.dhearts.labyrinth,1,coin10,p1,US,IN,47150,USD,1.69,119.810000,JPY,202.00
1335-0028-0593-96682,"Oct 13, 2015",10:39:56 AM PDT,,Google fee,,10000 coins,com.dhearts.labyrinth,1,coin10,p1,US,IN,47150,USD,-0.51,119.810000,JPY,-61.00
1396-8778-5219-39088,"Oct 13, 2015",10:41:34 AM PDT,,Charge,,10000 coins,com.dhearts.labyrinth,1,coin10,p1,US,IN,47150,USD,1.69,119.810000,JPY,202.00
1396-8778-5219-39088,"Oct 13, 2015",10:41:34 AM PDT,,Google fee,,10000 coins,com.dhearts.labyrinth,1,coin10,p1,US,IN,47150,USD,-0.51,119.810000,JPY,-61.00
1324-7350-2133-09246,"Oct 13, 2015",11:47:37 AM PDT,,Charge,,紅葉 HD ライブ壁紙,com.dhearts.lwp.momiji_2,0,,SHT21,JP,,5950006,JPY,119.00,1.000000,JPY,119.00
1324-7350-2133-09246,"Oct 13, 2015",11:47:37 AM PDT,,Google fee,,紅葉 HD ライブ壁紙,com.dhearts.lwp.momiji_2,0,,SHT21,JP,,5950006,JPY,-36.00,1.000000,JPY,-36.00
1332-2335-7025-25457,"Oct 13, 2015",1:36:52 PM PDT,,Charge,,紅葉 HD ライブ壁紙,com.dhearts.lwp.momiji_2,0,,SGP612,JP,,2270038,JPY,119.00,1.000000,JPY,119.00
1332-2335-7025-25457,"Oct 13, 2015",1:36:52 PM PDT,,Google fee,,紅葉 HD ライブ壁紙,com.dhearts.lwp.momiji_2,0,,SGP612,JP,,2270038,JPY,-36.00,1.000000,JPY,-36.00
1377-4438-5424-16081,"Oct 14, 2015",9:38:07 AM PDT,,Charge,,紅葉 HD ライブ壁紙,com.dhearts.lwp.momiji_2,0,,KYV35,JP,,6300222,JPY,119.00,1.000000,JPY,119.00
1377-4438-5424-16081,"Oct 14, 2015",9:38:07 AM PDT,,Google fee,,紅葉 HD ライブ壁紙,com.dhearts.lwp.momiji_2,0,,KYV35,JP,,6300222,JPY,-36.00,1.000000,JPY,-36.00
1370-6285-4162-44517,"Oct 14, 2015",12:43:25 PM PDT,,Charge,,夜桜　ライブ壁紙,com.quan.lwp.fallingleaveslwp,0,,ASUS_T00N,TW,,23644,TWD,30.00,3.677000,JPY,110.00
1370-6285-4162-44517,"Oct 14, 2015",12:43:25 PM PDT,,Google fee,,夜桜　ライブ壁紙,com.quan.lwp.fallingleaveslwp,0,,ASUS_T00N,TW,,23644,TWD,-9.00,3.677000,JPY,-33.00
1312-5676-1644-17397,"Oct 14, 2015",12:46:26 PM PDT,,Charge,,夜桜　ライブ壁紙,com.quan.lwp.fallingleaveslwp,0,,401SO,JP,,7314221,JPY,99.00,1.000000,JPY,99.00
1312-5676-1644-17397,"Oct 14, 2015",12:46:26 PM PDT,,Google fee,,夜桜　ライブ壁紙,com.quan.lwp.fallingleaveslwp,0,,401SO,JP,,7314221,JPY,-30.00,1.000000,JPY,-30.00
1302-6584-8028-51426,"Oct 14, 2015",1:23:09 PM PDT,,Charge,,紅葉 HD ライブ壁紙,com.dhearts.lwp.momiji_2,0,,SG305SH,JP,,133-0065,JPY,119.00,1.000000,JPY,119.00
1302-6584-8028-51426,"Oct 14, 2015",1:23:09 PM PDT,,Google fee,,紅葉 HD ライブ壁紙,com.dhearts.lwp.momiji_2,0,,SG305SH,JP,,133-0065,JPY,-36.00,1.000000,JPY,-36.00
1303-6179-5254-79053,"Oct 14, 2015",1:35:34 PM PDT,,Charge,,Autumn Leaves HD LiveWallpaper,com.dhearts.lwp.momiji_2,0,,B6000,JP,,2900014,JPY,119.00,1.000000,JPY,119.00
1303-6179-5254-79053,"Oct 14, 2015",1:35:34 PM PDT,,Google fee,,Autumn Leaves HD LiveWallpaper,com.dhearts.lwp.momiji_2,0,,B6000,JP,,2900014,JPY,-36.00,1.000000,JPY,-36.00
1385-1958-1541-17790,"Oct 14, 2015",1:35:53 PM PDT,,Charge,,夜桜 HD ライブ壁紙,com.dhearts.lwp.cherryblossom_2,0,,B6000,JP,,2900014,JPY,119.00,1.000000,JPY,119.00
1385-1958-1541-17790,"Oct 14, 2015",1:35:53 PM PDT,,Google fee,,夜桜 HD ライブ壁紙,com.dhearts.lwp.cherryblossom_2,0,,B6000,JP,,2900014,JPY,-36.00,1.000000,JPY,-36.00
1362-1809-5114-15242,"Oct 14, 2015",2:27:56 PM PDT,,Charge,,夜桜 HD ライブ壁紙,com.dhearts.lwp.cherryblossom_2,0,,SH-03G,JP,,4130101,JPY,119.00,1.000000,JPY,119.00
1362-1809-5114-15242,"Oct 14, 2015",2:27:56 PM PDT,,Google fee,,夜桜 HD ライブ壁紙,com.dhearts.lwp.cherryblossom_2,0,,SH-03G,JP,,4130101,JPY,-36.00,1.000000,JPY,-36.00
1393-5113-6159-34564,"Oct 14, 2015",2:34:08 PM PDT,,Charge,,紅葉 HD ライブ壁紙,com.dhearts.lwp.momiji_2,0,,SH-03G,JP,,4130101,JPY,119.00,1.000000,JPY,119.00
1393-5113-6159-34564,"Oct 14, 2015",2:34:08 PM PDT,,Google fee,,紅葉 HD ライブ壁紙,com.dhearts.lwp.momiji_2,0,,SH-03G,JP,,4130101,JPY,-36.00,1.000000,JPY,-36.00
1329-0994-6222-47813,"Oct 15, 2015",1:18:56 AM PDT,,Charge,,夜桜 HD ライブ壁紙,com.dhearts.lwp.cherryblossom_2,0,,ASUS_T00N,TW,,23644,TWD,30.00,3.692200,JPY,111.00
1329-0994-6222-47813,"Oct 15, 2015",1:18:56 AM PDT,,Google fee,,夜桜 HD ライブ壁紙,com.dhearts.lwp.cherryblossom_2,0,,ASUS_T00N,TW,,23644,TWD,-9.00,3.692200,JPY,-33.00
1319-5618-7250-91519,"Oct 15, 2015",7:52:27 AM PDT,,Charge,,夜桜 HD ライブ壁紙,com.dhearts.lwp.cherryblossom_2,0,,SO-03G,JP,高知県,7808040,JPY,119.00,1.000000,JPY,119.00
1319-5618-7250-91519,"Oct 15, 2015",7:52:27 AM PDT,,Google fee,,夜桜 HD ライブ壁紙,com.dhearts.lwp.cherryblossom_2,0,,SO-03G,JP,高知県,7808040,JPY,-36.00,1.000000,JPY,-36.00
1321-3360-9251-71452,"Oct 15, 2015",10:19:51 AM PDT,,Charge,,夜桜　ライブ壁紙,com.quan.lwp.fallingleaveslwp,0,,KYY24,JP,,847-1421,JPY,99.00,1.000000,JPY,99.00
1321-3360-9251-71452,"Oct 15, 2015",10:19:51 AM PDT,,Google fee,,夜桜　ライブ壁紙,com.quan.lwp.fallingleaveslwp,0,,KYY24,JP,,847-1421,JPY,-30.00,1.000000,JPY,-30.00
1313-4384-5552-92257,"Oct 15, 2015",11:51:15 AM PDT,,Charge,,CherryBlossom HD LiveWallpaper,com.dhearts.lwp.cherryblossom_2,0,,klimtlte,US,MA,01890,USD,0.99,118.260000,JPY,117.00
1313-4384-5552-92257,"Oct 15, 2015",11:51:15 AM PDT,,Google fee,,CherryBlossom HD LiveWallpaper,com.dhearts.lwp.cherryblossom_2,0,,klimtlte,US,MA,01890,USD,-0.30,118.260000,JPY,-35.00
1398-0182-2943-23954,"Oct 15, 2015",1:00:16 PM PDT,,Charge,,Autumn Leaves HD LiveWallpaper,com.dhearts.lwp.momiji_2,0,,v2lte,FI,,90520,EUR,0.88,135.220000,JPY,119.00
1398-0182-2943-23954,"Oct 15, 2015",1:00:16 PM PDT,,Google fee,,Autumn Leaves HD LiveWallpaper,com.dhearts.lwp.momiji_2,0,,v2lte,FI,,90520,EUR,-0.26,135.220000,JPY,-35.00
1336-1110-9236-97760,"Oct 15, 2015",1:32:29 PM PDT,,Charge,,夜桜 HD ライブ壁紙,com.dhearts.lwp.cherryblossom_2,0,,SGP612,JP,,8640022,JPY,119.00,1.000000,JPY,119.00
1336-1110-9236-97760,"Oct 15, 2015",1:32:29 PM PDT,,Google fee,,夜桜 HD ライブ壁紙,com.dhearts.lwp.cherryblossom_2,0,,SGP612,JP,,8640022,JPY,-36.00,1.000000,JPY,-36.00
1327-3179-5323-44407,"Oct 15, 2015",3:05:16 PM PDT,,Charge,,紅葉 HD ライブ壁紙,com.dhearts.lwp.momiji_2,0,,SO-01F,JP,,9202304,JPY,119.00,1.000000,JPY,119.00
1327-3179-5323-44407,"Oct 15, 2015",3:05:16 PM PDT,,Google fee,,紅葉 HD ライブ壁紙,com.dhearts.lwp.momiji_2,0,,SO-01F,JP,,9202304,JPY,-36.00,1.000000,JPY,-36.00
1362-3494-3623-68985,"Oct 16, 2015",3:19:32 PM PDT,,Charge,,紅葉 HD ライブ壁紙,com.dhearts.lwp.momiji_2,0,,SO-04G,JP,,0288802,JPY,119.00,1.000000,JPY,119.00
1362-3494-3623-68985,"Oct 16, 2015",3:19:32 PM PDT,,Google fee,,紅葉 HD ライブ壁紙,com.dhearts.lwp.momiji_2,0,,SO-04G,JP,,0288802,JPY,-36.00,1.000000,JPY,-36.00
1327-1096-2261-50396,"Oct 16, 2015",7:43:03 PM PDT,,Charge,,紅葉 HD ライブ壁紙,com.dhearts.lwp.momiji_2,0,,401SO,JP,,9392759,JPY,119.00,1.000000,JPY,119.00
1327-1096-2261-50396,"Oct 16, 2015",7:43:03 PM PDT,,Google fee,,紅葉 HD ライブ壁紙,com.dhearts.lwp.momiji_2,0,,401SO,JP,,9392759,JPY,-36.00,1.000000,JPY,-36.00
1314-5163-4173-44141,"Oct 17, 2015",11:42:29 AM PDT,,Charge,,夜桜　ライブ壁紙,com.quan.lwp.fallingleaveslwp,0,,M320e,TW,,604,TWD,30.00,3.711700,JPY,111.00
1314-5163-4173-44141,"Oct 17, 2015",11:42:29 AM PDT,,Google fee,,夜桜　ライブ壁紙,com.quan.lwp.fallingleaveslwp,0,,M320e,TW,,604,TWD,-9.00,3.711700,JPY,-33.00
1345-2049-6229-12437,"Oct 17, 2015",3:35:05 PM PDT,,Charge,,紅葉 HD ライブ壁紙,com.dhearts.lwp.momiji_2,0,,SO-01G,JP,東京都,1900022,JPY,119.00,1.000000,JPY,119.00
1345-2049-6229-12437,"Oct 17, 2015",3:35:05 PM PDT,,Google fee,,紅葉 HD ライブ壁紙,com.dhearts.lwp.momiji_2,0,,SO-01G,JP,東京都,1900022,JPY,-36.00,1.000000,JPY,-36.00
1304-0576-4547-32559,"Oct 17, 2015",9:43:08 PM PDT,,Charge,,10000 coins,com.dhearts.labyrinth,1,coin10,p1,US,IN,47150,USD,1.69,119.490000,JPY,202.00
1304-0576-4547-32559,"Oct 17, 2015",9:43:08 PM PDT,,Google fee,,10000 coins,com.dhearts.labyrinth,1,coin10,p1,US,IN,47150,USD,-0.51,119.490000,JPY,-61.00
1384-2196-6701-63399,"Oct 17, 2015",9:43:20 PM PDT,,Charge,,10000 coins,com.dhearts.labyrinth,1,coin10,p1,US,IN,47150,USD,1.69,119.490000,JPY,202.00
1384-2196-6701-63399,"Oct 17, 2015",9:43:20 PM PDT,,Google fee,,10000 coins,com.dhearts.labyrinth,1,coin10,p1,US,IN,47150,USD,-0.51,119.490000,JPY,-61.00
1332-3195-6258-32537,"Oct 18, 2015",8:13:48 AM PDT,,Charge,,紅葉 HD ライブ壁紙,com.dhearts.lwp.momiji_2,0,,F04G,JP,,860-0072,JPY,119.00,1.000000,JPY,119.00
1332-3195-6258-32537,"Oct 18, 2015",8:13:48 AM PDT,,Google fee,,紅葉 HD ライブ壁紙,com.dhearts.lwp.momiji_2,0,,F04G,JP,,860-0072,JPY,-36.00,1.000000,JPY,-36.00
1327-1695-3129-26806,"Oct 19, 2015",4:10:03 AM PDT,,Charge,,夜桜 HD ライブ壁紙,com.dhearts.lwp.cherryblossom_2,0,,msm8916_32,TW,,221,TWD,30.00,3.694700,JPY,111.00
1327-1695-3129-26806,"Oct 19, 2015",4:10:03 AM PDT,,Google fee,,夜桜 HD ライブ壁紙,com.dhearts.lwp.cherryblossom_2,0,,msm8916_32,TW,,221,TWD,-9.00,3.694700,JPY,-33.00
1362-3720-9296-40125,"Oct 19, 2015",11:51:54 AM PDT,,Charge,,紅葉 HD ライブ壁紙,com.dhearts.lwp.momiji_2,0,,SC-04E,JP,,1310041,JPY,119.00,1.000000,JPY,119.00
1362-3720-9296-40125,"Oct 19, 2015",11:51:54 AM PDT,,Google fee,,紅葉 HD ライブ壁紙,com.dhearts.lwp.momiji_2,0,,SC-04E,JP,,1310041,JPY,-36.00,1.000000,JPY,-36.00
1349-2001-8511-62576,"Oct 19, 2015",12:04:17 PM PDT,,Charge,,夜桜 HD ライブ壁紙,com.dhearts.lwp.cherryblossom_2,0,,SC-04F,JP,,329-0515,JPY,119.00,1.000000,JPY,119.00
1349-2001-8511-62576,"Oct 19, 2015",12:04:17 PM PDT,,Google fee,,夜桜 HD ライブ壁紙,com.dhearts.lwp.cherryblossom_2,0,,SC-04F,JP,,329-0515,JPY,-36.00,1.000000,JPY,-36.00
1377-0595-9414-19832,"Oct 19, 2015",12:08:04 PM PDT,,Charge,,紅葉 HD ライブ壁紙,com.dhearts.lwp.momiji_2,0,,SC-04F,JP,,329-0515,JPY,119.00,1.000000,JPY,119.00
1377-0595-9414-19832,"Oct 19, 2015",12:08:04 PM PDT,,Google fee,,紅葉 HD ライブ壁紙,com.dhearts.lwp.momiji_2,0,,SC-04F,JP,,329-0515,JPY,-36.00,1.000000,JPY,-36.00
1358-5796-0282-38793,"Oct 19, 2015",3:37:49 PM PDT,,Charge,,紅葉 HD ライブ壁紙,com.dhearts.lwp.momiji_2,0,,SC-02E,JP,,3070001,JPY,119.00,1.000000,JPY,119.00
1358-5796-0282-38793,"Oct 19, 2015",3:37:49 PM PDT,,Google fee,,紅葉 HD ライブ壁紙,com.dhearts.lwp.momiji_2,0,,SC-02E,JP,,3070001,JPY,-36.00,1.000000,JPY,-36.00
1334-5373-8729-03895,"Oct 19, 2015",10:35:09 PM PDT,,Charge,,夜桜 HD ライブ壁紙,com.dhearts.lwp.cherryblossom_2,0,,SH-01G,JP,,239-0814,JPY,119.00,1.000000,JPY,119.00
1334-5373-8729-03895,"Oct 19, 2015",10:35:09 PM PDT,,Google fee,,夜桜 HD ライブ壁紙,com.dhearts.lwp.cherryblossom_2,0,,SH-01G,JP,,239-0814,JPY,-36.00,1.000000,JPY,-36.00
1323-2499-3561-62425,"Oct 20, 2015",7:51:01 AM PDT,,Charge,,紅葉 HD ライブ壁紙,com.dhearts.lwp.momiji_2,0,,SO-04E,JP,,3330852,JPY,119.00,1.000000,JPY,119.00
1323-2499-3561-62425,"Oct 20, 2015",7:51:01 AM PDT,,Google fee,,紅葉 HD ライブ壁紙,com.dhearts.lwp.momiji_2,0,,SO-04E,JP,,3330852,JPY,-36.00,1.000000,JPY,-36.00
1349-0216-4733-85753,"Oct 21, 2015",2:39:25 AM PDT,,Charge,,紅葉 HD ライブ壁紙,com.dhearts.lwp.momiji_2,0,,SO-01G,JP,,7150003,JPY,119.00,1.000000,JPY,119.00
1349-0216-4733-85753,"Oct 21, 2015",2:39:25 AM PDT,,Google fee,,紅葉 HD ライブ壁紙,com.dhearts.lwp.momiji_2,0,,SO-01G,JP,,7150003,JPY,-36.00,1.000000,JPY,-36.00
1352-5804-3273-21599,"Oct 21, 2015",7:09:21 AM PDT,,Charge,,夜桜 HD ライブ壁紙,com.dhearts.lwp.cherryblossom_2,0,,SH-03G,JP,,7128032,JPY,119.00,1.000000,JPY,119.00
1352-5804-3273-21599,"Oct 21, 2015",7:09:21 AM PDT,,Google fee,,夜桜 HD ライブ壁紙,com.dhearts.lwp.cherryblossom_2,0,,SH-03G,JP,,7128032,JPY,-36.00,1.000000,JPY,-36.00
1398-2200-4532-93363,"Oct 21, 2015",10:43:42 AM PDT,,Charge,,紅葉 HD ライブ壁紙,com.dhearts.lwp.momiji_2,0,,SOL26,JP,石川県,9291312,JPY,119.00,1.000000,JPY,119.00
1398-2200-4532-93363,"Oct 21, 2015",10:43:42 AM PDT,,Google fee,,紅葉 HD ライブ壁紙,com.dhearts.lwp.momiji_2,0,,SOL26,JP,石川県,9291312,JPY,-36.00,1.000000,JPY,-36.00
1358-2098-9481-50335,"Oct 21, 2015",11:25:03 AM PDT,,Charge,,夜桜 HD ライブ壁紙,com.dhearts.lwp.cherryblossom_2,0,,SO-03G,JP,,6600881,JPY,119.00,1.000000,JPY,119.00
1358-2098-9481-50335,"Oct 21, 2015",11:25:03 AM PDT,,Google fee,,夜桜 HD ライブ壁紙,com.dhearts.lwp.cherryblossom_2,0,,SO-03G,JP,,6600881,JPY,-36.00,1.000000,JPY,-36.00
1300-1566-2293-44571,"Oct 21, 2015",11:25:41 AM PDT,,Charge,,紅葉 HD ライブ壁紙,com.dhearts.lwp.momiji_2,0,,SO-03G,JP,,6600881,JPY,119.00,1.000000,JPY,119.00
1300-1566-2293-44571,"Oct 21, 2015",11:25:41 AM PDT,,Google fee,,紅葉 HD ライブ壁紙,com.dhearts.lwp.momiji_2,0,,SO-03G,JP,,6600881,JPY,-36.00,1.000000,JPY,-36.00
1350-4889-5619-56930,"Oct 21, 2015",12:47:18 PM PDT,,Charge,,夜桜　ライブ壁紙,com.quan.lwp.fallingleaveslwp,0,,ASUS_T00F,TW,,600,TWD,30.00,3.689700,JPY,111.00
1350-4889-5619-56930,"Oct 21, 2015",12:47:18 PM PDT,,Google fee,,夜桜　ライブ壁紙,com.quan.lwp.fallingleaveslwp,0,,ASUS_T00F,TW,,600,TWD,-9.00,3.689700,JPY,-33.00
1368-7822-4860-47842,"Oct 21, 2015",1:39:01 PM PDT,,Charge,,夜桜 HD ライブ壁紙,com.dhearts.lwp.cherryblossom_2,0,,SHL22,JP,,332-0034,JPY,119.00,1.000000,JPY,119.00
1368-7822-4860-47842,"Oct 21, 2015",1:39:01 PM PDT,,Google fee,,夜桜 HD ライブ壁紙,com.dhearts.lwp.cherryblossom_2,0,,SHL22,JP,,332-0034,JPY,-36.00,1.000000,JPY,-36.00
1345-6545-3969-43187,"Oct 22, 2015",6:33:04 AM PDT,,Charge,,夜桜 HD ライブ壁紙,com.dhearts.lwp.cherryblossom_2,0,,SHL22,JP,,3730802,JPY,119.00,1.000000,JPY,119.00
1345-6545-3969-43187,"Oct 22, 2015",6:33:04 AM PDT,,Google fee,,夜桜 HD ライブ壁紙,com.dhearts.lwp.cherryblossom_2,0,,SHL22,JP,,3730802,JPY,-36.00,1.000000,JPY,-36.00
1306-1621-0701-63297,"Oct 22, 2015",6:35:25 AM PDT,,Charge,,紅葉 HD ライブ壁紙,com.dhearts.lwp.momiji_2,0,,SHL22,JP,,3730802,JPY,119.00,1.000000,JPY,119.00
1306-1621-0701-63297,"Oct 22, 2015",6:35:25 AM PDT,,Google fee,,紅葉 HD ライブ壁紙,com.dhearts.lwp.momiji_2,0,,SHL22,JP,,3730802,JPY,-36.00,1.000000,JPY,-36.00
1388-3178-0223-77853,"Oct 22, 2015",12:34:27 PM PDT,,Charge,,Autumn Leaves HD LiveWallpaper,com.dhearts.lwp.momiji_2,0,,Vandroid,JP,,3710247,JPY,119.00,1.000000,JPY,119.00
1388-3178-0223-77853,"Oct 22, 2015",12:34:27 PM PDT,,Google fee,,Autumn Leaves HD LiveWallpaper,com.dhearts.lwp.momiji_2,0,,Vandroid,JP,,3710247,JPY,-36.00,1.000000,JPY,-36.00
1349-8716-4959-59031,"Oct 22, 2015",4:58:50 PM PDT,,Charge,,10000 coins,com.dhearts.labyrinth,1,coin10,p1,US,IN,47150,USD,1.69,120.690000,JPY,204.00
1349-8716-4959-59031,"Oct 22, 2015",4:58:50 PM PDT,,Google fee,,10000 coins,com.dhearts.labyrinth,1,coin10,p1,US,IN,47150,USD,-0.51,120.690000,JPY,-62.00
1377-3833-4695-51847,"Oct 22, 2015",4:59:27 PM PDT,,Charge,,10000 coins,com.dhearts.labyrinth,1,coin10,p1,US,IN,47150,USD,1.69,120.690000,JPY,204.00
1377-3833-4695-51847,"Oct 22, 2015",4:59:27 PM PDT,,Google fee,,10000 coins,com.dhearts.labyrinth,1,coin10,p1,US,IN,47150,USD,-0.51,120.690000,JPY,-62.00
1317-6583-2823-73262,"Oct 23, 2015",12:00:32 PM PDT,,Charge,,夜桜 HD ライブ壁紙,com.dhearts.lwp.cherryblossom_2,0,,SCV31,JP,,0840905,JPY,119.00,1.000000,JPY,119.00
1317-6583-2823-73262,"Oct 23, 2015",12:00:32 PM PDT,,Google fee,,夜桜 HD ライブ壁紙,com.dhearts.lwp.cherryblossom_2,0,,SCV31,JP,,0840905,JPY,-36.00,1.000000,JPY,-36.00
1313-5013-3895-93915,"Oct 23, 2015",12:02:25 PM PDT,,Charge,,紅葉 HD ライブ壁紙,com.dhearts.lwp.momiji_2,0,,SCV31,JP,,0840905,JPY,119.00,1.000000,JPY,119.00
1313-5013-3895-93915,"Oct 23, 2015",12:02:25 PM PDT,,Google fee,,紅葉 HD ライブ壁紙,com.dhearts.lwp.momiji_2,0,,SCV31,JP,,0840905,JPY,-36.00,1.000000,JPY,-36.00
1322-9658-3174-70063,"Oct 23, 2015",12:14:33 PM PDT,,Charge,,夜桜　ライブ壁紙,com.quan.lwp.fallingleaveslwp,0,,zenlte,AU,,3122,AUD,0.99,87.446000,JPY,87.00
1322-9658-3174-70063,"Oct 23, 2015",12:14:33 PM PDT,,Google fee,,夜桜　ライブ壁紙,com.quan.lwp.fallingleaveslwp,0,,zenlte,AU,,3122,AUD,-0.30,87.446000,JPY,-26.00
1398-6191-8601-30946,"Oct 24, 2015",12:54:32 AM PDT,,Charge,,夜桜 HD ライブ壁紙,com.dhearts.lwp.cherryblossom_2,0,,SC-05G,JP,,230-0001,JPY,119.00,1.000000,JPY,119.00
1398-6191-8601-30946,"Oct 24, 2015",12:54:32 AM PDT,,Google fee,,夜桜 HD ライブ壁紙,com.dhearts.lwp.cherryblossom_2,0,,SC-05G,JP,,230-0001,JPY,-36.00,1.000000,JPY,-36.00
1364-8273-2229-65485,"Oct 24, 2015",5:47:02 AM PDT,,Charge,,夜桜 HD ライブ壁紙,com.dhearts.lwp.cherryblossom_2,0,,ASUS_T00G,TW,,204,TWD,30.00,3.738700,JPY,112.00
1364-8273-2229-65485,"Oct 24, 2015",5:47:02 AM PDT,,Google fee,,夜桜 HD ライブ壁紙,com.dhearts.lwp.cherryblossom_2,0,,ASUS_T00G,TW,,204,TWD,-9.00,3.738700,JPY,-34.00
1359-0400-8692-21110,"Oct 24, 2015",10:27:56 AM PDT,,Charge,,夜桜 HD ライブ壁紙,com.dhearts.lwp.cherryblossom_2,0,,SCV31,JP,,1920023,JPY,119.00,1.000000,JPY,119.00
1359-0400-8692-21110,"Oct 24, 2015",10:27:56 AM PDT,,Google fee,,夜桜 HD ライブ壁紙,com.dhearts.lwp.cherryblossom_2,0,,SCV31,JP,,1920023,JPY,-36.00,1.000000,JPY,-36.00
1394-5174-4661-34359,"Oct 24, 2015",10:34:55 AM PDT,,Charge,,紅葉 HD ライブ壁紙,com.dhearts.lwp.momiji_2,0,,SO-03G,JP,,483-8132,JPY,119.00,1.000000,JPY,119.00
1394-5174-4661-34359,"Oct 24, 2015",10:34:55 AM PDT,,Google fee,,紅葉 HD ライブ壁紙,com.dhearts.lwp.momiji_2,0,,SO-03G,JP,,483-8132,JPY,-36.00,1.000000,JPY,-36.00
1370-1640-6430-66986,"Oct 24, 2015",12:32:18 PM PDT,,Charge,,紅葉 HD ライブ壁紙,com.dhearts.lwp.momiji_2,0,,SO-03E,JP,,8617202,JPY,119.00,1.000000,JPY,119.00
1370-1640-6430-66986,"Oct 24, 2015",12:32:18 PM PDT,,Google fee,,紅葉 HD ライブ壁紙,com.dhearts.lwp.momiji_2,0,,SO-03E,JP,,8617202,JPY,-36.00,1.000000,JPY,-36.00
1379-8704-8332-85821,"Oct 24, 2015",6:53:59 PM PDT,,Charge,,紅葉 HD ライブ壁紙,com.dhearts.lwp.momiji_2,0,,SO-03G,JP,,0680031,JPY,119.00,1.000000,JPY,119.00
1379-8704-8332-85821,"Oct 24, 2015",6:53:59 PM PDT,,Google fee,,紅葉 HD ライブ壁紙,com.dhearts.lwp.momiji_2,0,,SO-03G,JP,,0680031,JPY,-36.00,1.000000,JPY,-36.00
1370-6501-9171-33960,"Oct 25, 2015",3:56:55 AM PDT,,Charge,,夜桜 HD ライブ壁紙,com.dhearts.lwp.cherryblossom_2,0,,SH-01G,JP,,4580805,JPY,119.00,1.000000,JPY,119.00
1370-6501-9171-33960,"Oct 25, 2015",3:56:55 AM PDT,,Google fee,,夜桜 HD ライブ壁紙,com.dhearts.lwp.cherryblossom_2,0,,SH-01G,JP,,4580805,JPY,-36.00,1.000000,JPY,-36.00
1389-8175-9039-87186,"Oct 25, 2015",11:33:01 PM PDT,,Charge,,50000 coins,com.dhearts.labyrinth,1,coin50,p1,US,IN,47150,USD,7.58,121.100000,JPY,918.00
1389-8175-9039-87186,"Oct 25, 2015",11:33:01 PM PDT,,Google fee,,50000 coins,com.dhearts.labyrinth,1,coin50,p1,US,IN,47150,USD,-2.27,121.100000,JPY,-275.00
1311-6383-6273-92873,"Oct 26, 2015",12:06:24 PM PDT,,Charge,,紅葉 HD ライブ壁紙,com.dhearts.lwp.momiji_2,0,,SOL26,JP,,6930051,JPY,119.00,1.000000,JPY,119.00
1311-6383-6273-92873,"Oct 26, 2015",12:06:24 PM PDT,,Google fee,,紅葉 HD ライブ壁紙,com.dhearts.lwp.momiji_2,0,,SOL26,JP,,6930051,JPY,-36.00,1.000000,JPY,-36.00
1347-9712-4902-19012,"Oct 26, 2015",2:07:24 PM PDT,,Charge,,5000 coins,com.dhearts.labyrinth,1,coin5,ks01ltektt,KR,경기,430-822,KRW,999.00,0.107030,JPY,107.00
1347-9712-4902-19012,"Oct 26, 2015",2:07:24 PM PDT,,Google fee,,5000 coins,com.dhearts.labyrinth,1,coin5,ks01ltektt,KR,경기,430-822,KRW,-300.00,0.107030,JPY,-32.00
1373-2815-4893-53161,"Oct 26, 2015",2:09:55 PM PDT,,Charge,,10000 coins,com.dhearts.labyrinth,1,coin10,p1,US,IN,47150,USD,1.69,121.010000,JPY,205.00
1373-2815-4893-53161,"Oct 26, 2015",2:09:55 PM PDT,,Google fee,,10000 coins,com.dhearts.labyrinth,1,coin10,p1,US,IN,47150,USD,-0.51,121.010000,JPY,-62.00
1373-7138-8252-07135,"Oct 26, 2015",2:09:55 PM PDT,,Charge,,10000 coins,com.dhearts.labyrinth,1,coin10,p1,US,IN,47150,USD,1.69,121.010000,JPY,205.00
1373-7138-8252-07135,"Oct 26, 2015",2:09:55 PM PDT,,Google fee,,10000 coins,com.dhearts.labyrinth,1,coin10,p1,US,IN,47150,USD,-0.51,121.010000,JPY,-62.00
1328-4554-1543-70534,"Oct 26, 2015",2:10:35 PM PDT,,Charge,,10000 coins,com.dhearts.labyrinth,1,coin10,p1,US,IN,47150,USD,1.69,121.010000,JPY,205.00
1328-4554-1543-70534,"Oct 26, 2015",2:10:35 PM PDT,,Google fee,,10000 coins,com.dhearts.labyrinth,1,coin10,p1,US,IN,47150,USD,-0.51,121.010000,JPY,-62.00
1358-4011-4487-01002,"Oct 26, 2015",2:23:44 PM PDT,,Charge,,10000 coins,com.dhearts.labyrinth,1,coin10,ks01ltektt,KR,경기,430-822,KRW,1836.00,0.107030,JPY,197.00
1358-4011-4487-01002,"Oct 26, 2015",2:23:44 PM PDT,,Google fee,,10000 coins,com.dhearts.labyrinth,1,coin10,ks01ltektt,KR,경기,430-822,KRW,-551.00,0.107030,JPY,-59.00
1329-5990-5959-63204,"Oct 26, 2015",3:57:45 PM PDT,,Charge,,夜桜　ライブ壁紙,com.quan.lwp.fallingleaveslwp,0,,dlxj,JP,,5150322,JPY,99.00,1.000000,JPY,99.00
1329-5990-5959-63204,"Oct 26, 2015",3:57:45 PM PDT,,Google fee,,夜桜　ライブ壁紙,com.quan.lwp.fallingleaveslwp,0,,dlxj,JP,,5150322,JPY,-30.00,1.000000,JPY,-30.00
1383-6426-0938-57242,"Oct 27, 2015",4:10:00 AM PDT,,Charge,,10000 coins,com.dhearts.labyrinth,1,coin10,ks01ltektt,KR,경기,430-822,KRW,1836.00,0.106230,JPY,195.00
1383-6426-0938-57242,"Oct 27, 2015",4:10:00 AM PDT,,Google fee,,10000 coins,com.dhearts.labyrinth,1,coin10,ks01ltektt,KR,경기,430-822,KRW,-551.00,0.106230,JPY,-59.00
1380-1183-7364-57694,"Oct 27, 2015",4:16:17 AM PDT,,Charge,,5000 coins,com.dhearts.labyrinth,1,coin5,ks01ltektt,KR,경기,430-822,KRW,999.00,0.106230,JPY,106.00
1380-1183-7364-57694,"Oct 27, 2015",4:16:17 AM PDT,,Google fee,,5000 coins,com.dhearts.labyrinth,1,coin5,ks01ltektt,KR,경기,430-822,KRW,-300.00,0.106230,JPY,-32.00
1323-1154-3863-60144,"Oct 27, 2015",12:01:59 PM PDT,,Charge,,紅葉 HD ライブ壁紙,com.dhearts.lwp.momiji_2,0,,SO-03F,JP,北海道,0020003,JPY,119.00,1.000000,JPY,119.00
1323-1154-3863-60144,"Oct 27, 2015",12:01:59 PM PDT,,Google fee,,紅葉 HD ライブ壁紙,com.dhearts.lwp.momiji_2,0,,SO-03F,JP,北海道,0020003,JPY,-36.00,1.000000,JPY,-36.00
1370-0834-7363-90583,"Oct 27, 2015",3:09:51 PM PDT,,Charge,,夜桜　ライブ壁紙,com.quan.lwp.fallingleaveslwp,0,,SBM303SH,JP,,5900144,JPY,99.00,1.000000,JPY,99.00
1370-0834-7363-90583,"Oct 27, 2015",3:09:51 PM PDT,,Google fee,,夜桜　ライブ壁紙,com.quan.lwp.fallingleaveslwp,0,,SBM303SH,JP,,5900144,JPY,-30.00,1.000000,JPY,-30.00
1352-6215-3910-95018,"Oct 27, 2015",5:04:32 PM PDT,,Charge,,夜桜　ライブ壁紙,com.quan.lwp.fallingleaveslwp,0,,delos3geur,CY,,6027,EUR,0.60,132.930000,JPY,80.00
1352-6215-3910-95018,"Oct 27, 2015",5:04:32 PM PDT,,Google fee,,夜桜　ライブ壁紙,com.quan.lwp.fallingleaveslwp,0,,delos3geur,CY,,6027,EUR,-0.18,132.930000,JPY,-24.00
1398-9782-0832-66244,"Oct 28, 2015",8:24:10 AM PDT,,Charge,,夜桜 HD ライブ壁紙,com.dhearts.lwp.cherryblossom_2,0,,402SO,JP,,169-0073,JPY,119.00,1.000000,JPY,119.00
1398-9782-0832-66244,"Oct 28, 2015",8:24:10 AM PDT,,Google fee,,夜桜 HD ライブ壁紙,com.dhearts.lwp.cherryblossom_2,0,,402SO,JP,,169-0073,JPY,-36.00,1.000000,JPY,-36.00
1316-2781-3115-03868,"Oct 28, 2015",2:41:48 PM PDT,,Charge,,夜桜 HD ライブ壁紙,com.dhearts.lwp.cherryblossom_2,0,,KYV34,JP,,5330013,JPY,119.00,1.000000,JPY,119.00
1316-2781-3115-03868,"Oct 28, 2015",2:41:48 PM PDT,,Google fee,,夜桜 HD ライブ壁紙,com.dhearts.lwp.cherryblossom_2,0,,KYV34,JP,,5330013,JPY,-36.00,1.000000,JPY,-36.00
1314-2979-5971-06755,"Oct 28, 2015",3:21:30 PM PDT,,Charge,,夜桜　ライブ壁紙,com.quan.lwp.fallingleaveslwp,0,,a7ltechn,TW,,630,TWD,30.00,3.715600,JPY,111.00
1314-2979-5971-06755,"Oct 28, 2015",3:21:30 PM PDT,,Google fee,,夜桜　ライブ壁紙,com.quan.lwp.fallingleaveslwp,0,,a7ltechn,TW,,630,TWD,-9.00,3.715600,JPY,-33.00
1334-9482-3101-55494,"Oct 28, 2015",6:26:07 PM PDT,,Charge,,10000 coins,com.dhearts.labyrinth,1,coin10,p1,US,IN,47150,USD,1.69,121.090000,JPY,205.00
1334-9482-3101-55494,"Oct 28, 2015",6:26:07 PM PDT,,Google fee,,10000 coins,com.dhearts.labyrinth,1,coin10,p1,US,IN,47150,USD,-0.51,121.090000,JPY,-62.00
1353-4078-4802-86679,"Oct 28, 2015",6:27:00 PM PDT,,Charge,,10000 coins,com.dhearts.labyrinth,1,coin10,p1,US,IN,47150,USD,1.69,121.090000,JPY,205.00
1353-4078-4802-86679,"Oct 28, 2015",6:27:00 PM PDT,,Google fee,,10000 coins,com.dhearts.labyrinth,1,coin10,p1,US,IN,47150,USD,-0.51,121.090000,JPY,-62.00
1383-6994-9032-55910,"Oct 28, 2015",6:44:10 PM PDT,,Charge,,紅葉 HD ライブ壁紙,com.dhearts.lwp.momiji_2,0,,402SO,JP,,6830805,JPY,119.00,1.000000,JPY,119.00
1383-6994-9032-55910,"Oct 28, 2015",6:44:10 PM PDT,,Google fee,,紅葉 HD ライブ壁紙,com.dhearts.lwp.momiji_2,0,,402SO,JP,,6830805,JPY,-36.00,1.000000,JPY,-36.00
1373-3913-2195-01269,"Oct 29, 2015",12:59:34 AM PDT,,Charge,,夜桜　ライブ壁紙,com.quan.lwp.fallingleaveslwp,0,,SC-04E,JP,,6893542,JPY,99.00,1.000000,JPY,99.00
1373-3913-2195-01269,"Oct 29, 2015",12:59:34 AM PDT,,Google fee,,夜桜　ライブ壁紙,com.quan.lwp.fallingleaveslwp,0,,SC-04E,JP,,6893542,JPY,-30.00,1.000000,JPY,-30.00
1358-2250-2001-35879,"Oct 29, 2015",2:19:46 AM PDT,,Charge,,紅葉 HD ライブ壁紙,com.dhearts.lwp.momiji_2,0,,SO-01G,JP,,8840003,JPY,119.00,1.000000,JPY,119.00
1358-2250-2001-35879,"Oct 29, 2015",2:19:46 AM PDT,,Google fee,,紅葉 HD ライブ壁紙,com.dhearts.lwp.momiji_2,0,,SO-01G,JP,,8840003,JPY,-36.00,1.000000,JPY,-36.00
1352-2005-6186-05502,"Oct 29, 2015",5:29:21 AM PDT,,Charge,,紅葉 HD ライブ壁紙,com.dhearts.lwp.momiji_2,0,,SC-02G,JP,,5141105,JPY,119.00,1.000000,JPY,119.00
1352-2005-6186-05502,"Oct 29, 2015",5:29:21 AM PDT,,Google fee,,紅葉 HD ライブ壁紙,com.dhearts.lwp.momiji_2,0,,SC-02G,JP,,5141105,JPY,-36.00,1.000000,JPY,-36.00
1314-4151-1606-52991,"Oct 29, 2015",10:10:30 AM PDT,,Charge,,紅葉 HD ライブ壁紙,com.dhearts.lwp.momiji_2,0,,402SO,JP,,9631162,JPY,119.00,1.000000,JPY,119.00
1314-4151-1606-52991,"Oct 29, 2015",10:10:30 AM PDT,,Google fee,,紅葉 HD ライブ壁紙,com.dhearts.lwp.momiji_2,0,,402SO,JP,,9631162,JPY,-36.00,1.000000,JPY,-36.00
1378-7519-8144-59798,"Oct 30, 2015",8:42:14 PM PDT,,Charge,,紅葉 HD ライブ壁紙,com.dhearts.lwp.momiji_2,0,,SC-01F,JP,,0030028,JPY,119.00,1.000000,JPY,119.00
1378-7519-8144-59798,"Oct 30, 2015",8:42:14 PM PDT,,Google fee,,紅葉 HD ライブ壁紙,com.dhearts.lwp.momiji_2,0,,SC-01F,JP,,0030028,JPY,-36.00,1.000000,JPY,-36.00
1337-8478-2134-18820,"Oct 30, 2015",11:04:13 PM PDT,,Charge,,夜桜 HD ライブ壁紙,com.dhearts.lwp.cherryblossom_2,0,,FJL22_jp_kdi,JP,大阪府,551-0012,JPY,119.00,1.000000,JPY,119.00
1337-8478-2134-18820,"Oct 30, 2015",11:04:13 PM PDT,,Google fee,,夜桜 HD ライブ壁紙,com.dhearts.lwp.cherryblossom_2,0,,FJL22_jp_kdi,JP,大阪府,551-0012,JPY,-36.00,1.000000,JPY,-36.00
1318-6745-8113-47530,"Oct 31, 2015",12:17:48 AM PDT,,Charge,,紅葉 HD ライブ壁紙,com.dhearts.lwp.momiji_2,0,,SOV32,JP,,193-0826,JPY,119.00,1.000000,JPY,119.00
1318-6745-8113-47530,"Oct 31, 2015",12:17:48 AM PDT,,Google fee,,紅葉 HD ライブ壁紙,com.dhearts.lwp.momiji_2,0,,SOV32,JP,,193-0826,JPY,-36.00,1.000000,JPY,-36.00
1338-7012-5610-49111,"Oct 31, 2015",6:11:10 AM PDT,,Charge,,紅葉 HD ライブ壁紙,com.dhearts.lwp.momiji_2,0,,PC-TE510S1_nec,JP,,8891603,JPY,119.00,1.000000,JPY,119.00
1338-7012-5610-49111,"Oct 31, 2015",6:11:10 AM PDT,,Google fee,,紅葉 HD ライブ壁紙,com.dhearts.lwp.momiji_2,0,,PC-TE510S1_nec,JP,,8891603,JPY,-36.00,1.000000,JPY,-36.00
1365-1987-9442-92070,"Oct 31, 2015",10:24:17 AM PDT,,Charge,,夜桜 HD ライブ壁紙,com.dhearts.lwp.cherryblossom_2,0,,Z00A_1,JP,,3500466,JPY,119.00,1.000000,JPY,119.00
1365-1987-9442-92070,"Oct 31, 2015",10:24:17 AM PDT,,Google fee,,夜桜 HD ライブ壁紙,com.dhearts.lwp.cherryblossom_2,0,,Z00A_1,JP,,3500466,JPY,-36.00,1.000000,JPY,-36.00
1379-4746-3821-80162,"Oct 31, 2015",7:56:29 PM PDT,,Charge,,5000 coins,com.dhearts.labyrinth,1,coin5,p1,US,IN,47150,USD,0.99,120.670000,JPY,119.00
1379-4746-3821-80162,"Oct 31, 2015",7:56:29 PM PDT,,Google fee,,5000 coins,com.dhearts.labyrinth,1,coin5,p1,US,IN,47150,USD,-0.30,120.670000,JPY,-36.00
1336-6454-8384-23716,"Oct 31, 2015",11:22:04 PM PDT,,Charge,,紅葉 HD ライブ壁紙,com.dhearts.lwp.momiji_2,0,,SC-04G,JP,,4240823,JPY,119.00,1.000000,JPY,119.00
1336-6454-8384-23716,"Oct 31, 2015",11:22:04 PM PDT,,Google fee,,紅葉 HD ライブ壁紙,com.dhearts.lwp.momiji_2,0,,SC-04G,JP,,4240823,JPY,-36.00,1.000000,JPY,-36.00
