Order Number,Order Charged Date,Order Charged Timestamp,Financial Status,Device Model,Product Title,Product ID,Product Type,SKU ID,Currency of Sale,Item Price,Taxes Collected,Charged Amount,City of Buyer,State of Buyer,Postal Code of Buyer,Country of Buyer
1372-2432-8706-09572,2015-09-01,1441142757,Charged,SOL24,夜桜　ライブ壁紙,com.quan.lwp.fallingleaveslwp,paidapp,,JPY,99.00,0.00,99.00,,,222-0001,JP
1313-7703-7513-73713,2015-09-01,1441143228,Charged,SOL24,夜桜 HD ライブ壁紙,com.dhearts.lwp.cherryblossom_2,paidapp,,JPY,119.00,0.00,119.00,,,222-0001,JP
1393-2404-1458-16420,2015-09-02,1441207318,Charged,zeroltechn,夜桜　ライブ壁紙,com.quan.lwp.fallingleaveslwp,paidapp,,JPY,99.00,0.00,99.00,,,104-0061,JP
1310-6872-8412-38903,2015-09-02,1441238074,Charged,SHV31,夜桜　ライブ壁紙,com.quan.lwp.fallingleaveslwp,paidapp,,JPY,99.00,0.00,99.00,,,5140124,JP
1398-6104-9288-55520,2015-09-03,1441241726,Charged,klte,夜桜　ライブ壁紙,com.quan.lwp.fallingleaveslwp,paidapp,,NOK,6.03,0.00,6.03,Larvik,,3269,NO
1312-7591-9099-58980,2015-09-03,1441263596,Charged,SO-01G,夜桜 HD ライブ壁紙,com.dhearts.lwp.cherryblossom_2,paidapp,,JPY,119.00,0.00,119.00,,,866-0074,JP
1302-8787-6811-29396,2015-09-03,1441273983,Charged,KYT31,夜桜 HD ライブ壁紙,com.dhearts.lwp.cherryblossom_2,paidapp,,JPY,119.00,0.00,119.00,宇治市,京都府,6110013,JP
1323-4830-6122-62866,2015-09-03,1441300977,Charged,SH-01F,夜桜 HD ライブ壁紙,com.dhearts.lwp.cherryblossom_2,paidapp,,JPY,119.00,0.00,119.00,,,0340302,JP
1334-5686-2882-49972,2015-09-03,1441312802,Charged,SO-03G,夜桜 HD ライブ壁紙,com.dhearts.lwp.cherryblossom_2,paidapp,,JPY,119.00,0.00,119.00,,,7800843,JP
1345-9817-0502-28316,2015-09-03,1441313434,Charged,SOV31,夜桜　ライブ壁紙,com.quan.lwp.fallingleaveslwp,paidapp,,JPY,99.00,0.00,99.00,,,741-0072,JP
1300-2128-7391-82250,2015-09-03,1441322071,Charged,SO-01G,夜桜　ライブ壁紙,com.quan.lwp.fallingleaveslwp,paidapp,,JPY,99.00,0.00,99.00,,,557-0061,JP
1318-2247-5896-08384,2015-09-04,1441388248,Charged,SHV31,夜桜　ライブ壁紙,com.quan.lwp.fallingleaveslwp,paidapp,,JPY,99.00,0.00,99.00,,,1310044,JP
1349-1738-4096-96527,2015-09-04,1441390833,Charged,SHV32,夜桜　ライブ壁紙,com.quan.lwp.fallingleaveslwp,paidapp,,JPY,99.00,0.00,99.00,,,6780258,JP
1340-8371-7647-66138,2015-09-04,1441391055,Charged,SHV31,夜桜 HD ライブ壁紙,com.dhearts.lwp.cherryblossom_2,paidapp,,JPY,119.00,0.00,119.00,,,1310044,JP
1394-1689-5612-76589,2015-09-04,1441395400,Charged,C6603,夜桜　ライブ壁紙,com.quan.lwp.fallingleaveslwp,paidapp,,HKD,8.14,0.00,8.14,,-,,HK
1366-1627-0820-70684,2015-09-04,1441403877,Charged,dior,夜桜　ライブ壁紙,com.quan.lwp.fallingleaveslwp,paidapp,,HKD,8.14,0.00,8.14,,,999077,HK
1367-6595-1620-10339,2015-09-05,1441426549,Charged,SOV31,夜桜　ライブ壁紙,com.quan.lwp.fallingleaveslwp,paidapp,,JPY,99.00,0.00,99.00,,,4490034,JP
1357-5836-7013-80692,2015-09-05,1441430046,Charged,SC-04E,夜桜 HD ライブ壁紙,com.dhearts.lwp.cherryblossom_2,paidapp,,JPY,119.00,0.00,119.00,,,6700808,JP
1308-5483-5538-96248,2015-09-05,1441434081,Charged,SOL26,夜桜　ライブ壁紙,com.quan.lwp.fallingleaveslwp,paidapp,,JPY,99.00,0.00,99.00,,,8540301,JP
1359-6789-6954-63676,2015-09-05,1441458419,Charged,SO-01G,夜桜　ライブ壁紙,com.quan.lwp.fallingleaveslwp,paidapp,,JPY,99.00,0.00,99.00,,,1830022,JP
1354-6749-2580-83984,2015-09-05,1441486281,Charged,SCL23,夜桜　ライブ壁紙,com.quan.lwp.fallingleaveslwp,paidapp,,JPY,99.00,0.00,99.00,,,0121134,JP
1307-7124-2581-42846,2015-09-06,1441520413,Charged,SH-03G,夜桜 HD ライブ壁紙,com.dhearts.lwp.cherryblossom_2,paidapp,,JPY,119.00,0.00,119.00,,,508-0101,JP
1315-2117-1593-55953,2015-09-06,1441530620,Charged,SG304SH,夜桜　ライブ壁紙,com.quan.lwp.fallingleaveslwp,paidapp,,JPY,99.00,0.00,99.00,,,671-1663,JP
1302-9646-7447-69301,2015-09-06,1441578913,Charged,SH02E,夜桜 HD ライブ壁紙,com.dhearts.lwp.cherryblossom_2,paidapp,,JPY,119.00,0.00,119.00,千葉市稲毛区小仲台,千葉県,2630043,JP
1300-2767-1661-79523,2015-09-07,1441656295,Charged,SOV31,夜桜　ライブ壁紙,com.quan.lwp.fallingleaveslwp,paidapp,,JPY,99.00,0.00,99.00,,,523-0055,JP
1394-4094-3227-12380,2015-09-07,1441656342,Charged,SOV31,紅葉 HD ライブ壁紙,com.dhearts.lwp.momiji_2,paidapp,,JPY,119.00,0.00,119.00,,,523-0055,JP
1358-6936-3827-92574,2015-09-07,1441656508,Charged,SOV31,夜桜 HD ライブ壁紙,com.dhearts.lwp.cherryblossom_2,paidapp,,JPY,119.00,0.00,119.00,,,523-0055,JP
1367-3652-6708-51091,2015-09-07,1441667411,Charged,SC-04E,夜桜 HD ライブ壁紙,com.dhearts.lwp.cherryblossom_2,paidapp,,JPY,119.00,0.00,119.00,,,729-0417,JP
1339-8520-9217-02830,2015-09-08,1441747673,Charged,KYT31,夜桜 HD ライブ壁紙,com.dhearts.lwp.cherryblossom_2,paidapp,,JPY,119.00,0.00,119.00,,,334-0002,JP
1303-2137-3120-13014,2015-09-09,1441811037,Charged,SC-03E,夜桜　ライブ壁紙,com.quan.lwp.fallingleaveslwp,paidapp,,JPY,99.00,0.00,99.00,,,346-0115,JP
1353-0260-1192-17860,2015-09-09,1441823631,Charged,KYT31,夜桜 HD ライブ壁紙,com.dhearts.lwp.cherryblossom_2,paidapp,,JPY,119.00,0.00,119.00,千葉市中央区仁戸名町,千葉県,260-0801,JP
1310-7338-4738-73466,2015-09-10,1441862700,Charged,SH09D,夜桜　ライブ壁紙,com.quan.lwp.fallingleaveslwp,paidapp,,JPY,99.00,0.00,99.00,,,509-0124,JP
1308-4069-2118-86951,2015-09-10,1441892060,Charged,SH-04F,紅葉 HD ライブ壁紙,com.dhearts.lwp.momiji_2,paidapp,,JPY,119.00,0.00,119.00,,,314-0115,JP
1305-8575-4955-54171,2015-09-10,1441899302,Charged,SO-05G,夜桜 HD ライブ壁紙,com.dhearts.lwp.cherryblossom_2,paidapp,,JPY,119.00,0.00,119.00,,,4110801,JP
1332-9593-9693-30348,2015-09-10,1441899796,Charged,SC-02G,夜桜 HD ライブ壁紙,com.dhearts.lwp.cherryblossom_2,paidapp,,JPY,119.00,0.00,119.00,,,4441305,JP
1307-2884-2993-89799,2015-09-10,1441912229,Charged,SC-03G,夜桜 HD ライブ壁紙,com.dhearts.lwp.cherryblossom_2,paidapp,,JPY,119.00,0.00,119.00,,,260-0804,JP
1399-1285-0285-52801,2015-09-10,1441918089,Charged,SH-04F,夜桜　ライブ壁紙,com.quan.lwp.fallingleaveslwp,paidapp,,JPY,99.00,0.00,99.00,新居浜市新須賀町,愛媛県,7920802,JP
1377-3575-8397-27808,2015-09-10,1441920731,Charged,hwALE-H,夜桜　ライブ壁紙,com.quan.lwp.fallingleaveslwp,paidapp,,JPY,99.00,0.00,99.00,,,2100848,JP
1339-4761-9492-22774,2015-09-10,1441922619,Charged,SC-01G,紅葉 HD ライブ壁紙,com.dhearts.lwp.momiji_2,paidapp,,JPY,119.00,0.00,119.00,,,5720080,JP
1385-1620-7082-42613,2015-09-11,1441954293,Charged,p1,紅葉 HD ライブ壁紙,com.dhearts.lwp.momiji_2,paidapp,,JPY,119.00,0.00,119.00,,,273-0002,JP
1322-2821-5394-21663,2015-09-11,1441991523,Charged,SBM206SH,夜桜 HD ライブ壁紙,com.dhearts.lwp.cherryblossom_2,paidapp,,JPY,119.00,0.00,119.00,,,4850825,JP
1325-1747-5898-22535,2015-09-12,1442020449,Charged,SHL21,夜桜 HD ライブ壁紙,com.dhearts.lwp.cherryblossom_2,paidapp,,JPY,119.00,0.00,119.00,,,1250051,JP
1315-3494-7777-51115,2015-09-12,1442032827,Charged,SH-05G,紅葉 HD ライブ壁紙,com.dhearts.lwp.momiji_2,paidapp,,JPY,119.00,0.00,119.00,邑楽郡邑楽町明野,群馬県,3700602,JP
1321-6256-3999-53189,2015-09-13,1442119116,Charged,SHL24,紅葉 HD ライブ壁紙,com.dhearts.lwp.momiji_2,paidapp,,JPY,119.00,0.00,119.00,,,6011463,JP
1316-9414-4639-27405,2015-09-13,1442132054,Charged,404SC,夜桜　ライブ壁紙,com.quan.lwp.fallingleaveslwp,paidapp,,JPY,99.00,0.00,99.00,,,4480805,JP
1334-4827-4199-73042,2015-09-13,1442133184,Charged,D6653,夜桜　ライブ壁紙,com.quan.lwp.fallingleaveslwp,paidapp,,JPY,99.00,0.00,99.00,,,6440094,JP
1368-0058-0854-61310,2015-09-13,1442136865,Charged,SC-02F,夜桜 HD ライブ壁紙,com.dhearts.lwp.cherryblossom_2,paidapp,,JPY,119.00,0.00,119.00,,,8790122,JP
1319-8899-8643-78206,2015-09-13,1442137263,Charged,SG305SH,夜桜　ライブ壁紙,com.quan.lwp.fallingleaveslwp,paidapp,,JPY,99.00,0.00,99.00,,,3340001,JP
1364-9555-5958-08375,2015-09-13,1442157695,Charged,404KC,夜桜　ライブ壁紙,com.quan.lwp.fallingleaveslwp,paidapp,,JPY,99.00,0.00,99.00,,,329-1105,JP
1346-0841-4301-72443,2015-09-14,1442192312,Charged,gprimeltecan,Cherry blossom LiveWallpaper,com.quan.lwp.fallingleaveslwp,paidapp,,CAD,0.99,0.00,0.99,Glencoe,ON,N0L 1M0,CA
1303-5420-0066-22945,2015-09-14,1442222884,Charged,KYY21,夜桜　ライブ壁紙,com.quan.lwp.fallingleaveslwp,paidapp,,JPY,99.00,0.00,99.00,,,7314200,JP
1387-1848-8125-23094,2015-09-14,1442259144,Charged,flo,紅葉 HD ライブ壁紙,com.dhearts.lwp.momiji_2,paidapp,,JPY,119.00,0.00,119.00,,,4338101,JP
1384-6915-0335-03963,2015-09-14,1442262461,Charged,SH-06E,紅葉 HD ライブ壁紙,com.dhearts.lwp.momiji_2,paidapp,,JPY,119.00,0.00,119.00,練馬区早宮3丁目,東京都,179-0085,JP
1300-0644-3562-77877,2015-09-14,1442267916,Charged,IQ4514_Quad,夜桜 HD ライブ壁紙,com.dhearts.lwp.cherryblossom_2,paidapp,,RUB,53.69,0.00,53.69,Ногинск,,142403,RU
1357-7294-9367-15005,2015-09-15,1442298616,Charged,SC-04F,夜桜 HD ライブ壁紙,com.dhearts.lwp.cherryblossom_2,paidapp,,JPY,119.00,0.00,119.00,宇都宮市,栃木県,321-0166,JP
1355-5819-7158-04262,2015-09-15,1442321173,Charged,SO-02G,夜桜　ライブ壁紙,com.quan.lwp.fallingleaveslwp,paidapp,,JPY,99.00,0.00,99.00,,,0340071,JP
1328-4488-9511-04897,2015-09-15,1442333413,Charged,SHL21,夜桜　ライブ壁紙,com.quan.lwp.fallingleaveslwp,paidapp,,JPY,99.00,0.00,99.00,,,712-8001,JP
1392-0829-2788-38854,2015-09-15,1442333554,Charged,SHL21,紅葉 HD ライブ壁紙,com.dhearts.lwp.momiji_2,paidapp,,JPY,119.00,0.00,119.00,,,712-8001,JP
1304-7191-2995-69873,2015-09-15,1442336471,Charged,SGP312,紅葉 HD ライブ壁紙,com.dhearts.lwp.momiji_2,paidapp,,JPY,119.00,0.00,119.00,,,3770416,JP
1372-2628-9919-71667,2015-09-15,1442343915,Charged,SO-03E,紅葉 HD ライブ壁紙,com.dhearts.lwp.momiji_2,paidapp,,JPY,119.00,0.00,119.00,,,4870035,JP
1329-6133-3819-03968,2015-09-15,1442347582,Charged,jfltevzw,Autumn Leaves HD LiveWallpaper,com.dhearts.lwp.momiji_2,paidapp,,USD,0.99,0.00,0.99,Mukilteo,WA,98275,US
1324-8286-9727-60922,2015-09-15,1442348265,Charged,SG402SH,夜桜　ライブ壁紙,com.quan.lwp.fallingleaveslwp,paidapp,,JPY,99.00,0.00,99.00,,,6610977,JP
1389-7759-3798-41690,2015-09-15,1442349757,Charged,SBM303SH,紅葉 HD ライブ壁紙,com.dhearts.lwp.momiji_2,paidapp,,JPY,119.00,0.00,119.00,,,9861111,JP
1327-3265-8145-53115,2015-09-16,1442363755,Charged,SHL21,夜桜 HD ライブ壁紙,com.dhearts.lwp.cherryblossom_2,paidapp,,JPY,119.00,0.00,119.00,,,183-0005,JP
1385-8457-9360-50370,2015-09-16,1442372622,Charged,trltevzw,Autumn Leaves HD LiveWallpaper,com.dhearts.lwp.momiji_2,paidapp,,USD,0.99,0.00,0.99,Catlett,VA,20119,US
1371-8245-6624-03350,2015-09-16,1442395140,Charged,SOV31,夜桜　ライブ壁紙,com.quan.lwp.fallingleaveslwp,paidapp,,JPY,99.00,0.00,99.00,,,3998304,JP
1328-7621-0695-65813,2015-09-16,1442446879,Charged,SO-04E,夜桜　ライブ壁紙,com.quan.lwp.fallingleaveslwp,paidapp,,JPY,99.00,0.00,99.00,,,8700128,JP
1315-3443-3299-47209,2015-09-16,1442446920,Charged,SO-04E,夜桜 HD ライブ壁紙,com.dhearts.lwp.cherryblossom_2,paidapp,,JPY,119.00,0.00,119.00,,,8700128,JP
1359-2818-9150-47578,2015-09-17,1442531197,Charged,SG404SH,夜桜 HD ライブ壁紙,com.dhearts.lwp.cherryblossom_2,paidapp,,JPY,119.00,0.00,119.00,,,9608254,JP
1346-2719-1408-18118,2015-09-18,1442544358,Charged,degaslte,Autumn Leaves HD LiveWallpaper,com.dhearts.lwp.momiji_2,paidapp,,EUR,0.88,0.18,1.06,Wien,,1150,AT
1379-2555-4259-01849,2015-09-18,1442615599,Charged,Z00A,紅葉 HD ライブ壁紙,com.dhearts.lwp.momiji_2,paidapp,,JPY,119.00,0.00,119.00,,,6310074,JP
1368-9416-8597-86806,2015-09-19,1442623701,Charged,zenlte,夜桜　ライブ壁紙,com.quan.lwp.fallingleaveslwp,paidapp,,HKD,8.14,0.00,8.14,香港仔,香港島,,HK
1333-2599-2689-84372,2015-09-19,1442643677,Charged,loganrelte,Autumn Leaves HD LiveWallpaper,com.dhearts.lwp.momiji_2,paidapp,,NZD,1.55,0.00,1.55,Auckland,,1024,NZ
1343-6593-5641-63388,2015-09-19,1442678379,Charged,hwALE-H,夜桜　ライブ壁紙,com.quan.lwp.fallingleaveslwp,paidapp,,JPY,99.00,0.00,99.00,,,561-0815,JP
1383-4161-0927-17870,2015-09-19,1442692887,Charged,SH-02G,紅葉 HD ライブ壁紙,com.dhearts.lwp.momiji_2,paidapp,,JPY,119.00,0.00,119.00,,,9610854,JP
1388-8946-8572-51974,2015-09-19,1442695133,Charged,SC-04G,夜桜　ライブ壁紙,com.quan.lwp.fallingleaveslwp,paidapp,,JPY,99.00,0.00,99.00,,,2320063,JP
1314-5490-4660-62277,2015-09-20,1442740992,Charged,htc_b3uhl,紅葉 HD ライブ壁紙,com.dhearts.lwp.momiji_2,paidapp,,JPY,119.00,0.00,119.00,,,530-0035,JP
1381-3408-0873-51645,2015-09-20,1442743366,Charged,htc_m8,Cherry blossom LiveWallpaper,com.quan.lwp.fallingleaveslwp,paidapp,,SAR,4.00,0.00,4.00,الرياض,,11345,SA
1324-7064-7414-50581,2015-09-20,1442778820,Charged,SHL25,夜桜 HD ライブ壁紙,com.dhearts.lwp.cherryblossom_2,paidapp,,JPY,119.00,0.00,119.00,,,9200266,JP
1389-3834-2338-75356,2015-09-20,1442788195,Charged,SH-01F,紅葉 HD ライブ壁紙,com.dhearts.lwp.momiji_2,paidapp,,JPY,119.00,0.00,119.00,,,5810833,JP
1344-5309-6136-69014,2015-09-21,1442807115,Charged,D6503,Autumn Leaves HD LiveWallpaper,com.dhearts.lwp.momiji_2,paidapp,,EUR,0.88,0.18,1.06,,,75018,FR
1301-4450-8859-83296,2015-09-21,1442842338,Charged,F01F,夜桜 HD ライブ壁紙,com.dhearts.lwp.cherryblossom_2,paidapp,,JPY,119.00,0.00,119.00,,,9620819,JP
1339-0401-1448-76922,2015-09-21,1442855702,Charged,F01F,紅葉 HD ライブ壁紙,com.dhearts.lwp.momiji_2,paidapp,,JPY,119.00,0.00,119.00,,,9620819,JP
1367-8953-5904-69353,2015-09-21,1442864314,Charged,mako,CherryBlossom HD LiveWallpaper,com.dhearts.lwp.cherryblossom_2,paidapp,,JPY,119.00,0.00,119.00,,,6008216,JP
1347-2053-2280-43283,2015-09-21,1442865076,Charged,SO-01G,紅葉 HD ライブ壁紙,com.dhearts.lwp.momiji_2,paidapp,,JPY,119.00,0.00,119.00,,,1740064,JP
1325-6127-2884-33913,2015-09-21,1442867476,Charged,SO-03F,紅葉 HD ライブ壁紙,com.dhearts.lwp.momiji_2,paidapp,,JPY,119.00,0.00,119.00,,,4870035,JP
1331-1591-9022-33304,2015-09-21,1442868274,Charged,SOT21,夜桜　ライブ壁紙,com.quan.lwp.fallingleaveslwp,paidapp,,JPY,99.00,0.00,99.00,,,0650031,JP
1331-7537-7117-68111,2015-09-21,1442874890,Charged,trlte,Autumn Leaves HD LiveWallpaper,com.dhearts.lwp.momiji_2,paidapp,,ILS,3.90,0.00,3.90,רמת גן,,,IL
1349-2940-1258-99973,2015-09-21,1442879368,Charged,kltevzw,Autumn Leaves HD LiveWallpaper,com.dhearts.lwp.momiji_2,paidapp,,USD,0.99,0.00,0.99,,,06062,US
1370-5127-7933-28944,2015-09-22,1442881316,Charged,SH-03G,紅葉 HD ライブ壁紙,com.dhearts.lwp.momiji_2,paidapp,,JPY,119.00,0.00,119.00,,,809-0032,JP
1363-7117-2422-12814,2015-09-22,1442883992,Charged,RCT6303W87DK,Autumn Leaves HD LiveWallpaper,com.dhearts.lwp.momiji_2,paidapp,,USD,0.99,0.00,0.99,,,22033,US
1308-6084-6367-22958,2015-09-22,1442904949,Charged,D6603,Autumn Leaves HD LiveWallpaper,com.dhearts.lwp.momiji_2,paidapp,,USD,0.99,0.00,0.99,,,80280,US
1336-1976-1128-84902,2015-09-22,1442906768,Charged,SHV32,夜桜　ライブ壁紙,com.quan.lwp.fallingleaveslwp,paidapp,,JPY,99.00,0.00,99.00,,,899-2524,JP
1371-5910-2486-73092,2015-09-22,1442914305,Charged,klteatt,Autumn Leaves HD LiveWallpaper,com.dhearts.lwp.momiji_2,paidapp,,USD,0.99,0.00,0.99,,,35005,US
1319-6411-0226-39889,2015-09-22,1442919916,Charged,SHL25,紅葉 HD ライブ壁紙,com.dhearts.lwp.momiji_2,paidapp,,JPY,119.00,0.00,119.00,横浜市保土ヶ谷区川辺町,神奈川県,2400001,JP
1356-0418-3442-64454,2015-09-22,1442944548,Charged,grouper,夜桜 HD ライブ壁紙,com.dhearts.lwp.cherryblossom_2,paidapp,,JPY,119.00,0.00,119.00,,,4901111,JP
1316-5414-0901-45417,2015-09-22,1442946421,Charged,SOL26,紅葉 HD ライブ壁紙,com.dhearts.lwp.momiji_2,paidapp,,JPY,119.00,0.00,119.00,,,3000331,JP
1337-9342-3503-62641,2015-09-22,1442954378,Charged,D5788,夜桜 HD ライブ壁紙,com.dhearts.lwp.cherryblossom_2,paidapp,,JPY,119.00,0.00,119.00,,,8050017,JP
1391-0025-5873-86139,2015-09-22,1442961256,Charged,FJL22_jp_kdi,紅葉 HD ライブ壁紙,com.dhearts.lwp.momiji_2,paidapp,,JPY,119.00,0.00,119.00,,,872-0515,JP
1341-1975-2951-06941,2015-09-23,1442973532,Charged,HM2013023,Autumn Leaves HD LiveWallpaper,com.dhearts.lwp.momiji_2,paidapp,,CZK,23.77,4.99,28.76,Žlutice,,36452,CZ
1388-0299-1381-83715,2015-09-23,1442976055,Charged,SG305SH,夜桜　ライブ壁紙,com.quan.lwp.fallingleaveslwp,paidapp,,JPY,99.00,0.00,99.00,,,9011303,JP
1324-5213-7087-61592,2015-09-23,1442976682,Charged,SG305SH,夜桜 HD ライブ壁紙,com.dhearts.lwp.cherryblossom_2,paidapp,,JPY,119.00,0.00,119.00,,,9011303,JP
1337-5365-7807-72970,2015-09-23,1442976700,Charged,SG305SH,紅葉 HD ライブ壁紙,com.dhearts.lwp.momiji_2,paidapp,,JPY,119.00,0.00,119.00,,,9011303,JP
1329-2008-8359-19888,2015-09-23,1442980773,Charged,SOL26,紅葉 HD ライブ壁紙,com.dhearts.lwp.momiji_2,paidapp,,JPY,119.00,0.00,119.00,,,332-0023,JP
1323-0685-7694-08141,2015-09-23,1442983219,Charged,htc_b2wlj,紅葉 HD ライブ壁紙,com.dhearts.lwp.momiji_2,paidapp,,JPY,119.00,0.00,119.00,,,6497203,JP
1345-5477-8609-99622,2015-09-23,1443006288,Charged,g3,夜桜　ライブ壁紙,com.quan.lwp.fallingleaveslwp,paidapp,,JPY,99.00,0.00,99.00,,,3111414,JP
1362-5655-2254-66885,2015-09-23,1443006408,Charged,ghost,Autumn Leaves HD LiveWallpaper,com.dhearts.lwp.momiji_2,paidapp,,USD,0.99,0.00,0.99,,,13206,US
1347-3362-0551-57502,2015-09-23,1443029498,Charged,SO-02E,夜桜　ライブ壁紙,com.quan.lwp.fallingleaveslwp,paidapp,,JPY,99.00,0.00,99.00,,,4250077,JP
1334-3966-4347-83961,2015-09-23,1443034971,Charged,SO-02E,紅葉 HD ライブ壁紙,com.dhearts.lwp.momiji_2,paidapp,,JPY,119.00,0.00,119.00,,,4901132,JP
1368-4475-0130-18139,2015-09-23,1443039420,Charged,D6503,Autumn Leaves HD LiveWallpaper,com.dhearts.lwp.momiji_2,paidapp,,RUB,66.10,0.00,66.10,Ессентуки,,357600,RU
1308-3319-7423-64992,2015-09-23,1443040182,Charged,SH-02G,夜桜　ライブ壁紙,com.quan.lwp.fallingleaveslwp,paidapp,,JPY,99.00,0.00,99.00,,,0970005,JP
1398-8731-0080-13841,2015-09-23,1443041016,Charged,D5303,Autumn Leaves HD LiveWallpaper,com.dhearts.lwp.momiji_2,paidapp,,EUR,0.88,0.18,1.06,Angers,,49100,FR
1376-2562-0009-24089,2015-09-23,1443042967,Charged,g3,Autumn Leaves HD LiveWallpaper,com.dhearts.lwp.momiji_2,paidapp,,USD,0.99,0.00,0.99,,,95608,US
1372-3550-9512-29885,2015-09-23,1443044567,Charged,402SO,紅葉 HD ライブ壁紙,com.dhearts.lwp.momiji_2,paidapp,,JPY,119.00,0.00,119.00,,,333-0866,JP
1333-2093-1657-31153,2015-09-23,1443049478,Charged,SCL23,紅葉 HD ライブ壁紙,com.dhearts.lwp.momiji_2,paidapp,,JPY,119.00,0.00,119.00,,,0231101,JP
1379-9633-8450-61695,2015-09-23,1443050796,Charged,P01M_3,夜桜 HD ライブ壁紙,com.dhearts.lwp.cherryblossom_2,paidapp,,JPY,119.00,0.00,119.00,,,733-0025,JP
1390-0748-9951-63339,2015-09-24,1443065212,Charged,zenltetmo,Cherry blossom LiveWallpaper,com.quan.lwp.fallingleaveslwp,paidapp,,USD,0.99,0.00,0.99,,,33619,US
1327-7169-8924-66568,2015-09-24,1443107756,Charged,SHL21,夜桜 HD ライブ壁紙,com.dhearts.lwp.cherryblossom_2,paidapp,,JPY,119.00,0.00,119.00,,,989-6244,JP
1331-5680-1133-30472,2015-09-24,1443116376,Charged,401SO,夜桜 HD ライブ壁紙,com.dhearts.lwp.cherryblossom_2,paidapp,,JPY,119.00,0.00,119.00,,,501-0701,JP
1383-4951-6838-52134,2015-09-24,1443116494,Charged,401SO,紅葉 HD ライブ壁紙,com.dhearts.lwp.momiji_2,paidapp,,JPY,119.00,0.00,119.00,,,501-0701,JP
1340-9985-6747-13472,2015-09-24,1443130929,Charged,htc_b3uhl,夜桜　ライブ壁紙,com.quan.lwp.fallingleaveslwp,paidapp,,JPY,99.00,0.00,99.00,,,871-0162,JP
1351-1533-7283-46099,2015-09-24,1443130996,Charged,goldenve3g,Autumn Leaves HD LiveWallpaper,com.dhearts.lwp.momiji_2,paidapp,,BGN,1.72,0.34,2.06,Гурково,,6199,BG
1383-9789-4736-47148,2015-09-24,1443131062,Charged,serranolte,Autumn Leaves HD LiveWallpaper,com.dhearts.lwp.momiji_2,paidapp,,EUR,0.88,0.18,1.06,Nitra,,94911,SK
1302-9824-8386-36436,2015-09-24,1443133569,Charged,p1,Autumn Leaves HD LiveWallpaper,com.dhearts.lwp.momiji_2,paidapp,,USD,0.99,0.00,0.99,,,81137,US
1314-9585-0350-17680,2015-09-24,1443137405,Charged,noblelte,CherryBlossom HD LiveWallpaper,com.dhearts.lwp.cherryblossom_2,paidapp,,IDR,"12,883.00",0.00,"12,883.00",Jakarta Barat,DKI Jakarta,11110,ID
1320-5965-4710-57806,2015-09-25,1443163797,Charged,matissewifiue,Autumn Leaves HD LiveWallpaper,com.dhearts.lwp.momiji_2,paidapp,,USD,0.99,0.00,0.99,,,32309,US
1358-2574-0865-70409,2015-09-25,1443200358,Charged,grouper,Cherry blossom LiveWallpaper,com.quan.lwp.fallingleaveslwp,paidapp,,USD,0.99,0.00,0.99,Eagle Mountain,UT,84005,US
1396-6563-0780-99897,2015-09-25,1443212237,Charged,htt82_wet_jb5,紅葉 HD ライブ壁紙,com.dhearts.lwp.momiji_2,paidapp,,JPY,119.00,0.00,119.00,,,4420809,JP
1316-0167-0941-07232,2015-09-25,1443213383,Charged,SC-02G,夜桜　ライブ壁紙,com.quan.lwp.fallingleaveslwp,paidapp,,JPY,99.00,0.00,99.00,,,6497112,JP
1382-4554-3963-44155,2015-09-25,1443215801,Charged,a5ltezt,夜桜　ライブ壁紙,com.quan.lwp.fallingleaveslwp,paidapp,,TWD,30.00,0.00,30.00,,,816,TW
1327-4539-6755-70414,2015-09-26,1443248985,Charged,KYV31,夜桜 HD ライブ壁紙,com.dhearts.lwp.cherryblossom_2,paidapp,,JPY,119.00,0.00,119.00,,,9042141,JP
1357-3160-2760-76007,2015-09-26,1443255400,Charged,zeroltevzw,Autumn Leaves HD LiveWallpaper,com.dhearts.lwp.momiji_2,paidapp,,USD,0.99,0.00,0.99,,,51020,US
1335-9946-5880-86613,2015-09-26,1443278318,Charged,m7,Autumn Leaves HD LiveWallpaper,com.dhearts.lwp.momiji_2,paidapp,,RON,3.90,0.94,4.84,Bucharest,,,RO
1322-7321-9180-15542,2015-09-26,1443279649,Charged,chagalllte,Autumn Leaves HD LiveWallpaper,com.dhearts.lwp.momiji_2,paidapp,,RUB,66.10,0.00,66.10,Троицк,,457100,RU
1341-4969-3567-72401,2015-09-26,1443285595,Charged,C5503,Autumn Leaves HD LiveWallpaper,com.dhearts.lwp.momiji_2,paidapp,,RUB,66.10,0.00,66.10,Саратов,Саратовская область,410000,RU
1307-0808-1548-21530,2015-09-26,1443290118,Charged,Z00A,夜桜 HD ライブ壁紙,com.dhearts.lwp.cherryblossom_2,paidapp,,JPY,119.00,0.00,119.00,西松浦郡有田町上内野丙,佐賀県,8494162,JP
1322-5358-1207-20113,2015-09-26,1443295488,Charged,SOV31,紅葉 HD ライブ壁紙,com.dhearts.lwp.momiji_2,paidapp,,JPY,119.00,0.00,119.00,,,4838353,JP
1347-5682-5676-24456,2015-09-26,1443300994,Charged,SOL26,夜桜　ライブ壁紙,com.quan.lwp.fallingleaveslwp,paidapp,,JPY,99.00,0.00,99.00,,,890-0021,JP
1360-7768-0198-20959,2015-09-26,1443301052,Charged,SOL26,夜桜 HD ライブ壁紙,com.dhearts.lwp.cherryblossom_2,paidapp,,JPY,119.00,0.00,119.00,,,890-0021,JP
1381-3462-5400-79382,2015-09-26,1443305186,Charged,SHL25,夜桜　ライブ壁紙,com.quan.lwp.fallingleaveslwp,paidapp,,JPY,99.00,0.00,99.00,,,8380101,JP
1328-4139-0376-96547,2015-09-26,1443306825,Charged,htc_b3uhl,紅葉 HD ライブ壁紙,com.dhearts.lwp.momiji_2,paidapp,,JPY,119.00,0.00,119.00,藤沢市羽鳥,神奈川県,251-0056,JP
1388-0962-5206-29213,2015-09-27,1443318095,Charged,a33g,Autumn Leaves HD LiveWallpaper,com.dhearts.lwp.momiji_2,paidapp,,MXN,16.63,0.00,16.63,"México, D.F.",D.F.,03560,MX
1312-4253-1628-20665,2015-09-27,1443322911,Charged,obake-maxx,Autumn Leaves HD LiveWallpaper,com.dhearts.lwp.momiji_2,paidapp,,USD,0.99,0.00,0.99,Bryan,TX,77802,US
1372-4672-5406-00439,2015-09-27,1443323446,Charged,SOV31,夜桜 HD ライブ壁紙,com.dhearts.lwp.cherryblossom_2,paidapp,,JPY,119.00,0.00,119.00,,,4838353,JP
1393-9084-4850-21578,2015-09-27,1443325930,Charged,milletltevzw,Autumn Leaves HD LiveWallpaper,com.dhearts.lwp.momiji_2,paidapp,,USD,0.99,0.00,0.99,Exeter,NH,03833,US
1379-1809-6577-22327,2015-09-27,1443332380,Charged,SOL26,夜桜 HD ライブ壁紙,com.dhearts.lwp.cherryblossom_2,paidapp,,JPY,119.00,0.00,119.00,,,321-3413,JP
1340-7232-5321-40086,2015-09-27,1443332458,Charged,ZTE-402ZT,紅葉 HD ライブ壁紙,com.dhearts.lwp.momiji_2,paidapp,,JPY,119.00,0.00,119.00,,,441-8106,JP
1371-2859-8376-35100,2015-09-27,1443332799,Charged,SOL26,紅葉 HD ライブ壁紙,com.dhearts.lwp.momiji_2,paidapp,,JPY,119.00,0.00,119.00,,,321-3413,JP
1317-6626-6306-65327,2015-09-27,1443333076,Charged,302KC,夜桜　ライブ壁紙,com.quan.lwp.fallingleaveslwp,paidapp,,JPY,99.00,0.00,99.00,,,1140023,JP
1337-4960-3572-26990,2015-09-27,1443336234,Charged,SO-03G,夜桜　ライブ壁紙,com.quan.lwp.fallingleaveslwp,paidapp,,JPY,99.00,0.00,99.00,,,5050303,JP
1337-1742-1460-53853,2015-09-27,1443338065,Charged,zerofltevzw,Autumn Leaves HD LiveWallpaper,com.dhearts.lwp.momiji_2,paidapp,,USD,0.99,0.00,0.99,,,95630,US
1384-0270-4821-43515,2015-09-27,1443340952,Charged,SOL23,夜桜　ライブ壁紙,com.quan.lwp.fallingleaveslwp,paidapp,,JPY,99.00,0.00,99.00,,,444-0124,JP
1340-0073-1970-92814,2015-09-27,1443341082,Charged,SOL23,夜桜 HD ライブ壁紙,com.dhearts.lwp.cherryblossom_2,paidapp,,JPY,119.00,0.00,119.00,,,444-0124,JP
1312-7414-8331-17985,2015-09-27,1443361982,Charged,F01F,夜桜　ライブ壁紙,com.quan.lwp.fallingleaveslwp,paidapp,,JPY,99.00,0.00,99.00,,,9620819,JP
1366-7343-1876-60159,2015-09-27,1443371704,Charged,noblelte,夜桜　ライブ壁紙,com.quan.lwp.fallingleaveslwp,paidapp,,TWD,30.00,0.00,30.00,,,260,TW
1354-0979-4955-61706,2015-09-27,1443387805,Charged,g3,Autumn Leaves HD LiveWallpaper,com.dhearts.lwp.momiji_2,paidapp,,USD,0.99,0.00,0.99,,,30127,US
1351-8066-7359-52252,2015-09-27,1443387815,Charged,g3,Cherry blossom LiveWallpaper,com.quan.lwp.fallingleaveslwp,paidapp,,USD,0.99,0.00,0.99,,,30127,US
1309-0348-0874-78593,2015-09-27,1443388311,Charged,SO-03E,夜桜　ライブ壁紙,com.quan.lwp.fallingleaveslwp,paidapp,,JPY,99.00,0.00,99.00,,,370-1301,JP
1367-7887-6186-55400,2015-09-27,1443393292,Charged,SG304SH,夜桜　ライブ壁紙,com.quan.lwp.fallingleaveslwp,paidapp,,JPY,99.00,0.00,99.00,,,470-2103,JP
1356-6478-3930-42181,2015-09-27,1443395080,Charged,ghost,Autumn Leaves HD LiveWallpaper,com.dhearts.lwp.momiji_2,paidapp,,USD,0.99,0.00,0.99,,,54981,US
1388-7335-2960-87449,2015-09-28,1443398478,Charged,B1-710,Autumn Leaves HD LiveWallpaper,com.dhearts.lwp.momiji_2,paidapp,,EUR,0.88,0.20,1.08,Lisboa,,2775-082,PT
1384-0459-8467-44999,2015-09-28,1443400671,Charged,geehdc,夜桜　ライブ壁紙,com.quan.lwp.fallingleaveslwp,paidapp,,JPY,99.00,0.00,99.00,,,5820017,JP
1350-2917-7445-38065,2015-09-28,1443431663,Charged,icx1240,紅葉 HD ライブ壁紙,com.dhearts.lwp.momiji_2,paidapp,,JPY,119.00,0.00,119.00,,,533-0014,JP
1304-1313-5074-01363,2015-09-28,1443462430,Charged,SOL26,夜桜 HD ライブ壁紙,com.dhearts.lwp.cherryblossom_2,paidapp,,JPY,119.00,0.00,119.00,,,2860212,JP
1314-0077-9127-79190,2015-09-28,1443472374,Charged,jflte,Autumn Leaves HD LiveWallpaper,com.dhearts.lwp.momiji_2,paidapp,,EUR,0.88,0.20,1.08,Megara,,19100,GR
1342-3144-9468-00789,2015-09-28,1443473617,Charged,SO-04F,夜桜 HD ライブ壁紙,com.dhearts.lwp.cherryblossom_2,paidapp,,JPY,119.00,0.00,119.00,富津市,千葉県,293-0036,JP
1339-7693-5164-91843,2015-09-29,1443486427,Charged,noblelteatt,Autumn Leaves HD LiveWallpaper,com.dhearts.lwp.momiji_2,paidapp,,USD,0.99,0.00,0.99,,,46112,US
1321-5783-5833-40467,2015-09-29,1443508429,Charged,zeroltevzw,Autumn Leaves HD LiveWallpaper,com.dhearts.lwp.momiji_2,paidapp,,USD,0.99,0.00,0.99,,,40219,US
1303-5445-5404-39902,2015-09-29,1443509253,Charged,A0001,Cherry blossom LiveWallpaper,com.quan.lwp.fallingleaveslwp,paidapp,,USD,0.99,0.00,0.99,Strasburg,OH,44680,US
1332-4238-8280-21235,2015-09-29,1443520799,Charged,klteattactive,Cherry blossom LiveWallpaper,com.quan.lwp.fallingleaveslwp,paidapp,,USD,0.99,0.00,0.99,ENID,OK,73703,US
1307-6309-3859-15614,2015-09-29,1443534158,Charged,zeroflteatt,Autumn Leaves HD LiveWallpaper,com.dhearts.lwp.momiji_2,paidapp,,USD,0.99,0.00,0.99,Stockton,CA,95212,US
1353-7734-6618-15546,2015-09-29,1443544584,Charged,vee5nfc,Autumn Leaves HD LiveWallpaper,com.dhearts.lwp.momiji_2,paidapp,,PLN,3.73,0.86,4.59,Swinoujscie,,72-600,PL
1363-9204-7176-98435,2015-09-29,1443544651,Charged,jfltevzw,Autumn Leaves HD LiveWallpaper,com.dhearts.lwp.momiji_2,paidapp,,USD,0.99,0.00,0.99,Sparta,TN,38583,US
1378-7403-8439-71951,2015-09-29,1443545518,Charged,a3ulte,Autumn Leaves HD LiveWallpaper,com.dhearts.lwp.momiji_2,paidapp,,EUR,0.88,0.17,1.05,Berlin,,12059,DE
1319-4065-9664-37096,2015-09-29,1443550287,Charged,SG403SH,紅葉 HD ライブ壁紙,com.dhearts.lwp.momiji_2,paidapp,,JPY,119.00,0.00,119.00,,,8600059,JP
1397-3105-4598-32172,2015-09-29,1443550406,Charged,SG403SH,夜桜 HD ライブ壁紙,com.dhearts.lwp.cherryblossom_2,paidapp,,JPY,119.00,0.00,119.00,,,8600059,JP
1394-5164-2411-16273,2015-09-29,1443562516,Charged,g3,紅葉 HD ライブ壁紙,com.dhearts.lwp.momiji_2,paidapp,,JPY,119.00,0.00,119.00,,,3350014,JP
1309-1003-3790-73739,2015-09-29,1443563713,Charged,santos10wifi,Autumn Leaves HD LiveWallpaper,com.dhearts.lwp.momiji_2,paidapp,,EUR,0.88,0.18,1.06,,,38000,FR
1371-7896-6183-95615,2015-09-29,1443567525,Charged,v1awifi,Autumn Leaves HD LiveWallpaper,com.dhearts.lwp.momiji_2,paidapp,,USD,0.99,0.00,0.99,,,36582,US
