Description,Transaction Date,Transaction Time,Tax Type,Transaction Type,Refund Type,Product Title,Product id,Product Type,Sku Id,Hardware,Buyer Country,Buyer State,Buyer Postal Code,Buyer Currency,Amount (Buyer Currency),Currency Conversion Rate,Merchant Currency,Amount (Merchant Currency)
1330452204944035,"Aug 1, 2013",1:57:38 PM PDT,,Google fee,,夜桜　ライブ壁紙,com.quan.lwp.fallingleaveslwp,0,,LT22i,TW,,81156,JPY,-30,1.000000,JPY,-30
1330452204944035,"Aug 1, 2013",1:57:38 PM PDT,,Charge,,夜桜　ライブ壁紙,com.quan.lwp.fallingleaveslwp,0,,LT22i,TW,,81156,JPY,99,1.000000,JPY,99
1359948755065370,"Aug 2, 2013",6:01:01 AM PDT,,Charge,,夜桜　ライブ壁紙,com.quan.lwp.fallingleaveslwp,0,,m0,TW,,235,JPY,99,1.000000,JPY,99
1359948755065370,"Aug 2, 2013",6:01:01 AM PDT,,Google fee,,夜桜　ライブ壁紙,com.quan.lwp.fallingleaveslwp,0,,m0,TW,,235,JPY,-30,1.000000,JPY,-30
1396132299634568,"Aug 2, 2013",7:50:28 AM PDT,,Charge,,夜桜　ライブ壁紙,com.quan.lwp.fallingleaveslwp,0,,LT29i,TW,,238,JPY,99,1.000000,JPY,99
1396132299634568,"Aug 2, 2013",7:50:28 AM PDT,,Google fee,,夜桜　ライブ壁紙,com.quan.lwp.fallingleaveslwp,0,,LT29i,TW,,238,JPY,-30,1.000000,JPY,-30
1319506121432354,"Aug 2, 2013",8:40:20 PM PDT,,Charge,,夜桜　ライブ壁紙,com.quan.lwp.fallingleaveslwp,0,,dlxub1,TW,,710,JPY,99,1.000000,JPY,99
1319506121432354,"Aug 2, 2013",8:40:20 PM PDT,,Google fee,,夜桜　ライブ壁紙,com.quan.lwp.fallingleaveslwp,0,,dlxub1,TW,,710,JPY,-30,1.000000,JPY,-30
1328228418011175,"Aug 3, 2013",9:14:45 AM PDT,,Google fee,,夜桜　ライブ壁紙,com.quan.lwp.fallingleaveslwp,0,,GT-I9103,TW,,632,JPY,-30,1.000000,JPY,-30
1328228418011175,"Aug 3, 2013",9:14:45 AM PDT,,Charge,,夜桜　ライブ壁紙,com.quan.lwp.fallingleaveslwp,0,,GT-I9103,TW,,632,JPY,99,1.000000,JPY,99
1375424708391263,"Aug 3, 2013",9:52:21 AM PDT,,Google fee,,夜桜　ライブ壁紙,com.quan.lwp.fallingleaveslwp,0,,crater,TW,,235,JPY,-30,1.000000,JPY,-30
1375424708391263,"Aug 3, 2013",9:52:21 AM PDT,,Charge,,夜桜　ライブ壁紙,com.quan.lwp.fallingleaveslwp,0,,crater,TW,,235,JPY,99,1.000000,JPY,99
1313834664528039,"Aug 3, 2013",6:28:28 PM PDT,,Charge,,Cherry blossom LiveWallpaper,com.quan.lwp.fallingleaveslwp,0,,evita,US,CA,92626,USD,0.99,98.890000,JPY,98
1313834664528039,"Aug 3, 2013",6:28:28 PM PDT,,Google fee,,Cherry blossom LiveWallpaper,com.quan.lwp.fallingleaveslwp,0,,evita,US,CA,92626,USD,-0.30,98.890000,JPY,-30
1307010188286156,"Aug 3, 2013",10:11:53 PM PDT,,Google fee,,夜桜　ライブ壁紙,com.quan.lwp.fallingleaveslwp,0,,A68,TW,,265,JPY,-30,1.000000,JPY,-30
1307010188286156,"Aug 3, 2013",10:11:53 PM PDT,,Charge,,夜桜　ライブ壁紙,com.quan.lwp.fallingleaveslwp,0,,A68,TW,,265,JPY,99,1.000000,JPY,99
1318823932466797,"Aug 4, 2013",12:06:14 AM PDT,,Google fee,,夜桜　ライブ壁紙,com.quan.lwp.fallingleaveslwp,0,,KYL21,JP,,4702103,JPY,-30,1.000000,JPY,-30
1318823932466797,"Aug 4, 2013",12:06:14 AM PDT,,Charge,,夜桜　ライブ壁紙,com.quan.lwp.fallingleaveslwp,0,,KYL21,JP,,4702103,JPY,99,1.000000,JPY,99
1339026791187537,"Aug 4, 2013",12:50:03 AM PDT,,Google fee,,夜桜　ライブ壁紙,com.quan.lwp.fallingleaveslwp,0,,ja3g,TW,,104,JPY,-30,1.000000,JPY,-30
1339026791187537,"Aug 4, 2013",12:50:03 AM PDT,,Charge,,夜桜　ライブ壁紙,com.quan.lwp.fallingleaveslwp,0,,ja3g,TW,,104,JPY,99,1.000000,JPY,99
1310094800035068,"Aug 4, 2013",9:51:14 AM PDT,,Google fee,,夜桜　ライブ壁紙,com.quan.lwp.fallingleaveslwp,0,,SBM106SH,JP,愛知県,470-0341,JPY,-30,1.000000,JPY,-30
1310094800035068,"Aug 4, 2013",9:51:14 AM PDT,,Charge,,夜桜　ライブ壁紙,com.quan.lwp.fallingleaveslwp,0,,SBM106SH,JP,愛知県,470-0341,JPY,99,1.000000,JPY,99
1389385083638439,"Aug 4, 2013",8:19:35 PM PDT,,Charge,,Cherry blossom LiveWallpaper,com.quan.lwp.fallingleaveslwp,0,,u0_cdma,US,WI,53186,USD,0.99,98.850000,JPY,98
1389385083638439,"Aug 4, 2013",8:19:35 PM PDT,,Google fee,,Cherry blossom LiveWallpaper,com.quan.lwp.fallingleaveslwp,0,,u0_cdma,US,WI,53186,USD,-0.30,98.850000,JPY,-30
1399663967840499,"Aug 5, 2013",8:57:40 AM PDT,,Charge,,夜桜　ライブ壁紙,com.quan.lwp.fallingleaveslwp,0,,kona3g,TW,,800,JPY,99,1.000000,JPY,99
1399663967840499,"Aug 5, 2013",8:57:40 AM PDT,,Google fee,,夜桜　ライブ壁紙,com.quan.lwp.fallingleaveslwp,0,,kona3g,TW,,800,JPY,-30,1.000000,JPY,-30
1393926168223283,"Aug 5, 2013",1:53:16 PM PDT,,Charge,,夜桜　ライブ壁紙,com.quan.lwp.fallingleaveslwp,0,,SH02E,JP,,3250065,JPY,99,1.000000,JPY,99
1393926168223283,"Aug 5, 2013",1:53:16 PM PDT,,Google fee,,夜桜　ライブ壁紙,com.quan.lwp.fallingleaveslwp,0,,SH02E,JP,,3250065,JPY,-30,1.000000,JPY,-30
1346562762168709,"Aug 5, 2013",5:43:45 PM PDT,,Charge,,Cherry blossom LiveWallpaper,com.quan.lwp.fallingleaveslwp,0,,espressowifi,US,CA,92115,USD,0.99,98.310000,JPY,97
1346562762168709,"Aug 5, 2013",5:43:45 PM PDT,,Google fee,,Cherry blossom LiveWallpaper,com.quan.lwp.fallingleaveslwp,0,,espressowifi,US,CA,92115,USD,-0.30,98.310000,JPY,-29
1357820795523486,"Aug 6, 2013",7:20:24 AM PDT,,Charge,,夜桜　ライブ壁紙,com.quan.lwp.fallingleaveslwp,0,,endeavoru,TW,,265,JPY,99,1.000000,JPY,99
1357820795523486,"Aug 6, 2013",7:20:24 AM PDT,,Google fee,,夜桜　ライブ壁紙,com.quan.lwp.fallingleaveslwp,0,,endeavoru,TW,,265,JPY,-30,1.000000,JPY,-30
1391852315924016,"Aug 6, 2013",3:56:55 PM PDT,,Charge,,夜桜　ライブ壁紙,com.quan.lwp.fallingleaveslwp,0,,m7,TW,,701,JPY,99,1.000000,JPY,99
1391852315924016,"Aug 6, 2013",3:56:55 PM PDT,,Google fee,,夜桜　ライブ壁紙,com.quan.lwp.fallingleaveslwp,0,,m7,TW,,701,JPY,-30,1.000000,JPY,-30
1398903051134510,"Aug 6, 2013",3:58:12 PM PDT,,Charge,,夜桜　ライブ壁紙,com.quan.lwp.fallingleaveslwp,0,,m7,TW,,326,JPY,99,1.000000,JPY,99
1398903051134510,"Aug 6, 2013",3:58:12 PM PDT,,Google fee,,夜桜　ライブ壁紙,com.quan.lwp.fallingleaveslwp,0,,m7,TW,,326,JPY,-30,1.000000,JPY,-30
1323205992503500,"Aug 7, 2013",11:22:36 AM PDT,,Google fee,,夜桜　ライブ壁紙,com.quan.lwp.fallingleaveslwp,0,,dlxpul,TW,,248,JPY,-30,1.000000,JPY,-30
1323205992503500,"Aug 7, 2013",11:22:36 AM PDT,,Charge,,夜桜　ライブ壁紙,com.quan.lwp.fallingleaveslwp,0,,dlxpul,TW,,248,JPY,99,1.000000,JPY,99
1367088617656531,"Aug 7, 2013",2:18:33 PM PDT,,Charge,,夜桜　ライブ壁紙,com.quan.lwp.fallingleaveslwp,0,,jaltelgt,KR,경기도,467-867,USD,1.02,96.380000,JPY,98
1367088617656531,"Aug 7, 2013",2:18:33 PM PDT,,Google fee,,夜桜　ライブ壁紙,com.quan.lwp.fallingleaveslwp,0,,jaltelgt,KR,경기도,467-867,USD,-0.31,96.380000,JPY,-30
1348213890017267,"Aug 8, 2013",3:53:47 AM PDT,,Charge,,夜桜　ライブ壁紙,com.quan.lwp.fallingleaveslwp,0,,SBM102SH,JP,,2200024,JPY,99,1.000000,JPY,99
1348213890017267,"Aug 8, 2013",3:53:47 AM PDT,,Google fee,,夜桜　ライブ壁紙,com.quan.lwp.fallingleaveslwp,0,,SBM102SH,JP,,2200024,JPY,-30,1.000000,JPY,-30
1392636203297273,"Aug 8, 2013",10:11:37 AM PDT,,Google fee,,夜桜　ライブ壁紙,com.quan.lwp.fallingleaveslwp,0,,GT-I9103,TW,,320,JPY,-30,1.000000,JPY,-30
1392636203297273,"Aug 8, 2013",10:11:37 AM PDT,,Charge,,夜桜　ライブ壁紙,com.quan.lwp.fallingleaveslwp,0,,GT-I9103,TW,,320,JPY,99,1.000000,JPY,99
1311885967214753,"Aug 8, 2013",1:33:56 PM PDT,,Charge,,夜桜　ライブ壁紙,com.quan.lwp.fallingleaveslwp,0,,GT-I9100,TW,,326,JPY,99,1.000000,JPY,99
1311885967214753,"Aug 8, 2013",1:33:56 PM PDT,,Google fee,,夜桜　ライブ壁紙,com.quan.lwp.fallingleaveslwp,0,,GT-I9100,TW,,326,JPY,-30,1.000000,JPY,-30
1322831540121393,"Aug 8, 2013",6:08:58 PM PDT,,Charge,,夜桜　ライブ壁紙,com.quan.lwp.fallingleaveslwp,0,,kona3g,TW,,10484,JPY,99,1.000000,JPY,99
1322831540121393,"Aug 8, 2013",6:08:58 PM PDT,,Google fee,,夜桜　ライブ壁紙,com.quan.lwp.fallingleaveslwp,0,,kona3g,TW,,10484,JPY,-30,1.000000,JPY,-30
1390790017971552,"Aug 9, 2013",3:34:48 AM PDT,,Google fee,,夜桜　ライブ壁紙,com.quan.lwp.fallingleaveslwp,0,,GT-N7000,TW,,832,JPY,-30,1.000000,JPY,-30
1390790017971552,"Aug 9, 2013",3:34:48 AM PDT,,Charge,,夜桜　ライブ壁紙,com.quan.lwp.fallingleaveslwp,0,,GT-N7000,TW,,832,JPY,99,1.000000,JPY,99
1350716781421324,"Aug 9, 2013",8:57:11 PM PDT,,Charge,,Cherry blossom LiveWallpaper,com.quan.lwp.fallingleaveslwp,0,,SGH-T769,US,FL,33624,USD,0.99,96.330000,JPY,95
1350716781421324,"Aug 9, 2013",8:57:11 PM PDT,,Google fee,,Cherry blossom LiveWallpaper,com.quan.lwp.fallingleaveslwp,0,,SGH-T769,US,FL,33624,USD,-0.30,96.330000,JPY,-29
1399891852853337,"Aug 10, 2013",1:08:48 AM PDT,,Google fee,,夜桜　ライブ壁紙,com.quan.lwp.fallingleaveslwp,0,,C6602,TW,台北市,111,JPY,-30,1.000000,JPY,-30
1399891852853337,"Aug 10, 2013",1:08:48 AM PDT,,Charge,,夜桜　ライブ壁紙,com.quan.lwp.fallingleaveslwp,0,,C6602,TW,台北市,111,JPY,99,1.000000,JPY,99
1352882025469297,"Aug 10, 2013",1:21:13 AM PDT,,Google fee,,夜桜　ライブ壁紙,com.quan.lwp.fallingleaveslwp,0,,C6802,TW,,900,JPY,-30,1.000000,JPY,-30
1352882025469297,"Aug 10, 2013",1:21:13 AM PDT,,Charge,,夜桜　ライブ壁紙,com.quan.lwp.fallingleaveslwp,0,,C6802,TW,,900,JPY,99,1.000000,JPY,99
1319731440752629,"Aug 10, 2013",2:32:12 AM PDT,,Charge,,夜桜　ライブ壁紙,com.quan.lwp.fallingleaveslwp,0,,t03g,TW,,931,JPY,99,1.000000,JPY,99
1319731440752629,"Aug 10, 2013",2:32:12 AM PDT,,Google fee,,夜桜　ライブ壁紙,com.quan.lwp.fallingleaveslwp,0,,t03g,TW,,931,JPY,-30,1.000000,JPY,-30
1371470323055784,"Aug 10, 2013",3:20:54 AM PDT,,Google fee,,夜桜　ライブ壁紙,com.quan.lwp.fallingleaveslwp,0,,dlxub1,TW,,408,JPY,-30,1.000000,JPY,-30
1371470323055784,"Aug 10, 2013",3:20:54 AM PDT,,Charge,,夜桜　ライブ壁紙,com.quan.lwp.fallingleaveslwp,0,,dlxub1,TW,,408,JPY,99,1.000000,JPY,99
1325330944910867,"Aug 10, 2013",6:17:45 AM PDT,,Charge,,夜桜　ライブ壁紙,com.quan.lwp.fallingleaveslwp,0,,LT28i,TW,,110,JPY,99,1.000000,JPY,99
1325330944910867,"Aug 10, 2013",6:17:45 AM PDT,,Google fee,,夜桜　ライブ壁紙,com.quan.lwp.fallingleaveslwp,0,,LT28i,TW,,110,JPY,-30,1.000000,JPY,-30
1309231909614923,"Aug 10, 2013",1:04:41 PM PDT,,Google fee,,夜桜　ライブ壁紙,com.quan.lwp.fallingleaveslwp,0,,SO-02E,JP,,6110011,JPY,-30,1.000000,JPY,-30
1309231909614923,"Aug 10, 2013",1:04:41 PM PDT,,Charge,,夜桜　ライブ壁紙,com.quan.lwp.fallingleaveslwp,0,,SO-02E,JP,,6110011,JPY,99,1.000000,JPY,99
1326498307471003,"Aug 10, 2013",2:37:58 PM PDT,,Google fee,,夜桜　ライブ壁紙,com.quan.lwp.fallingleaveslwp,0,,dlxpul,TW,,503,JPY,-30,1.000000,JPY,-30
1326498307471003,"Aug 10, 2013",2:37:58 PM PDT,,Charge,,夜桜　ライブ壁紙,com.quan.lwp.fallingleaveslwp,0,,dlxpul,TW,,503,JPY,99,1.000000,JPY,99
1344427913122837,"Aug 11, 2013",1:26:19 AM PDT,,Google fee,,夜桜　ライブ壁紙,com.quan.lwp.fallingleaveslwp,0,,dlxub1,JP,TOKYO,1920044,JPY,-30,1.000000,JPY,-30
1344427913122837,"Aug 11, 2013",1:26:19 AM PDT,,Charge,,夜桜　ライブ壁紙,com.quan.lwp.fallingleaveslwp,0,,dlxub1,JP,TOKYO,1920044,JPY,99,1.000000,JPY,99
1308241349162828,"Aug 11, 2013",1:38:59 AM PDT,,Charge,,夜桜　ライブ壁紙,com.quan.lwp.fallingleaveslwp,0,,FJL21,JP,,193-0801,JPY,99,1.000000,JPY,99
1308241349162828,"Aug 11, 2013",1:38:59 AM PDT,,Google fee,,夜桜　ライブ壁紙,com.quan.lwp.fallingleaveslwp,0,,FJL21,JP,,193-0801,JPY,-30,1.000000,JPY,-30
1339617276555414,"Aug 11, 2013",4:47:34 AM PDT,,Charge,,夜桜　ライブ壁紙,com.quan.lwp.fallingleaveslwp,0,,SC-04E,JP,,7161311,JPY,99,1.000000,JPY,99
1339617276555414,"Aug 11, 2013",4:47:34 AM PDT,,Google fee,,夜桜　ライブ壁紙,com.quan.lwp.fallingleaveslwp,0,,SC-04E,JP,,7161311,JPY,-30,1.000000,JPY,-30
1303818504555426,"Aug 11, 2013",5:28:48 AM PDT,,Charge,,夜桜　ライブ壁紙,com.quan.lwp.fallingleaveslwp,0,,m0,TW,,726,JPY,99,1.000000,JPY,99
1303818504555426,"Aug 11, 2013",5:28:48 AM PDT,,Google fee,,夜桜　ライブ壁紙,com.quan.lwp.fallingleaveslwp,0,,m0,TW,,726,JPY,-30,1.000000,JPY,-30
1389508679331272,"Aug 11, 2013",8:36:05 AM PDT,,Google fee,,夜桜　ライブ壁紙,com.quan.lwp.fallingleaveslwp,0,,LT22i,TW,,300,JPY,-30,1.000000,JPY,-30
1389508679331272,"Aug 11, 2013",8:36:05 AM PDT,,Charge,,夜桜　ライブ壁紙,com.quan.lwp.fallingleaveslwp,0,,LT22i,TW,,300,JPY,99,1.000000,JPY,99
1322024083910550,"Aug 11, 2013",11:27:21 AM PDT,,Google fee,,夜桜　ライブ壁紙,com.quan.lwp.fallingleaveslwp,0,,t03g,TW,,100,JPY,-30,1.000000,JPY,-30
1322024083910550,"Aug 11, 2013",11:27:21 AM PDT,,Charge,,夜桜　ライブ壁紙,com.quan.lwp.fallingleaveslwp,0,,t03g,TW,,100,JPY,99,1.000000,JPY,99
1398424523771810,"Aug 11, 2013",11:45:30 AM PDT,,Google fee,,夜桜　ライブ壁紙,com.quan.lwp.fallingleaveslwp,0,,v89_gq2009hd,TW,,320,JPY,-30,1.000000,JPY,-30
1398424523771810,"Aug 11, 2013",11:45:30 AM PDT,,Charge,,夜桜　ライブ壁紙,com.quan.lwp.fallingleaveslwp,0,,v89_gq2009hd,TW,,320,JPY,99,1.000000,JPY,99
1321278234097193,"Aug 11, 2013",12:37:34 PM PDT,,Charge,,夜桜　ライブ壁紙,com.quan.lwp.fallingleaveslwp,0,,GT-N7000,TW,,70150,JPY,99,1.000000,JPY,99
1321278234097193,"Aug 11, 2013",12:37:34 PM PDT,,Google fee,,夜桜　ライブ壁紙,com.quan.lwp.fallingleaveslwp,0,,GT-N7000,TW,,70150,JPY,-30,1.000000,JPY,-30
1332127198680815,"Aug 11, 2013",2:40:35 PM PDT,,Charge,,夜桜　ライブ壁紙,com.quan.lwp.fallingleaveslwp,0,,ISW11SC,JP,千葉県,2850886,JPY,99,1.000000,JPY,99
1332127198680815,"Aug 11, 2013",2:40:35 PM PDT,,Google fee,,夜桜　ライブ壁紙,com.quan.lwp.fallingleaveslwp,0,,ISW11SC,JP,千葉県,2850886,JPY,-30,1.000000,JPY,-30
1306916627891228,"Aug 11, 2013",6:01:25 PM PDT,,Charge,,夜桜　ライブ壁紙,com.quan.lwp.fallingleaveslwp,0,,m7,TW,,320,JPY,99,1.000000,JPY,99
1306916627891228,"Aug 11, 2013",6:01:25 PM PDT,,Google fee,,夜桜　ライブ壁紙,com.quan.lwp.fallingleaveslwp,0,,m7,TW,,320,JPY,-30,1.000000,JPY,-30
1390028158086210,"Aug 12, 2013",11:08:51 AM PDT,,Google fee,,夜桜　ライブ壁紙,com.quan.lwp.fallingleaveslwp,0,,KYL21,JP,,506-0818,JPY,-30,1.000000,JPY,-30
1390028158086210,"Aug 12, 2013",11:08:51 AM PDT,,Charge,,夜桜　ライブ壁紙,com.quan.lwp.fallingleaveslwp,0,,KYL21,JP,,506-0818,JPY,99,1.000000,JPY,99
1373885555579858,"Aug 12, 2013",12:21:01 PM PDT,,Charge,,Cherry blossom LiveWallpaper,com.quan.lwp.fallingleaveslwp,0,,LT26i,GB,,SA7 9JY,GBP,0.70,149.250000,JPY,104
1373885555579858,"Aug 12, 2013",12:21:01 PM PDT,,Google fee,,Cherry blossom LiveWallpaper,com.quan.lwp.fallingleaveslwp,0,,LT26i,GB,,SA7 9JY,GBP,-0.21,149.250000,JPY,-31
1321019129576460,"Aug 12, 2013",1:02:39 PM PDT,,Google fee,,夜桜　ライブ壁紙,com.quan.lwp.fallingleaveslwp,0,,GT-I9100,TW,,830,JPY,-30,1.000000,JPY,-30
1321019129576460,"Aug 12, 2013",1:02:39 PM PDT,,Charge,,夜桜　ライブ壁紙,com.quan.lwp.fallingleaveslwp,0,,GT-I9100,TW,,830,JPY,99,1.000000,JPY,99
1340333448649628,"Aug 12, 2013",6:18:38 PM PDT,,Google fee,,夜桜　ライブ壁紙,com.quan.lwp.fallingleaveslwp,0,,SOL22,JP,,7380513,JPY,-30,1.000000,JPY,-30
1340333448649628,"Aug 12, 2013",6:18:38 PM PDT,,Charge,,夜桜　ライブ壁紙,com.quan.lwp.fallingleaveslwp,0,,SOL22,JP,,7380513,JPY,99,1.000000,JPY,99
1312064186565964,"Aug 13, 2013",10:45:50 AM PDT,,Google fee,,夜桜　ライブ壁紙,com.quan.lwp.fallingleaveslwp,0,,C6602,TW,,333,JPY,-30,1.000000,JPY,-30
1312064186565964,"Aug 13, 2013",10:45:50 AM PDT,,Charge,,夜桜　ライブ壁紙,com.quan.lwp.fallingleaveslwp,0,,C6602,TW,,333,JPY,99,1.000000,JPY,99
1362975090814612,"Aug 14, 2013",1:24:57 AM PDT,,Google fee,,Cherry blossom LiveWallpaper,com.quan.lwp.fallingleaveslwp,0,,jflteatt,US,FL,32092,USD,-0.30,98.350000,JPY,-30
1362975090814612,"Aug 14, 2013",1:24:57 AM PDT,,Charge,,Cherry blossom LiveWallpaper,com.quan.lwp.fallingleaveslwp,0,,jflteatt,US,FL,32092,USD,0.99,98.350000,JPY,97
1392855098018419,"Aug 14, 2013",8:07:31 AM PDT,,Google fee,,夜桜　ライブ壁紙,com.quan.lwp.fallingleaveslwp,0,,SO-04D,JP,,1420062,JPY,-30,1.000000,JPY,-30
1392855098018419,"Aug 14, 2013",8:07:31 AM PDT,,Charge,,夜桜　ライブ壁紙,com.quan.lwp.fallingleaveslwp,0,,SO-04D,JP,,1420062,JPY,99,1.000000,JPY,99
1341532319429575,"Aug 14, 2013",10:10:19 AM PDT,,Google fee,,夜桜　ライブ壁紙,com.quan.lwp.fallingleaveslwp,0,,dlxub1,TW,,104,JPY,-30,1.000000,JPY,-30
1341532319429575,"Aug 14, 2013",10:10:19 AM PDT,,Charge,,夜桜　ライブ壁紙,com.quan.lwp.fallingleaveslwp,0,,dlxub1,TW,,104,JPY,99,1.000000,JPY,99
1389345223936761,"Aug 14, 2013",12:58:01 PM PDT,,Google fee,,夜桜　ライブ壁紙,com.quan.lwp.fallingleaveslwp,0,,dlxj,JP,,861-4106,JPY,-30,1.000000,JPY,-30
1389345223936761,"Aug 14, 2013",12:58:01 PM PDT,,Charge,,夜桜　ライブ壁紙,com.quan.lwp.fallingleaveslwp,0,,dlxj,JP,,861-4106,JPY,99,1.000000,JPY,99
1336090466656030,"Aug 14, 2013",2:33:44 PM PDT,,Google fee,,夜桜　ライブ壁紙,com.quan.lwp.fallingleaveslwp,0,,m7,TW,,600,JPY,-30,1.000000,JPY,-30
1336090466656030,"Aug 14, 2013",2:33:44 PM PDT,,Charge,,夜桜　ライブ壁紙,com.quan.lwp.fallingleaveslwp,0,,m7,TW,,600,JPY,99,1.000000,JPY,99
1337895873887938,"Aug 14, 2013",5:36:57 PM PDT,,Charge,,夜桜　ライブ壁紙,com.quan.lwp.fallingleaveslwp,0,,ja3g,TW,,269,JPY,99,1.000000,JPY,99
1337895873887938,"Aug 14, 2013",5:36:57 PM PDT,,Google fee,,夜桜　ライブ壁紙,com.quan.lwp.fallingleaveslwp,0,,ja3g,TW,,269,JPY,-30,1.000000,JPY,-30
1367871886068201,"Aug 15, 2013",3:41:09 AM PDT,,Google fee,,夜桜　ライブ壁紙,com.quan.lwp.fallingleaveslwp,0,,unknown,TW,,821,JPY,-30,1.000000,JPY,-30
1367871886068201,"Aug 15, 2013",3:41:09 AM PDT,,Charge,,夜桜　ライブ壁紙,com.quan.lwp.fallingleaveslwp,0,,unknown,TW,,821,JPY,99,1.000000,JPY,99
1360791397206946,"Aug 15, 2013",11:15:47 AM PDT,,Google fee,,Cherry blossom LiveWallpaper,com.quan.lwp.fallingleaveslwp,0,,jflteatt,US,OH,43910,USD,-0.30,97.820000,JPY,-29
1360791397206946,"Aug 15, 2013",11:15:47 AM PDT,,Charge,,Cherry blossom LiveWallpaper,com.quan.lwp.fallingleaveslwp,0,,jflteatt,US,OH,43910,USD,0.99,97.820000,JPY,97
1350661487060416,"Aug 15, 2013",5:47:07 PM PDT,,Google fee,,夜桜　ライブ壁紙,com.quan.lwp.fallingleaveslwp,0,,shooteru,TW,,106,TWD,-9.00,3.250700,JPY,-30
1350661487060416,"Aug 15, 2013",5:47:07 PM PDT,,Charge,,夜桜　ライブ壁紙,com.quan.lwp.fallingleaveslwp,0,,shooteru,TW,,106,TWD,30.00,3.250700,JPY,98
1357185425402925,"Aug 15, 2013",5:54:14 PM PDT,,Charge,,夜桜　ライブ壁紙,com.quan.lwp.fallingleaveslwp,0,,SH-06E,JP,,3120016,JPY,99,1.000000,JPY,99
1357185425402925,"Aug 15, 2013",5:54:14 PM PDT,,Google fee,,夜桜　ライブ壁紙,com.quan.lwp.fallingleaveslwp,0,,SH-06E,JP,,3120016,JPY,-30,1.000000,JPY,-30
1313774909379799,"Aug 16, 2013",4:08:54 AM PDT,,Charge,,Cherry blossom LiveWallpaper,com.quan.lwp.fallingleaveslwp,0,,d2vzw,US,ID,83860,USD,0.99,97.430000,JPY,96
1313774909379799,"Aug 16, 2013",4:08:54 AM PDT,,Google fee,,Cherry blossom LiveWallpaper,com.quan.lwp.fallingleaveslwp,0,,d2vzw,US,ID,83860,USD,-0.30,97.430000,JPY,-29
1393507754928153,"Aug 16, 2013",6:16:52 AM PDT,,Charge,,夜桜　ライブ壁紙,com.quan.lwp.fallingleaveslwp,0,,kona3g,TW,,833,TWD,30.00,3.261200,JPY,98
1393507754928153,"Aug 16, 2013",6:16:52 AM PDT,,Google fee,,夜桜　ライブ壁紙,com.quan.lwp.fallingleaveslwp,0,,kona3g,TW,,833,TWD,-9.00,3.261200,JPY,-29
1325305868729043,"Aug 16, 2013",6:57:07 AM PDT,,Charge,,夜桜　ライブ壁紙,com.quan.lwp.fallingleaveslwp,0,,ST26i,TW,,262,TWD,30.00,3.261200,JPY,98
1325305868729043,"Aug 16, 2013",6:57:07 AM PDT,,Google fee,,夜桜　ライブ壁紙,com.quan.lwp.fallingleaveslwp,0,,ST26i,TW,,262,TWD,-9.00,3.261200,JPY,-30
1366722822568435,"Aug 16, 2013",10:15:40 AM PDT,,Google fee,,夜桜　ライブ壁紙,com.quan.lwp.fallingleaveslwp,0,,SHL21,JP,,9800901,JPY,-30,1.000000,JPY,-30
1366722822568435,"Aug 16, 2013",10:15:40 AM PDT,,Charge,,夜桜　ライブ壁紙,com.quan.lwp.fallingleaveslwp,0,,SHL21,JP,,9800901,JPY,99,1.000000,JPY,99
1389359139088825,"Aug 16, 2013",11:29:34 PM PDT,,Charge,,夜桜　ライブ壁紙,com.quan.lwp.fallingleaveslwp,0,,C6602,TW,,327,TWD,30.00,3.265800,JPY,98
1389359139088825,"Aug 16, 2013",11:29:34 PM PDT,,Google fee,,夜桜　ライブ壁紙,com.quan.lwp.fallingleaveslwp,0,,C6602,TW,,327,TWD,-9.00,3.265800,JPY,-30
1369535171160937,"Aug 17, 2013",2:11:14 AM PDT,,Charge,,夜桜　ライブ壁紙,com.quan.lwp.fallingleaveslwp,0,,C5502,TW,,22069,TWD,30.00,3.265800,JPY,98
1369535171160937,"Aug 17, 2013",2:11:14 AM PDT,,Google fee,,夜桜　ライブ壁紙,com.quan.lwp.fallingleaveslwp,0,,C5502,TW,,22069,TWD,-9.00,3.265800,JPY,-30
1370596376178376,"Aug 17, 2013",11:04:42 PM PDT,,Google fee,,夜桜　ライブ壁紙,com.quan.lwp.fallingleaveslwp,0,,C6602,TW,,324,TWD,-9.00,3.265800,JPY,-30
1370596376178376,"Aug 17, 2013",11:04:42 PM PDT,,Charge,,夜桜　ライブ壁紙,com.quan.lwp.fallingleaveslwp,0,,C6602,TW,,324,TWD,30.00,3.265800,JPY,98
1320548909083990,"Aug 18, 2013",5:27:36 AM PDT,,Google fee,,Cherry blossom LiveWallpaper,com.quan.lwp.fallingleaveslwp,0,,lt02wifi,US,IL,60481,USD,-0.30,97.580000,JPY,-29
1320548909083990,"Aug 18, 2013",5:27:36 AM PDT,,Charge,,Cherry blossom LiveWallpaper,com.quan.lwp.fallingleaveslwp,0,,lt02wifi,US,IL,60481,USD,0.99,97.580000,JPY,97
1300603658628700,"Aug 18, 2013",5:37:19 AM PDT,,Charge,,夜桜　ライブ壁紙,com.quan.lwp.fallingleaveslwp,0,,C6602,TW,,320,TWD,30.00,3.265800,JPY,98
1300603658628700,"Aug 18, 2013",5:37:19 AM PDT,,Google fee,,夜桜　ライブ壁紙,com.quan.lwp.fallingleaveslwp,0,,C6602,TW,,320,TWD,-9.00,3.265800,JPY,-30
1398334297884153,"Aug 18, 2013",9:53:58 AM PDT,,Charge,,夜桜　ライブ壁紙,com.quan.lwp.fallingleaveslwp,0,,FJI11,JP,奈良県,6310074,JPY,99,1.000000,JPY,99
1398334297884153,"Aug 18, 2013",9:53:58 AM PDT,,Google fee,,夜桜　ライブ壁紙,com.quan.lwp.fallingleaveslwp,0,,FJI11,JP,奈良県,6310074,JPY,-30,1.000000,JPY,-30
1331003186656329,"Aug 18, 2013",12:30:18 PM PDT,,Charge,,夜桜　ライブ壁紙,com.quan.lwp.fallingleaveslwp,0,,ME371MG,TW,,202,TWD,30.00,3.265800,JPY,98
1331003186656329,"Aug 18, 2013",12:30:18 PM PDT,,Google fee,,夜桜　ライブ壁紙,com.quan.lwp.fallingleaveslwp,0,,ME371MG,TW,,202,TWD,-9.00,3.265800,JPY,-30
1347431070972865,"Aug 18, 2013",4:51:04 PM PDT,,Google fee,,夜桜　ライブ壁紙,com.quan.lwp.fallingleaveslwp,0,,t03g,TW,,220,TWD,-9.00,3.265800,JPY,-29
1347431070972865,"Aug 18, 2013",4:51:04 PM PDT,,Charge,,夜桜　ライブ壁紙,com.quan.lwp.fallingleaveslwp,0,,t03g,TW,,220,TWD,30.00,3.265800,JPY,98
1353761652600586,"Aug 18, 2013",9:02:32 PM PDT,,Google fee,,夜桜　ライブ壁紙,com.quan.lwp.fallingleaveslwp,0,,C6802,TW,,201,TWD,-9.00,3.258700,JPY,-30
1353761652600586,"Aug 18, 2013",9:02:32 PM PDT,,Charge,,夜桜　ライブ壁紙,com.quan.lwp.fallingleaveslwp,0,,C6802,TW,,201,TWD,30.00,3.258700,JPY,98
1399189178879959,"Aug 18, 2013",11:03:17 PM PDT,,Charge,,Cherry blossom LiveWallpaper,com.quan.lwp.fallingleaveslwp,0,,SCH-I110,US,OH,43822,USD,0.99,97.560000,JPY,97
1399189178879959,"Aug 18, 2013",11:03:17 PM PDT,,Google fee,,Cherry blossom LiveWallpaper,com.quan.lwp.fallingleaveslwp,0,,SCH-I110,US,OH,43822,USD,-0.30,97.560000,JPY,-29
1399939287686637,"Aug 19, 2013",3:39:04 AM PDT,,Charge,,夜桜　ライブ壁紙,com.quan.lwp.fallingleaveslwp,0,,GT-I9100,TW,,335,TWD,30.00,3.259700,JPY,98
1399939287686637,"Aug 19, 2013",3:39:04 AM PDT,,Google fee,,夜桜　ライブ壁紙,com.quan.lwp.fallingleaveslwp,0,,GT-I9100,TW,,335,TWD,-9.00,3.259700,JPY,-29
1318930574352249,"Aug 19, 2013",5:01:45 AM PDT,,Charge,,夜桜　ライブ壁紙,com.quan.lwp.fallingleaveslwp,0,,t03g,TW,,807,TWD,30.00,3.268600,JPY,98
1318930574352249,"Aug 19, 2013",5:01:45 AM PDT,,Google fee,,夜桜　ライブ壁紙,com.quan.lwp.fallingleaveslwp,0,,t03g,TW,,807,TWD,-9.00,3.268600,JPY,-29
1355688209124756,"Aug 19, 2013",10:58:20 AM PDT,,Charge,,夜桜　ライブ壁紙,com.quan.lwp.fallingleaveslwp,0,,m7,TW,,242,TWD,30.00,3.269800,JPY,98
1355688209124756,"Aug 19, 2013",10:58:20 AM PDT,,Google fee,,夜桜　ライブ壁紙,com.quan.lwp.fallingleaveslwp,0,,m7,TW,,242,TWD,-9.00,3.269800,JPY,-30
1392134218174905,"Aug 19, 2013",2:58:46 PM PDT,,Google fee,,夜桜　ライブ壁紙,com.quan.lwp.fallingleaveslwp,0,,t0lte,HK,-,,HKD,-2.44,12.585000,JPY,-31
1392134218174905,"Aug 19, 2013",2:58:46 PM PDT,,Charge,,夜桜　ライブ壁紙,com.quan.lwp.fallingleaveslwp,0,,t0lte,HK,-,,HKD,8.14,12.585000,JPY,102
1313054968688434,"Aug 20, 2013",6:03:05 PM PDT,,Charge,,夜桜　ライブ壁紙,com.quan.lwp.fallingleaveslwp,0,,SO-04D,JP,千葉県,273-0011,JPY,99,1.000000,JPY,99
1313054968688434,"Aug 20, 2013",6:03:05 PM PDT,,Google fee,,夜桜　ライブ壁紙,com.quan.lwp.fallingleaveslwp,0,,SO-04D,JP,千葉県,273-0011,JPY,-30,1.000000,JPY,-30
1375357935660476,"Aug 20, 2013",9:48:53 PM PDT,,Charge,,夜桜　ライブ壁紙,com.quan.lwp.fallingleaveslwp,0,,dlxub1,TW,,427,TWD,30.00,3.248800,JPY,97
1375357935660476,"Aug 20, 2013",9:48:53 PM PDT,,Google fee,,夜桜　ライブ壁紙,com.quan.lwp.fallingleaveslwp,0,,dlxub1,TW,,427,TWD,-9.00,3.248800,JPY,-29
1382960038712490,"Aug 21, 2013",12:16:27 AM PDT,,Charge,,夜桜　ライブ壁紙,com.quan.lwp.fallingleaveslwp,0,,GT-I9100,US,NY,10001,USD,0.99,97.560000,JPY,97
1382960038712490,"Aug 21, 2013",12:16:27 AM PDT,,Google fee,,夜桜　ライブ壁紙,com.quan.lwp.fallingleaveslwp,0,,GT-I9100,US,NY,10001,USD,-0.30,97.560000,JPY,-29
1389395466694516,"Aug 21, 2013",4:17:03 AM PDT,,Google fee,,Cherry blossom LiveWallpaper,com.quan.lwp.fallingleaveslwp,0,,m7,GB,,SO53 3DS,GBP,-0.21,152.840000,JPY,-32
1389395466694516,"Aug 21, 2013",4:17:03 AM PDT,,Charge,,Cherry blossom LiveWallpaper,com.quan.lwp.fallingleaveslwp,0,,m7,GB,,SO53 3DS,GBP,0.70,152.840000,JPY,107
1325852212233558,"Aug 21, 2013",7:10:19 AM PDT,,Charge,,夜桜　ライブ壁紙,com.quan.lwp.fallingleaveslwp,0,,ST26i,TW,,112,TWD,30.00,3.255500,JPY,98
1325852212233558,"Aug 21, 2013",7:10:19 AM PDT,,Google fee,,夜桜　ライブ壁紙,com.quan.lwp.fallingleaveslwp,0,,ST26i,TW,,112,TWD,-9.00,3.255500,JPY,-30
1313515854254648,"Aug 21, 2013",8:50:53 AM PDT,,Google fee,,夜桜　ライブ壁紙,com.quan.lwp.fallingleaveslwp,0,,valentewxc9,TW,,407,TWD,-9.00,3.261000,JPY,-30
1313515854254648,"Aug 21, 2013",8:50:53 AM PDT,,Charge,,夜桜　ライブ壁紙,com.quan.lwp.fallingleaveslwp,0,,valentewxc9,TW,,407,TWD,30.00,3.261000,JPY,98
1349438451460062,"Aug 21, 2013",9:38:41 AM PDT,,Charge,,夜桜　ライブ壁紙,com.quan.lwp.fallingleaveslwp,0,,t03g,TW,,880,TWD,30.00,3.261300,JPY,98
1349438451460062,"Aug 21, 2013",9:38:41 AM PDT,,Google fee,,夜桜　ライブ壁紙,com.quan.lwp.fallingleaveslwp,0,,t03g,TW,,880,TWD,-9.00,3.261300,JPY,-29
1330522442539561,"Aug 21, 2013",11:30:05 AM PDT,,Google fee,,夜桜　ライブ壁紙,com.quan.lwp.fallingleaveslwp,0,,GT-N7000,TW,,829,TWD,-9.00,3.262200,JPY,-29
1330522442539561,"Aug 21, 2013",11:30:05 AM PDT,,Charge,,夜桜　ライブ壁紙,com.quan.lwp.fallingleaveslwp,0,,GT-N7000,TW,,829,TWD,30.00,3.262200,JPY,98
1395080108169946,"Aug 21, 2013",11:54:13 AM PDT,,Google fee,,Cherry blossom LiveWallpaper,com.quan.lwp.fallingleaveslwp,0,,rk2928sdk,AU,,3214,AUD,-0.30,88.020000,JPY,-26
1395080108169946,"Aug 21, 2013",11:54:13 AM PDT,,Charge,,Cherry blossom LiveWallpaper,com.quan.lwp.fallingleaveslwp,0,,rk2928sdk,AU,,3214,AUD,0.99,88.020000,JPY,87
1338191699069783,"Aug 21, 2013",1:34:20 PM PDT,,Google fee,,夜桜　ライブ壁紙,com.quan.lwp.fallingleaveslwp,0,,tilapia,TW,,325,TWD,-9.00,3.264500,JPY,-30
1338191699069783,"Aug 21, 2013",1:34:20 PM PDT,,Charge,,夜桜　ライブ壁紙,com.quan.lwp.fallingleaveslwp,0,,tilapia,TW,,325,TWD,30.00,3.264500,JPY,98
1331518370807288,"Aug 21, 2013",3:24:37 PM PDT,,Google fee,,夜桜　ライブ壁紙,com.quan.lwp.fallingleaveslwp,0,,SC-02E,JP,福島県,9760042,JPY,-30,1.000000,JPY,-30
1331518370807288,"Aug 21, 2013",3:24:37 PM PDT,,Charge,,夜桜　ライブ壁紙,com.quan.lwp.fallingleaveslwp,0,,SC-02E,JP,福島県,9760042,JPY,99,1.000000,JPY,99
1364744866352050,"Aug 21, 2013",5:16:30 PM PDT,,Charge,,夜桜　ライブ壁紙,com.quan.lwp.fallingleaveslwp,0,,C6602,TW,,002,TWD,30.00,3.264500,JPY,98
1364744866352050,"Aug 21, 2013",5:16:30 PM PDT,,Google fee,,夜桜　ライブ壁紙,com.quan.lwp.fallingleaveslwp,0,,C6602,TW,,002,TWD,-9.00,3.264500,JPY,-30
1322110074493385,"Aug 22, 2013",12:17:54 AM PDT,,Charge,,夜桜　ライブ壁紙,com.quan.lwp.fallingleaveslwp,0,,R800i,TW,,435,TWD,30.00,3.276700,JPY,98
1322110074493385,"Aug 22, 2013",12:17:54 AM PDT,,Google fee,,夜桜　ライブ壁紙,com.quan.lwp.fallingleaveslwp,0,,R800i,TW,,435,TWD,-9.00,3.276700,JPY,-30
1316000428719377,"Aug 22, 2013",4:04:59 AM PDT,,Charge,,夜桜　ライブ壁紙,com.quan.lwp.fallingleaveslwp,0,,C6502,US,WA,98059,USD,0.99,98.680000,JPY,98
1316000428719377,"Aug 22, 2013",4:04:59 AM PDT,,Google fee,,夜桜　ライブ壁紙,com.quan.lwp.fallingleaveslwp,0,,C6502,US,WA,98059,USD,-0.30,98.680000,JPY,-30
1336698289741339,"Aug 22, 2013",2:19:37 PM PDT,,Charge,,夜桜　ライブ壁紙,com.quan.lwp.fallingleaveslwp,0,,dlxub1,TW,,880,TWD,30.00,3.289300,JPY,99
1336698289741339,"Aug 22, 2013",2:19:37 PM PDT,,Google fee,,夜桜　ライブ壁紙,com.quan.lwp.fallingleaveslwp,0,,dlxub1,TW,,880,TWD,-9.00,3.289300,JPY,-30
1358658176153520,"Aug 22, 2013",3:15:22 PM PDT,,Charge,,夜桜　ライブ壁紙,com.quan.lwp.fallingleaveslwp,0,,cp3dcg,TW,台北市,111,TWD,30.00,3.289300,JPY,99
1358658176153520,"Aug 22, 2013",3:15:22 PM PDT,,Google fee,,夜桜　ライブ壁紙,com.quan.lwp.fallingleaveslwp,0,,cp3dcg,TW,台北市,111,TWD,-9.00,3.289300,JPY,-30
1348560723901231,"Aug 22, 2013",3:41:12 PM PDT,,Charge,,夜桜　ライブ壁紙,com.quan.lwp.fallingleaveslwp,0,,SBM102SH,JP,,3070001,JPY,99,1.000000,JPY,99
1348560723901231,"Aug 22, 2013",3:41:12 PM PDT,,Google fee,,夜桜　ライブ壁紙,com.quan.lwp.fallingleaveslwp,0,,SBM102SH,JP,,3070001,JPY,-30,1.000000,JPY,-30
1364066985641628,"Aug 22, 2013",5:49:08 PM PDT,,Charge,,夜桜　ライブ壁紙,com.quan.lwp.fallingleaveslwp,0,,m0,TW,,402,TWD,30.00,3.289300,JPY,99
1364066985641628,"Aug 22, 2013",5:49:08 PM PDT,,Google fee,,夜桜　ライブ壁紙,com.quan.lwp.fallingleaveslwp,0,,m0,TW,,402,TWD,-9.00,3.289300,JPY,-30
1362874559536223,"Aug 22, 2013",6:00:23 PM PDT,,Google fee,,夜桜　ライブ壁紙,com.quan.lwp.fallingleaveslwp,0,,C6602,TW,,600,TWD,-9.00,3.299500,JPY,-30
1362874559536223,"Aug 22, 2013",6:00:23 PM PDT,,Charge,,夜桜　ライブ壁紙,com.quan.lwp.fallingleaveslwp,0,,C6602,TW,,600,TWD,30.00,3.299500,JPY,99
1325593624414450,"Aug 23, 2013",1:13:06 AM PDT,,Google fee,,夜桜　ライブ壁紙,com.quan.lwp.fallingleaveslwp,0,,m7,TW,,408,TWD,-9.00,3.303400,JPY,-30
1325593624414450,"Aug 23, 2013",1:13:06 AM PDT,,Charge,,夜桜　ライブ壁紙,com.quan.lwp.fallingleaveslwp,0,,m7,TW,,408,TWD,30.00,3.303400,JPY,99
1333784935883597,"Aug 23, 2013",7:08:02 AM PDT,,Charge,,夜桜　ライブ壁紙,com.quan.lwp.fallingleaveslwp,0,,kona3g,TW,,330,TWD,30.00,3.307900,JPY,99
1333784935883597,"Aug 23, 2013",7:08:02 AM PDT,,Google fee,,夜桜　ライブ壁紙,com.quan.lwp.fallingleaveslwp,0,,kona3g,TW,,330,TWD,-9.00,3.307900,JPY,-30
1344771565994273,"Aug 23, 2013",1:21:33 PM PDT,,Charge,,夜桜　ライブ壁紙,com.quan.lwp.fallingleaveslwp,0,,m7,TW,,423,TWD,30.00,3.301000,JPY,99
1344771565994273,"Aug 23, 2013",1:21:33 PM PDT,,Google fee,,夜桜　ライブ壁紙,com.quan.lwp.fallingleaveslwp,0,,m7,TW,,423,TWD,-9.00,3.301000,JPY,-30
1304763979361169,"Aug 24, 2013",8:49:24 AM PDT,,Charge,,夜桜　ライブ壁紙,com.quan.lwp.fallingleaveslwp,0,,SO-02E,TW,,300,TWD,30.00,3.301000,JPY,99
1304763979361169,"Aug 24, 2013",8:49:24 AM PDT,,Google fee,,夜桜　ライブ壁紙,com.quan.lwp.fallingleaveslwp,0,,SO-02E,TW,,300,TWD,-9.00,3.301000,JPY,-30
1334627338131996,"Aug 24, 2013",3:47:19 PM PDT,,Google fee,,夜桜　ライブ壁紙,com.quan.lwp.fallingleaveslwp,0,,GT-I9100,TW,,320,TWD,-9.00,3.301000,JPY,-30
1334627338131996,"Aug 24, 2013",3:47:19 PM PDT,,Charge,,夜桜　ライブ壁紙,com.quan.lwp.fallingleaveslwp,0,,GT-I9100,TW,,320,TWD,30.00,3.301000,JPY,99
1376685750233405,"Aug 24, 2013",7:21:54 PM PDT,,Google fee,,夜桜　ライブ壁紙,com.quan.lwp.fallingleaveslwp,0,,SH-06E,JP,,252-0024,JPY,-30,1.000000,JPY,-30
1376685750233405,"Aug 24, 2013",7:21:54 PM PDT,,Charge,,夜桜　ライブ壁紙,com.quan.lwp.fallingleaveslwp,0,,SH-06E,JP,,252-0024,JPY,99,1.000000,JPY,99
1378853383339415,"Aug 25, 2013",5:15:45 PM PDT,,Google fee,,夜桜　ライブ壁紙,com.quan.lwp.fallingleaveslwp,0,,p920,TW,桃園縣,325,TWD,-9.00,3.301000,JPY,-30
1378853383339415,"Aug 25, 2013",5:15:45 PM PDT,,Charge,,夜桜　ライブ壁紙,com.quan.lwp.fallingleaveslwp,0,,p920,TW,桃園縣,325,TWD,30.00,3.301000,JPY,99
1389251434605269,"Aug 25, 2013",7:10:54 PM PDT,,Charge,,夜桜　ライブ壁紙,com.quan.lwp.fallingleaveslwp,0,,SOL21,JP,,360-0805,JPY,99,1.000000,JPY,99
1389251434605269,"Aug 25, 2013",7:10:54 PM PDT,,Google fee,,夜桜　ライブ壁紙,com.quan.lwp.fallingleaveslwp,0,,SOL21,JP,,360-0805,JPY,-30,1.000000,JPY,-30
1370078593001474,"Aug 26, 2013",9:16:13 AM PDT,,Google fee,,夜桜　ライブ壁紙,com.quan.lwp.fallingleaveslwp,0,,C6802,TW,,260,TWD,-9.00,3.288300,JPY,-30
1370078593001474,"Aug 26, 2013",9:16:13 AM PDT,,Charge,,夜桜　ライブ壁紙,com.quan.lwp.fallingleaveslwp,0,,C6802,TW,,260,TWD,30.00,3.288300,JPY,99
1316383645143040,"Aug 26, 2013",12:19:09 PM PDT,,Google fee,,夜桜　ライブ壁紙,com.quan.lwp.fallingleaveslwp,0,,N-08D,JP,,333-0848,JPY,-30,1.000000,JPY,-30
1316383645143040,"Aug 26, 2013",12:19:09 PM PDT,,Charge,,夜桜　ライブ壁紙,com.quan.lwp.fallingleaveslwp,0,,N-08D,JP,,333-0848,JPY,99,1.000000,JPY,99
1375340222897641,"Aug 26, 2013",2:12:26 PM PDT,,Google fee,,夜桜　ライブ壁紙,com.quan.lwp.fallingleaveslwp,0,,SBM203SH,JP,,0788321,JPY,-30,1.000000,JPY,-30
1375340222897641,"Aug 26, 2013",2:12:26 PM PDT,,Charge,,夜桜　ライブ壁紙,com.quan.lwp.fallingleaveslwp,0,,SBM203SH,JP,,0788321,JPY,99,1.000000,JPY,99
1352143056072100,"Aug 27, 2013",4:54:24 AM PDT,,Charge,,夜桜　ライブ壁紙,com.quan.lwp.fallingleaveslwp,0,,SO-03D,JP,,2340053,JPY,99,1.000000,JPY,99
1352143056072100,"Aug 27, 2013",4:54:24 AM PDT,,Google fee,,夜桜　ライブ壁紙,com.quan.lwp.fallingleaveslwp,0,,SO-03D,JP,,2340053,JPY,-30,1.000000,JPY,-30
1332240893945319,"Aug 27, 2013",11:09:06 AM PDT,,Charge,,夜桜　ライブ壁紙,com.quan.lwp.fallingleaveslwp,0,,t03g,TW,,106,TWD,30.00,3.244700,JPY,97
1332240893945319,"Aug 27, 2013",11:09:06 AM PDT,,Google fee,,夜桜　ライブ壁紙,com.quan.lwp.fallingleaveslwp,0,,t03g,TW,,106,TWD,-9.00,3.244700,JPY,-29
1335204454393730,"Aug 28, 2013",4:47:26 AM PDT,,Google fee,,Cherry blossom LiveWallpaper,com.quan.lwp.fallingleaveslwp,0,,ja3g,BH,,973,USD,-0.31,97.460000,JPY,-30
1335204454393730,"Aug 28, 2013",4:47:26 AM PDT,,Charge,,Cherry blossom LiveWallpaper,com.quan.lwp.fallingleaveslwp,0,,ja3g,BH,,973,USD,1.02,97.460000,JPY,99
1347946749353118,"Aug 28, 2013",11:21:17 AM PDT,,Charge,,夜桜　ライブ壁紙,com.quan.lwp.fallingleaveslwp,0,,dlxub1,TW,,701,TWD,30.00,3.261700,JPY,98
1347946749353118,"Aug 28, 2013",11:21:17 AM PDT,,Google fee,,夜桜　ライブ壁紙,com.quan.lwp.fallingleaveslwp,0,,dlxub1,TW,,701,TWD,-9.00,3.261700,JPY,-30
1385228623640601,"Aug 28, 2013",4:16:00 PM PDT,,Charge,,夜桜　ライブ壁紙,com.quan.lwp.fallingleaveslwp,0,,LT25i,TW,,507,TWD,30.00,3.262800,JPY,98
1385228623640601,"Aug 28, 2013",4:16:00 PM PDT,,Google fee,,夜桜　ライブ壁紙,com.quan.lwp.fallingleaveslwp,0,,LT25i,TW,,507,TWD,-9.00,3.262800,JPY,-30
1337435138489436,"Aug 28, 2013",11:37:04 PM PDT,,Google fee,,Cherry blossom LiveWallpaper,com.quan.lwp.fallingleaveslwp,0,,kona3g,ID,JB,40222,USD,-0.30,97.740000,JPY,-29
1337435138489436,"Aug 28, 2013",11:37:04 PM PDT,,Charge,,Cherry blossom LiveWallpaper,com.quan.lwp.fallingleaveslwp,0,,kona3g,ID,JB,40222,USD,1.01,97.740000,JPY,99
1325396737589835,"Aug 29, 2013",6:29:26 AM PDT,,Charge,,夜桜　ライブ壁紙,com.quan.lwp.fallingleaveslwp,0,,ja3g,TW,TAOYUAN COUNTY,330,TWD,30.00,3.276800,JPY,98
1325396737589835,"Aug 29, 2013",6:29:26 AM PDT,,Google fee,,夜桜　ライブ壁紙,com.quan.lwp.fallingleaveslwp,0,,ja3g,TW,TAOYUAN COUNTY,330,TWD,-9.00,3.276800,JPY,-29
1312283125734277,"Aug 29, 2013",1:41:32 PM PDT,,Charge,,Cherry blossom LiveWallpaper,com.quan.lwp.fallingleaveslwp,0,,C1504,AU,,2171,AUD,0.99,87.776000,JPY,87
1312283125734277,"Aug 29, 2013",1:41:32 PM PDT,,Google fee,,Cherry blossom LiveWallpaper,com.quan.lwp.fallingleaveslwp,0,,C1504,AU,,2171,AUD,-0.30,87.776000,JPY,-26
1366554280886596,"Aug 29, 2013",8:06:28 PM PDT,,Charge,,夜桜　ライブ壁紙,com.quan.lwp.fallingleaveslwp,0,,m0,TW,,201,TWD,30.00,3.283900,JPY,99
1366554280886596,"Aug 29, 2013",8:06:28 PM PDT,,Google fee,,夜桜　ライブ壁紙,com.quan.lwp.fallingleaveslwp,0,,m0,TW,,201,TWD,-9.00,3.283900,JPY,-30
1389074402800690,"Aug 30, 2013",8:34:21 AM PDT,,Google fee,,夜桜　ライブ壁紙,com.quan.lwp.fallingleaveslwp,0,,SHL22,JP,,2580016,JPY,-30,1.000000,JPY,-30
1389074402800690,"Aug 30, 2013",8:34:21 AM PDT,,Charge,,夜桜　ライブ壁紙,com.quan.lwp.fallingleaveslwp,0,,SHL22,JP,,2580016,JPY,99,1.000000,JPY,99
1384356676201392,"Aug 30, 2013",3:39:00 PM PDT,,Charge,,夜桜　ライブ壁紙,com.quan.lwp.fallingleaveslwp,0,,SOL21,JP,,8115125,JPY,99,1.000000,JPY,99
1384356676201392,"Aug 30, 2013",3:39:00 PM PDT,,Google fee,,夜桜　ライブ壁紙,com.quan.lwp.fallingleaveslwp,0,,SOL21,JP,,8115125,JPY,-30,1.000000,JPY,-30
1366263240242216,"Aug 31, 2013",12:31:36 AM PDT,,Google fee,,夜桜　ライブ壁紙,com.quan.lwp.fallingleaveslwp,0,,dlxub1,TW,,108,TWD,-9.00,3.280200,JPY,-30
1366263240242216,"Aug 31, 2013",12:31:36 AM PDT,,Charge,,夜桜　ライブ壁紙,com.quan.lwp.fallingleaveslwp,0,,dlxub1,TW,,108,TWD,30.00,3.280200,JPY,98
1304876190480643,"Aug 31, 2013",2:21:51 AM PDT,,Google fee,,夜桜　ライブ壁紙,com.quan.lwp.fallingleaveslwp,0,,C6602,TW,,508,TWD,-9.00,3.280200,JPY,-30
1304876190480643,"Aug 31, 2013",2:21:51 AM PDT,,Charge,,夜桜　ライブ壁紙,com.quan.lwp.fallingleaveslwp,0,,C6602,TW,,508,TWD,30.00,3.280200,JPY,98
1377413177017536,"Aug 31, 2013",5:32:57 AM PDT,,Charge,,夜桜　ライブ壁紙,com.quan.lwp.fallingleaveslwp,0,,aries,TW,,306,TWD,30.00,3.280200,JPY,98
1377413177017536,"Aug 31, 2013",5:32:57 AM PDT,,Google fee,,夜桜　ライブ壁紙,com.quan.lwp.fallingleaveslwp,0,,aries,TW,,306,TWD,-9.00,3.280200,JPY,-30
1396456185318726,"Aug 31, 2013",3:28:00 PM PDT,,Charge,,夜桜　ライブ壁紙,com.quan.lwp.fallingleaveslwp,0,,SC-04E,JP,,1970003,JPY,99,1.000000,JPY,99
1396456185318726,"Aug 31, 2013",3:28:00 PM PDT,,Google fee,,夜桜　ライブ壁紙,com.quan.lwp.fallingleaveslwp,0,,SC-04E,JP,,1970003,JPY,-30,1.000000,JPY,-30
1347620870613423,"Aug 31, 2013",5:04:02 PM PDT,,Charge,,夜桜　ライブ壁紙,com.quan.lwp.fallingleaveslwp,0,,m7,TW,,406,TWD,30.00,3.280200,JPY,98
1347620870613423,"Aug 31, 2013",5:04:02 PM PDT,,Google fee,,夜桜　ライブ壁紙,com.quan.lwp.fallingleaveslwp,0,,m7,TW,,406,TWD,-9.00,3.280200,JPY,-30
1399757413030189,"Aug 31, 2013",5:59:35 PM PDT,,Charge,,夜桜　ライブ壁紙,com.quan.lwp.fallingleaveslwp,0,,C6802,TW,,235,TWD,30.00,3.280200,JPY,98
1399757413030189,"Aug 31, 2013",5:59:35 PM PDT,,Google fee,,夜桜　ライブ壁紙,com.quan.lwp.fallingleaveslwp,0,,C6802,TW,,235,TWD,-9.00,3.280200,JPY,-30
1352191807566146,"Aug 31, 2013",11:01:36 PM PDT,,Charge,,Cherry blossom LiveWallpaper,com.quan.lwp.fallingleaveslwp,0,,V8000,US,NM,87022,USD,0.99,98.170000,JPY,97
1352191807566146,"Aug 31, 2013",11:01:36 PM PDT,,Google fee,,Cherry blossom LiveWallpaper,com.quan.lwp.fallingleaveslwp,0,,V8000,US,NM,87022,USD,-0.30,98.170000,JPY,-29
