Description,Transaction Date,Transaction Time,Tax Type,Transaction Type,Refund Type,Product Title,Product id,Product Type,Sku Id,Hardware,Buyer Country,Buyer State,Buyer Postal Code,Buyer Currency,Amount (Buyer Currency),Currency Conversion Rate,Merchant Currency,Amount (Merchant Currency)
1329708694238975,"Feb 1, 2015",10:51:12 AM PST,,Google fee,,夜桜　ライブ壁紙,com.quan.lwp.fallingleaveslwp,0,,SOL22,JP,,0985113,JPY,-30,1.000000,JPY,-30
1329708694238975,"Feb 1, 2015",10:51:12 AM PST,,Charge,,夜桜　ライブ壁紙,com.quan.lwp.fallingleaveslwp,0,,SOL22,JP,,0985113,JPY,99,1.000000,JPY,99
1353640131538899,"Feb 1, 2015",4:54:57 PM PST,,Google fee,,夜桜　ライブ壁紙,com.quan.lwp.fallingleaveslwp,0,,SHL22,JP,,6570033,JPY,-30,1.000000,JPY,-30
1353640131538899,"Feb 1, 2015",4:54:57 PM PST,,Charge,,夜桜　ライブ壁紙,com.quan.lwp.fallingleaveslwp,0,,SHL22,JP,,6570033,JPY,99,1.000000,JPY,99
1307717301346309,"Feb 1, 2015",9:59:09 PM PST,,Google fee,,Crystal 1 units,com.dhearts.monter,1,tier_1,matissewifi,FR,,75110,EUR,-0.19,133.270000,JPY,-25
1307717301346309,"Feb 1, 2015",9:59:09 PM PST,,Charge,,Crystal 1 units,com.dhearts.monter,1,tier_1,matissewifi,FR,,75110,EUR,0.62,133.270000,JPY,83
1344727921229803,"Feb 2, 2015",4:37:24 AM PST,,Google fee,,Package 3,com.dhearts.ninjalegend,1,diamond40,mystul,US,MS,39042,USD,-1.46,117.540000,JPY,-172
1344727921229803,"Feb 2, 2015",4:37:24 AM PST,,Charge,,Package 3,com.dhearts.ninjalegend,1,diamond40,mystul,US,MS,39042,USD,4.88,117.540000,JPY,574
1359817172195105,"Feb 2, 2015",11:31:19 AM PST,,Google fee,,夜桜　ライブ壁紙,com.quan.lwp.fallingleaveslwp,0,,SO-02F,JP,茨城県,312-0012,JPY,-30,1.000000,JPY,-30
1359817172195105,"Feb 2, 2015",11:31:19 AM PST,,Charge,,夜桜　ライブ壁紙,com.quan.lwp.fallingleaveslwp,0,,SO-02F,JP,茨城県,312-0012,JPY,99,1.000000,JPY,99
1340343940702311,"Feb 2, 2015",12:19:47 PM PST,,Google fee,,夜桜　ライブ壁紙,com.quan.lwp.fallingleaveslwp,0,,F01F,JP,北海道,0730044,JPY,-30,1.000000,JPY,-30
1340343940702311,"Feb 2, 2015",12:19:47 PM PST,,Charge,,夜桜　ライブ壁紙,com.quan.lwp.fallingleaveslwp,0,,F01F,JP,北海道,0730044,JPY,99,1.000000,JPY,99
1359616939311833,"Feb 3, 2015",3:58:42 AM PST,,Google fee,,夜桜　ライブ壁紙,com.quan.lwp.fallingleaveslwp,0,,SH-01G,JP,,0040863,JPY,-30,1.000000,JPY,-30
1359616939311833,"Feb 3, 2015",3:58:42 AM PST,,Charge,,夜桜　ライブ壁紙,com.quan.lwp.fallingleaveslwp,0,,SH-01G,JP,,0040863,JPY,99,1.000000,JPY,99
1333032827761950,"Feb 3, 2015",12:48:04 PM PST,,Google fee,,夜桜　ライブ壁紙,com.quan.lwp.fallingleaveslwp,0,,SHL21,JP,,7210942,JPY,-30,1.000000,JPY,-30
1333032827761950,"Feb 3, 2015",12:48:04 PM PST,,Charge,,夜桜　ライブ壁紙,com.quan.lwp.fallingleaveslwp,0,,SHL21,JP,,7210942,JPY,99,1.000000,JPY,99
1319584820107307,"Feb 4, 2015",9:27:47 AM PST,,Google fee,,Cherry blossom LiveWallpaper,com.quan.lwp.fallingleaveslwp,0,,espressorf,ID,JK,15416,IDR,-3600,0.009309,JPY,-34
1319584820107307,"Feb 4, 2015",9:27:47 AM PST,,Charge,,Cherry blossom LiveWallpaper,com.quan.lwp.fallingleaveslwp,0,,espressorf,ID,JK,15416,IDR,12000,0.009309,JPY,112
1362001735261051,"Feb 4, 2015",11:06:40 AM PST,,Google fee,,夜桜　ライブ壁紙,com.quan.lwp.fallingleaveslwp,0,,SH-04F,JP,,455-0856,JPY,-30,1.000000,JPY,-30
1362001735261051,"Feb 4, 2015",11:06:40 AM PST,,Charge,,夜桜　ライブ壁紙,com.quan.lwp.fallingleaveslwp,0,,SH-04F,JP,,455-0856,JPY,99,1.000000,JPY,99
1360294409078535,"Feb 4, 2015",6:23:33 PM PST,,Google fee,,夜桜　ライブ壁紙,com.quan.lwp.fallingleaveslwp,0,,SC-04F,JP,,8997512,JPY,-30,1.000000,JPY,-30
1360294409078535,"Feb 4, 2015",6:23:33 PM PST,,Charge,,夜桜　ライブ壁紙,com.quan.lwp.fallingleaveslwp,0,,SC-04F,JP,,8997512,JPY,99,1.000000,JPY,99
1379020269185144,"Feb 4, 2015",8:41:55 PM PST,,Google fee,,夜桜　ライブ壁紙,com.quan.lwp.fallingleaveslwp,0,,Vodafone_785,IT,VS,09036,EUR,-0.20,132.890000,JPY,-27
1379020269185144,"Feb 4, 2015",8:41:55 PM PST,,Charge,,夜桜　ライブ壁紙,com.quan.lwp.fallingleaveslwp,0,,Vodafone_785,IT,VS,09036,EUR,0.66,132.890000,JPY,88
1301825468822805,"Feb 5, 2015",6:09:02 AM PST,,Google fee,,Cherry blossom LiveWallpaper,com.quan.lwp.fallingleaveslwp,0,,yellowtail,US,NY,12827,USD,-0.30,117.360000,JPY,-35
1301825468822805,"Feb 5, 2015",6:09:02 AM PST,,Charge,,Cherry blossom LiveWallpaper,com.quan.lwp.fallingleaveslwp,0,,yellowtail,US,NY,12827,USD,0.99,117.360000,JPY,116
1333847079743949,"Feb 5, 2015",6:56:30 AM PST,,Google fee,,Cherry blossom LiveWallpaper,com.quan.lwp.fallingleaveslwp,0,,htc_m8,GR,Greece,17121,EUR,-0.20,134.080000,JPY,-27
1333847079743949,"Feb 5, 2015",6:56:30 AM PST,,Charge,,Cherry blossom LiveWallpaper,com.quan.lwp.fallingleaveslwp,0,,htc_m8,GR,Greece,17121,EUR,0.66,134.080000,JPY,88
1305788994309868,"Feb 5, 2015",11:10:28 AM PST,,Google fee,,夜桜　ライブ壁紙,com.quan.lwp.fallingleaveslwp,0,,SOL26,JP,,6292403,JPY,-30,1.000000,JPY,-30
1305788994309868,"Feb 5, 2015",11:10:28 AM PST,,Charge,,夜桜　ライブ壁紙,com.quan.lwp.fallingleaveslwp,0,,SOL26,JP,,6292403,JPY,99,1.000000,JPY,99
1344436808888074,"Feb 5, 2015",11:33:54 AM PST,,Google fee,,夜桜　ライブ壁紙,com.quan.lwp.fallingleaveslwp,0,,SO-02G,JP,,3550216,JPY,-30,1.000000,JPY,-30
1344436808888074,"Feb 5, 2015",11:33:54 AM PST,,Charge,,夜桜　ライブ壁紙,com.quan.lwp.fallingleaveslwp,0,,SO-02G,JP,,3550216,JPY,99,1.000000,JPY,99
1301880607521227,"Feb 5, 2015",11:52:54 AM PST,,Google fee,,夜桜　ライブ壁紙,com.quan.lwp.fallingleaveslwp,0,,SBM302SH,JP,,444-3626,JPY,-30,1.000000,JPY,-30
1301880607521227,"Feb 5, 2015",11:52:54 AM PST,,Charge,,夜桜　ライブ壁紙,com.quan.lwp.fallingleaveslwp,0,,SBM302SH,JP,,444-3626,JPY,99,1.000000,JPY,99
1310999981899873,"Feb 5, 2015",3:39:28 PM PST,,Google fee,,Crystal 10 units,com.dhearts.monter,1,tier_10,chagallwifi,BE,,1160,EUR,-1.68,135.010000,JPY,-227
1310999981899873,"Feb 5, 2015",3:39:28 PM PST,,Charge,,Crystal 10 units,com.dhearts.monter,1,tier_10,chagallwifi,BE,,1160,EUR,5.60,135.010000,JPY,756
1342987804641921,"Feb 5, 2015",4:53:09 PM PST,,Google fee,,夜桜　ライブ壁紙,com.quan.lwp.fallingleaveslwp,0,,SOL22,JP,,9042245,JPY,-30,1.000000,JPY,-30
1342987804641921,"Feb 5, 2015",4:53:09 PM PST,,Charge,,夜桜　ライブ壁紙,com.quan.lwp.fallingleaveslwp,0,,SOL22,JP,,9042245,JPY,99,1.000000,JPY,99
1365718950676480,"Feb 5, 2015",11:43:25 PM PST,,Google fee,,夜桜　ライブ壁紙,com.quan.lwp.fallingleaveslwp,0,,P-02E,JP,,1650025,JPY,-30,1.000000,JPY,-30
1365718950676480,"Feb 5, 2015",11:43:25 PM PST,,Charge,,夜桜　ライブ壁紙,com.quan.lwp.fallingleaveslwp,0,,P-02E,JP,,1650025,JPY,99,1.000000,JPY,99
1392013545160558,"Feb 6, 2015",6:44:08 AM PST,,Google fee,,夜桜　ライブ壁紙,com.quan.lwp.fallingleaveslwp,0,,SOL24,JP,,4228063,JPY,-30,1.000000,JPY,-30
1392013545160558,"Feb 6, 2015",6:44:08 AM PST,,Charge,,夜桜　ライブ壁紙,com.quan.lwp.fallingleaveslwp,0,,SOL24,JP,,4228063,JPY,99,1.000000,JPY,99
1300777614968237,"Feb 6, 2015",7:01:11 AM PST,,Google fee,,Cherry blossom LiveWallpaper,com.quan.lwp.fallingleaveslwp,0,,falcon_umtsds,AU,,3037,AUD,-0.30,92.844000,JPY,-28
1300777614968237,"Feb 6, 2015",7:01:11 AM PST,,Charge,,Cherry blossom LiveWallpaper,com.quan.lwp.fallingleaveslwp,0,,falcon_umtsds,AU,,3037,AUD,0.99,92.844000,JPY,92
1357355475801222,"Feb 6, 2015",9:37:49 AM PST,,Google fee,,HP potion,com.dhearts.monter,1,hp_potion,chagallwifi,BE,,1160,EUR,-0.18,135.000000,JPY,-24
1357355475801222,"Feb 6, 2015",9:37:49 AM PST,,Charge,,HP potion,com.dhearts.monter,1,hp_potion,chagallwifi,BE,,1160,EUR,0.61,135.000000,JPY,82
1374164864719771,"Feb 6, 2015",9:41:23 AM PST,,Google fee,,Crystal 1 units,com.dhearts.monter,1,tier_1,chagallwifi,BE,,1160,EUR,-0.18,135.000000,JPY,-24
1374164864719771,"Feb 6, 2015",9:41:23 AM PST,,Charge,,Crystal 1 units,com.dhearts.monter,1,tier_1,chagallwifi,BE,,1160,EUR,0.61,135.000000,JPY,82
1300969670250050,"Feb 6, 2015",11:19:40 AM PST,,Google fee,,夜桜　ライブ壁紙,com.quan.lwp.fallingleaveslwp,0,,jactivelte,DE,,90763,EUR,-0.20,135.010000,JPY,-27
1300969670250050,"Feb 6, 2015",11:19:40 AM PST,,Charge,,夜桜　ライブ壁紙,com.quan.lwp.fallingleaveslwp,0,,jactivelte,DE,,90763,EUR,0.68,135.010000,JPY,92
1385279101874924,"Feb 7, 2015",2:08:09 AM PST,,Google fee,,夜桜　ライブ壁紙,com.quan.lwp.fallingleaveslwp,0,,401SO,JP,,443-0106,JPY,-30,1.000000,JPY,-30
1385279101874924,"Feb 7, 2015",2:08:09 AM PST,,Charge,,夜桜　ライブ壁紙,com.quan.lwp.fallingleaveslwp,0,,401SO,JP,,443-0106,JPY,99,1.000000,JPY,99
1345246417290582,"Feb 7, 2015",5:43:15 AM PST,,Google fee,,Crystal 10 units,com.dhearts.monter,1,tier_10,chagallwifi,BE,,1160,EUR,-1.68,134.530000,JPY,-226
1345246417290582,"Feb 7, 2015",5:43:15 AM PST,,Charge,,Crystal 10 units,com.dhearts.monter,1,tier_10,chagallwifi,BE,,1160,EUR,5.60,134.530000,JPY,753
1338818803211004,"Feb 7, 2015",7:26:04 AM PST,,Google fee,,夜桜　ライブ壁紙,com.quan.lwp.fallingleaveslwp,0,,SO-01G,JP,,5998236,JPY,-30,1.000000,JPY,-30
1338818803211004,"Feb 7, 2015",7:26:04 AM PST,,Charge,,夜桜　ライブ壁紙,com.quan.lwp.fallingleaveslwp,0,,SO-01G,JP,,5998236,JPY,99,1.000000,JPY,99
1331999162068411,"Feb 7, 2015",10:11:16 AM PST,,Google fee,,夜桜　ライブ壁紙,com.quan.lwp.fallingleaveslwp,0,,SH-01G,JP,,2570034,JPY,-30,1.000000,JPY,-30
1331999162068411,"Feb 7, 2015",10:11:16 AM PST,,Charge,,夜桜　ライブ壁紙,com.quan.lwp.fallingleaveslwp,0,,SH-01G,JP,,2570034,JPY,99,1.000000,JPY,99
1308740377595377,"Feb 7, 2015",10:23:32 AM PST,,Google fee,,夜桜　ライブ壁紙,com.quan.lwp.fallingleaveslwp,0,,F05F,JP,神奈川県,2530071,JPY,-30,1.000000,JPY,-30
1308740377595377,"Feb 7, 2015",10:23:32 AM PST,,Charge,,夜桜　ライブ壁紙,com.quan.lwp.fallingleaveslwp,0,,F05F,JP,神奈川県,2530071,JPY,99,1.000000,JPY,99
1324302116403507,"Feb 7, 2015",11:20:02 AM PST,,Google fee,,夜桜　ライブ壁紙,com.quan.lwp.fallingleaveslwp,0,,F07E,JP,,803-0273,JPY,-30,1.000000,JPY,-30
1324302116403507,"Feb 7, 2015",11:20:02 AM PST,,Charge,,夜桜　ライブ壁紙,com.quan.lwp.fallingleaveslwp,0,,F07E,JP,,803-0273,JPY,99,1.000000,JPY,99
1348645175500498,"Feb 8, 2015",7:21:55 AM PST,,Google fee,,夜桜　ライブ壁紙,com.quan.lwp.fallingleaveslwp,0,,blaze,JP,,4240901,JPY,-30,1.000000,JPY,-30
1348645175500498,"Feb 8, 2015",7:21:55 AM PST,,Charge,,夜桜　ライブ壁紙,com.quan.lwp.fallingleaveslwp,0,,blaze,JP,,4240901,JPY,99,1.000000,JPY,99
1381397680133696,"Feb 8, 2015",9:53:22 AM PST,,Google fee,,夜桜　ライブ壁紙,com.quan.lwp.fallingleaveslwp,0,,SC-01G,JP,,526-0245,JPY,-30,1.000000,JPY,-30
1381397680133696,"Feb 8, 2015",9:53:22 AM PST,,Charge,,夜桜　ライブ壁紙,com.quan.lwp.fallingleaveslwp,0,,SC-01G,JP,,526-0245,JPY,99,1.000000,JPY,99
1313354144249914,"Feb 8, 2015",10:04:13 AM PST,,Google fee,,Crystal 5 units,com.dhearts.monter,1,tier_5,chagallwifi,BE,,1160,EUR,-0.92,134.530000,JPY,-124
1313354144249914,"Feb 8, 2015",10:04:13 AM PST,,Charge,,Crystal 5 units,com.dhearts.monter,1,tier_5,chagallwifi,BE,,1160,EUR,3.07,134.530000,JPY,413
1382820482184475,"Feb 8, 2015",10:09:02 AM PST,,Google fee,,Crystal 50 units,com.dhearts.monter,1,tier_42,SM-N900S,FR,,34000,EUR,-9.49,134.530000,JPY,-1277
1382820482184475,"Feb 8, 2015",10:09:02 AM PST,,Charge,,Crystal 50 units,com.dhearts.monter,1,tier_42,SM-N900S,FR,,34000,EUR,31.62,134.530000,JPY,4254
1362891614905252,"Feb 8, 2015",10:10:43 AM PST,,Google fee,,Crystal 50 units,com.dhearts.monter,1,tier_42,SM-N900S,FR,,34000,EUR,-9.49,134.530000,JPY,-1277
1362891614905252,"Feb 8, 2015",10:10:43 AM PST,,Charge,,Crystal 50 units,com.dhearts.monter,1,tier_42,SM-N900S,FR,,34000,EUR,31.62,134.530000,JPY,4254
1316302010162500,"Feb 8, 2015",10:35:48 AM PST,,Google fee,,夜桜　ライブ壁紙,com.quan.lwp.fallingleaveslwp,0,,C1505,DE,,63741,EUR,-0.20,134.530000,JPY,-27
1316302010162500,"Feb 8, 2015",10:35:48 AM PST,,Charge,,夜桜　ライブ壁紙,com.quan.lwp.fallingleaveslwp,0,,C1505,DE,,63741,EUR,0.68,134.530000,JPY,91
1373820381407553,"Feb 8, 2015",10:51:00 AM PST,,Google fee,,Stamina potion,com.dhearts.monter,1,sp_potion,chagallwifi,BE,,1160,EUR,-0.18,134.530000,JPY,-24
1373820381407553,"Feb 8, 2015",10:51:00 AM PST,,Charge,,Stamina potion,com.dhearts.monter,1,sp_potion,chagallwifi,BE,,1160,EUR,0.61,134.530000,JPY,82
1398757020777917,"Feb 8, 2015",2:47:38 PM PST,,Google fee,,夜桜　ライブ壁紙,com.quan.lwp.fallingleaveslwp,0,,SG305SH,JP,東京都,171-0051,JPY,-30,1.000000,JPY,-30
1398757020777917,"Feb 8, 2015",2:47:38 PM PST,,Charge,,夜桜　ライブ壁紙,com.quan.lwp.fallingleaveslwp,0,,SG305SH,JP,東京都,171-0051,JPY,99,1.000000,JPY,99
1341609777641065,"Feb 8, 2015",3:25:03 PM PST,,Google fee,,夜桜　ライブ壁紙,com.quan.lwp.fallingleaveslwp,0,,hwp7,DE,,66440,EUR,-0.20,134.530000,JPY,-27
1341609777641065,"Feb 8, 2015",3:25:03 PM PST,,Charge,,夜桜　ライブ壁紙,com.quan.lwp.fallingleaveslwp,0,,hwp7,DE,,66440,EUR,0.68,134.530000,JPY,91
1341472504304454,"Feb 8, 2015",3:49:54 PM PST,,Google fee,,夜桜　ライブ壁紙,com.quan.lwp.fallingleaveslwp,0,,SH-06E,JP,,4780036,JPY,-30,1.000000,JPY,-30
1341472504304454,"Feb 8, 2015",3:49:54 PM PST,,Charge,,夜桜　ライブ壁紙,com.quan.lwp.fallingleaveslwp,0,,SH-06E,JP,,4780036,JPY,99,1.000000,JPY,99
1324179698211918,"Feb 9, 2015",1:35:14 AM PST,,Google fee,,夜桜　ライブ壁紙,com.quan.lwp.fallingleaveslwp,0,,SC-01G,JP,,721-0942,JPY,-30,1.000000,JPY,-30
1324179698211918,"Feb 9, 2015",1:35:14 AM PST,,Charge,,夜桜　ライブ壁紙,com.quan.lwp.fallingleaveslwp,0,,SC-01G,JP,,721-0942,JPY,99,1.000000,JPY,99
1316371089043684,"Feb 9, 2015",2:42:12 AM PST,,Google fee,,Cherry blossom LiveWallpaper,com.quan.lwp.fallingleaveslwp,0,,jfltetfnatt,US,TN,37146,USD,-0.30,118.680000,JPY,-36
1316371089043684,"Feb 9, 2015",2:42:12 AM PST,,Charge,,Cherry blossom LiveWallpaper,com.quan.lwp.fallingleaveslwp,0,,jfltetfnatt,US,TN,37146,USD,0.99,118.680000,JPY,117
1398051257614935,"Feb 9, 2015",4:22:21 AM PST,,Google fee,,夜桜　ライブ壁紙,com.quan.lwp.fallingleaveslwp,0,,g3,JP,,192-0045,JPY,-30,1.000000,JPY,-30
1398051257614935,"Feb 9, 2015",4:22:21 AM PST,,Charge,,夜桜　ライブ壁紙,com.quan.lwp.fallingleaveslwp,0,,g3,JP,,192-0045,JPY,99,1.000000,JPY,99
1377236419813151,"Feb 9, 2015",9:15:26 AM PST,,Google fee,,Stamina potion,com.dhearts.monter,1,sp_potion,chagallwifi,BE,,1160,EUR,-0.18,134.410000,JPY,-24
1377236419813151,"Feb 9, 2015",9:15:26 AM PST,,Charge,,Stamina potion,com.dhearts.monter,1,sp_potion,chagallwifi,BE,,1160,EUR,0.61,134.410000,JPY,82
1311061017994928,"Feb 10, 2015",2:07:13 AM PST,,Google fee,,夜桜　ライブ壁紙,com.quan.lwp.fallingleaveslwp,0,,401SO,JP,,2410012,JPY,-30,1.000000,JPY,-30
1311061017994928,"Feb 10, 2015",2:07:13 AM PST,,Charge,,夜桜　ライブ壁紙,com.quan.lwp.fallingleaveslwp,0,,401SO,JP,,2410012,JPY,99,1.000000,JPY,99
1334162922272305,"Feb 10, 2015",8:02:36 AM PST,,Google fee,,夜桜　ライブ壁紙,com.quan.lwp.fallingleaveslwp,0,,SOL23,JP,,2380017,JPY,-30,1.000000,JPY,-30
1334162922272305,"Feb 10, 2015",8:02:36 AM PST,,Charge,,夜桜　ライブ壁紙,com.quan.lwp.fallingleaveslwp,0,,SOL23,JP,,2380017,JPY,99,1.000000,JPY,99
1305612359874017,"Feb 10, 2015",11:03:28 AM PST,,Google fee,,夜桜　ライブ壁紙,com.quan.lwp.fallingleaveslwp,0,,SO-01F,JP,,0350094,JPY,-30,1.000000,JPY,-30
1305612359874017,"Feb 10, 2015",11:03:28 AM PST,,Charge,,夜桜　ライブ壁紙,com.quan.lwp.fallingleaveslwp,0,,SO-01F,JP,,0350094,JPY,99,1.000000,JPY,99
1302420231615084,"Feb 10, 2015",1:04:43 PM PST,,Google fee,,夜桜　ライブ壁紙,com.quan.lwp.fallingleaveslwp,0,,KYY24,JP,,4000337,JPY,-30,1.000000,JPY,-30
1302420231615084,"Feb 10, 2015",1:04:43 PM PST,,Charge,,夜桜　ライブ壁紙,com.quan.lwp.fallingleaveslwp,0,,KYY24,JP,,4000337,JPY,99,1.000000,JPY,99
1388956087898201,"Feb 10, 2015",2:20:43 PM PST,,Google fee,,夜桜　ライブ壁紙,com.quan.lwp.fallingleaveslwp,0,,SH-01G,JP,長野県,3900819,JPY,-30,1.000000,JPY,-30
1388956087898201,"Feb 10, 2015",2:20:43 PM PST,,Charge,,夜桜　ライブ壁紙,com.quan.lwp.fallingleaveslwp,0,,SH-01G,JP,長野県,3900819,JPY,99,1.000000,JPY,99
1341686393333190,"Feb 10, 2015",7:38:09 PM PST,,Google fee,,Crystal 50 units,com.dhearts.monter,1,tier_42,SM-N900S,FR,,34000,EUR,-7.49,135.230000,JPY,-1013
1341686393333190,"Feb 10, 2015",7:38:09 PM PST,,Charge,,Crystal 50 units,com.dhearts.monter,1,tier_42,SM-N900S,FR,,34000,EUR,24.95,135.230000,JPY,3374
1334578460732544,"Feb 10, 2015",7:38:31 PM PST,,Google fee,,Crystal 50 units,com.dhearts.monter,1,tier_42,SM-N900S,FR,,34000,EUR,-7.49,135.230000,JPY,-1013
1334578460732544,"Feb 10, 2015",7:38:31 PM PST,,Charge,,Crystal 50 units,com.dhearts.monter,1,tier_42,SM-N900S,FR,,34000,EUR,24.95,135.230000,JPY,3374
1337083327632822,"Feb 10, 2015",9:17:20 PM PST,,Google fee,,夜桜　ライブ壁紙,com.quan.lwp.fallingleaveslwp,0,,deb,JP,,0620041,JPY,-30,1.000000,JPY,-30
1337083327632822,"Feb 10, 2015",9:17:20 PM PST,,Charge,,夜桜　ライブ壁紙,com.quan.lwp.fallingleaveslwp,0,,deb,JP,,0620041,JPY,99,1.000000,JPY,99
1313997349718911,"Feb 11, 2015",1:22:03 AM PST,,Google fee,,Cherry blossom LiveWallpaper,com.quan.lwp.fallingleaveslwp,0,,armani,PH,RIZAL,1940,PHP,-12.95,2.700700,JPY,-35
1313997349718911,"Feb 11, 2015",1:22:03 AM PST,,Charge,,Cherry blossom LiveWallpaper,com.quan.lwp.fallingleaveslwp,0,,armani,PH,RIZAL,1940,PHP,43.16,2.700700,JPY,117
1364311111217018,"Feb 11, 2015",11:55:52 AM PST,,Google fee,,夜桜　ライブ壁紙,com.quan.lwp.fallingleaveslwp,0,,SH-01G,JP,,3330806,JPY,-30,1.000000,JPY,-30
1364311111217018,"Feb 11, 2015",11:55:52 AM PST,,Charge,,夜桜　ライブ壁紙,com.quan.lwp.fallingleaveslwp,0,,SH-01G,JP,,3330806,JPY,99,1.000000,JPY,99
1343515563109647,"Feb 11, 2015",12:02:30 PM PST,,Google fee,,夜桜　ライブ壁紙,com.quan.lwp.fallingleaveslwp,0,,SO-03F,JP,,4480022,JPY,-30,1.000000,JPY,-30
1343515563109647,"Feb 11, 2015",12:02:30 PM PST,,Charge,,夜桜　ライブ壁紙,com.quan.lwp.fallingleaveslwp,0,,SO-03F,JP,,4480022,JPY,99,1.000000,JPY,99
1346806856655739,"Feb 11, 2015",12:51:08 PM PST,,Google fee,,夜桜　ライブ壁紙,com.quan.lwp.fallingleaveslwp,0,,KYV31,JP,,2520323,JPY,-30,1.000000,JPY,-30
1346806856655739,"Feb 11, 2015",12:51:08 PM PST,,Charge,,夜桜　ライブ壁紙,com.quan.lwp.fallingleaveslwp,0,,KYV31,JP,,2520323,JPY,99,1.000000,JPY,99
1325345948270911,"Feb 12, 2015",8:10:48 AM PST,,Google fee,,夜桜　ライブ壁紙,com.quan.lwp.fallingleaveslwp,0,,SH-01G,JP,,2720114,JPY,-30,1.000000,JPY,-30
1325345948270911,"Feb 12, 2015",8:10:48 AM PST,,Charge,,夜桜　ライブ壁紙,com.quan.lwp.fallingleaveslwp,0,,SH-01G,JP,,2720114,JPY,99,1.000000,JPY,99
1306323594977559,"Feb 12, 2015",12:46:09 PM PST,,Google fee,,夜桜　ライブ壁紙,com.quan.lwp.fallingleaveslwp,0,,SG304SH,JP,,1360076,JPY,-30,1.000000,JPY,-30
1306323594977559,"Feb 12, 2015",12:46:09 PM PST,,Charge,,夜桜　ライブ壁紙,com.quan.lwp.fallingleaveslwp,0,,SG304SH,JP,,1360076,JPY,99,1.000000,JPY,99
1300368214522680,"Feb 12, 2015",8:16:09 PM PST,,Google fee,,夜桜　ライブ壁紙,com.quan.lwp.fallingleaveslwp,0,,SC-03E,JP,,4093866,JPY,-30,1.000000,JPY,-30
1300368214522680,"Feb 12, 2015",8:16:09 PM PST,,Charge,,夜桜　ライブ壁紙,com.quan.lwp.fallingleaveslwp,0,,SC-03E,JP,,4093866,JPY,99,1.000000,JPY,99
1322109712510699,"Feb 13, 2015",8:59:05 AM PST,,Google fee,,Cherry blossom LiveWallpaper,com.quan.lwp.fallingleaveslwp,0,,jfltevzw,US,WA,98275,USD,-0.30,119.020000,JPY,-36
1322109712510699,"Feb 13, 2015",8:59:05 AM PST,,Charge,,Cherry blossom LiveWallpaper,com.quan.lwp.fallingleaveslwp,0,,jfltevzw,US,WA,98275,USD,0.99,119.020000,JPY,118
1395860681756854,"Feb 13, 2015",9:03:38 AM PST,,Google fee,,夜桜　ライブ壁紙,com.quan.lwp.fallingleaveslwp,0,,hwY330-U01,HU,,2119,HUF,-54.00,0.442450,JPY,-24
1395860681756854,"Feb 13, 2015",9:03:38 AM PST,,Charge,,夜桜　ライブ壁紙,com.quan.lwp.fallingleaveslwp,0,,hwY330-U01,HU,,2119,HUF,179.00,0.442450,JPY,79
1399728537457258,"Feb 13, 2015",10:45:02 AM PST,,Google fee,,夜桜　ライブ壁紙,com.quan.lwp.fallingleaveslwp,0,,SOL26,JP,,3000061,JPY,-30,1.000000,JPY,-30
1399728537457258,"Feb 13, 2015",10:45:02 AM PST,,Charge,,夜桜　ライブ壁紙,com.quan.lwp.fallingleaveslwp,0,,SOL26,JP,,3000061,JPY,99,1.000000,JPY,99
1306862940237493,"Feb 13, 2015",10:50:11 AM PST,,Google fee,,Cherry blossom LiveWallpaper,com.quan.lwp.fallingleaveslwp,0,,ms013g,TH,อุดรธานี,41000,THB,-9.60,3.643400,JPY,-35
1306862940237493,"Feb 13, 2015",10:50:11 AM PST,,Charge,,Cherry blossom LiveWallpaper,com.quan.lwp.fallingleaveslwp,0,,ms013g,TH,อุดรธานี,41000,THB,32.00,3.643400,JPY,117
1399709344378396,"Feb 13, 2015",11:39:59 AM PST,,Google fee,,夜桜　ライブ壁紙,com.quan.lwp.fallingleaveslwp,0,,SC-01G,JP,三重県,5128048,JPY,-30,1.000000,JPY,-30
1399709344378396,"Feb 13, 2015",11:39:59 AM PST,,Charge,,夜桜　ライブ壁紙,com.quan.lwp.fallingleaveslwp,0,,SC-01G,JP,三重県,5128048,JPY,99,1.000000,JPY,99
1310581986613656,"Feb 14, 2015",2:18:49 AM PST,,Google fee,,夜桜　ライブ壁紙,com.quan.lwp.fallingleaveslwp,0,,SC-03E,JP,,912-0045,JPY,-30,1.000000,JPY,-30
1310581986613656,"Feb 14, 2015",2:18:49 AM PST,,Charge,,夜桜　ライブ壁紙,com.quan.lwp.fallingleaveslwp,0,,SC-03E,JP,,912-0045,JPY,99,1.000000,JPY,99
1357118488255038,"Feb 14, 2015",7:18:39 AM PST,,Google fee,,Cherry blossom LiveWallpaper,com.quan.lwp.fallingleaveslwp,0,,fortunalte,TH,เชียงใหม่,50140,THB,-9.60,3.644200,JPY,-35
1357118488255038,"Feb 14, 2015",7:18:39 AM PST,,Charge,,Cherry blossom LiveWallpaper,com.quan.lwp.fallingleaveslwp,0,,fortunalte,TH,เชียงใหม่,50140,THB,32.00,3.644200,JPY,117
1342250581343002,"Feb 14, 2015",7:19:19 AM PST,,Google fee,,夜桜　ライブ壁紙,com.quan.lwp.fallingleaveslwp,0,,C6903,JP,,3588555,JPY,-30,1.000000,JPY,-30
1342250581343002,"Feb 14, 2015",7:19:19 AM PST,,Charge,,夜桜　ライブ壁紙,com.quan.lwp.fallingleaveslwp,0,,C6903,JP,,3588555,JPY,99,1.000000,JPY,99
1335496626203645,"Feb 14, 2015",10:17:54 AM PST,,Google fee,,夜桜　ライブ壁紙,com.quan.lwp.fallingleaveslwp,0,,F06E,JP,,134-0083,JPY,-30,1.000000,JPY,-30
1335496626203645,"Feb 14, 2015",10:17:54 AM PST,,Charge,,夜桜　ライブ壁紙,com.quan.lwp.fallingleaveslwp,0,,F06E,JP,,134-0083,JPY,99,1.000000,JPY,99
1348495825650595,"Feb 15, 2015",12:44:33 PM PST,,Google fee,,夜桜　ライブ壁紙,com.quan.lwp.fallingleaveslwp,0,,SHL25,JP,福島県,9792162,JPY,-30,1.000000,JPY,-30
1348495825650595,"Feb 15, 2015",12:44:33 PM PST,,Charge,,夜桜　ライブ壁紙,com.quan.lwp.fallingleaveslwp,0,,SHL25,JP,福島県,9792162,JPY,99,1.000000,JPY,99
1357447216916895,"Feb 15, 2015",9:04:55 PM PST,,Google fee,,夜桜　ライブ壁紙,com.quan.lwp.fallingleaveslwp,0,,WX04K,JP,,3350014,JPY,-30,1.000000,JPY,-30
1357447216916895,"Feb 15, 2015",9:04:55 PM PST,,Charge,,夜桜　ライブ壁紙,com.quan.lwp.fallingleaveslwp,0,,WX04K,JP,,3350014,JPY,99,1.000000,JPY,99
1318796784760063,"Feb 16, 2015",10:03:27 AM PST,,Google fee,,夜桜　ライブ壁紙,com.quan.lwp.fallingleaveslwp,0,,F02G,JP,,9390715,JPY,-30,1.000000,JPY,-30
1318796784760063,"Feb 16, 2015",10:03:27 AM PST,,Charge,,夜桜　ライブ壁紙,com.quan.lwp.fallingleaveslwp,0,,F02G,JP,,9390715,JPY,99,1.000000,JPY,99
1350391470876466,"Feb 16, 2015",5:19:32 PM PST,,Google fee,,Cherry blossom LiveWallpaper,com.quan.lwp.fallingleaveslwp,0,,klte,GB,,Rm11 3el,GBP,-0.17,182.030000,JPY,-31
1350391470876466,"Feb 16, 2015",5:19:32 PM PST,,Charge,,Cherry blossom LiveWallpaper,com.quan.lwp.fallingleaveslwp,0,,klte,GB,,Rm11 3el,GBP,0.58,182.030000,JPY,106
1341691442546223,"Feb 17, 2015",3:37:13 AM PST,,Google fee,,夜桜　ライブ壁紙,com.quan.lwp.fallingleaveslwp,0,,l1_dcm,JP,,2160003,JPY,-30,1.000000,JPY,-30
1341691442546223,"Feb 17, 2015",3:37:13 AM PST,,Charge,,夜桜　ライブ壁紙,com.quan.lwp.fallingleaveslwp,0,,l1_dcm,JP,,2160003,JPY,99,1.000000,JPY,99
1338514215545337,"Feb 17, 2015",4:55:01 AM PST,,Google fee,,夜桜　ライブ壁紙,com.quan.lwp.fallingleaveslwp,0,,SO-01F,JP,,114-0001,JPY,-30,1.000000,JPY,-30
1338514215545337,"Feb 17, 2015",4:55:01 AM PST,,Charge,,夜桜　ライブ壁紙,com.quan.lwp.fallingleaveslwp,0,,SO-01F,JP,,114-0001,JPY,99,1.000000,JPY,99
1318313721304210,"Feb 17, 2015",6:10:55 AM PST,,Google fee,,夜桜　ライブ壁紙,com.quan.lwp.fallingleaveslwp,0,,F02G,JP,,536-0006,JPY,-30,1.000000,JPY,-30
1318313721304210,"Feb 17, 2015",6:10:55 AM PST,,Charge,,夜桜　ライブ壁紙,com.quan.lwp.fallingleaveslwp,0,,F02G,JP,,536-0006,JPY,99,1.000000,JPY,99
1347422581750305,"Feb 17, 2015",8:15:32 AM PST,,Google fee,,夜桜　ライブ壁紙,com.quan.lwp.fallingleaveslwp,0,,SCL22,JP,,3540037,JPY,-30,1.000000,JPY,-30
1347422581750305,"Feb 17, 2015",8:15:32 AM PST,,Charge,,夜桜　ライブ壁紙,com.quan.lwp.fallingleaveslwp,0,,SCL22,JP,,3540037,JPY,99,1.000000,JPY,99
1378488926642300,"Feb 17, 2015",8:58:15 PM PST,,Google fee,,夜桜　ライブ壁紙,com.quan.lwp.fallingleaveslwp,0,,SH-01G,JP,,612-0867,JPY,-30,1.000000,JPY,-30
1378488926642300,"Feb 17, 2015",8:58:15 PM PST,,Charge,,夜桜　ライブ壁紙,com.quan.lwp.fallingleaveslwp,0,,SH-01G,JP,,612-0867,JPY,99,1.000000,JPY,99
1302381285981325,"Feb 18, 2015",12:11:15 PM PST,,Google fee,,KING　ライブ壁紙,com.dhearts.kinglivewallpaper,0,,htc_b2wlj,JP,,3180021,JPY,-30,1.000000,JPY,-30
1302381285981325,"Feb 18, 2015",12:11:15 PM PST,,Charge,,KING　ライブ壁紙,com.dhearts.kinglivewallpaper,0,,htc_b2wlj,JP,,3180021,JPY,99,1.000000,JPY,99
1345350541769053,"Feb 18, 2015",12:31:34 PM PST,,Google fee,,夜桜　ライブ壁紙,com.quan.lwp.fallingleaveslwp,0,,SOL26,JP,,708-1301,JPY,-30,1.000000,JPY,-30
1345350541769053,"Feb 18, 2015",12:31:34 PM PST,,Charge,,夜桜　ライブ壁紙,com.quan.lwp.fallingleaveslwp,0,,SOL26,JP,,708-1301,JPY,99,1.000000,JPY,99
1317358678291058,"Feb 19, 2015",6:50:51 AM PST,,Google fee,,夜桜　ライブ壁紙,com.quan.lwp.fallingleaveslwp,0,,SOL22,JP,,252-0243,JPY,-30,1.000000,JPY,-30
1317358678291058,"Feb 19, 2015",6:50:51 AM PST,,Charge,,夜桜　ライブ壁紙,com.quan.lwp.fallingleaveslwp,0,,SOL22,JP,,252-0243,JPY,99,1.000000,JPY,99
1318274994949502,"Feb 19, 2015",8:25:15 AM PST,,Google fee,,夜桜　ライブ壁紙,com.quan.lwp.fallingleaveslwp,0,,SG402SH,JP,,2830012,JPY,-30,1.000000,JPY,-30
1318274994949502,"Feb 19, 2015",8:25:15 AM PST,,Charge,,夜桜　ライブ壁紙,com.quan.lwp.fallingleaveslwp,0,,SG402SH,JP,,2830012,JPY,99,1.000000,JPY,99
1355309033419479,"Feb 19, 2015",11:03:57 PM PST,,Google fee,,夜桜　ライブ壁紙,com.quan.lwp.fallingleaveslwp,0,,SO-01F,JP,,9202304,JPY,-30,1.000000,JPY,-30
1355309033419479,"Feb 19, 2015",11:03:57 PM PST,,Charge,,夜桜　ライブ壁紙,com.quan.lwp.fallingleaveslwp,0,,SO-01F,JP,,9202304,JPY,99,1.000000,JPY,99
1327624246638136,"Feb 20, 2015",7:57:27 AM PST,,Google fee,,夜桜　ライブ壁紙,com.quan.lwp.fallingleaveslwp,0,,SOL26,JP,愛知県,460-0008,JPY,-30,1.000000,JPY,-30
1327624246638136,"Feb 20, 2015",7:57:27 AM PST,,Charge,,夜桜　ライブ壁紙,com.quan.lwp.fallingleaveslwp,0,,SOL26,JP,愛知県,460-0008,JPY,99,1.000000,JPY,99
1321686537031477,"Feb 20, 2015",8:33:29 AM PST,,Google fee,,夜桜　ライブ壁紙,com.quan.lwp.fallingleaveslwp,0,,D6603,CH,,6340,CHF,-0.30,125.110000,JPY,-38
1321686537031477,"Feb 20, 2015",8:33:29 AM PST,,Charge,,夜桜　ライブ壁紙,com.quan.lwp.fallingleaveslwp,0,,D6603,CH,,6340,CHF,0.99,125.110000,JPY,124
1362834935774711,"Feb 20, 2015",10:10:32 AM PST,,Google fee,,夜桜　ライブ壁紙,com.quan.lwp.fallingleaveslwp,0,,SC-02G,JP,,8880573,JPY,-30,1.000000,JPY,-30
1362834935774711,"Feb 20, 2015",10:10:32 AM PST,,Charge,,夜桜　ライブ壁紙,com.quan.lwp.fallingleaveslwp,0,,SC-02G,JP,,8880573,JPY,99,1.000000,JPY,99
1322438095868816,"Feb 20, 2015",6:19:00 PM PST,,Google fee,,夜桜　ライブ壁紙,com.quan.lwp.fallingleaveslwp,0,,SO-03F,JP,群馬県,3730027,JPY,-30,1.000000,JPY,-30
1322438095868816,"Feb 20, 2015",6:19:00 PM PST,,Charge,,夜桜　ライブ壁紙,com.quan.lwp.fallingleaveslwp,0,,SO-03F,JP,群馬県,3730027,JPY,99,1.000000,JPY,99
1331007294184299,"Feb 20, 2015",8:48:00 PM PST,,Google fee,,Cherry blossom LiveWallpaper,com.quan.lwp.fallingleaveslwp,0,,klte,GB,,DN14 0TA,GBP,-0.17,183.240000,JPY,-31
1331007294184299,"Feb 20, 2015",8:48:00 PM PST,,Charge,,Cherry blossom LiveWallpaper,com.quan.lwp.fallingleaveslwp,0,,klte,GB,,DN14 0TA,GBP,0.58,183.240000,JPY,106
1319745034294071,"Feb 20, 2015",11:03:14 PM PST,,Google fee,,夜桜　ライブ壁紙,com.quan.lwp.fallingleaveslwp,0,,SH-01G,JP,北海道,0010923,JPY,-30,1.000000,JPY,-30
1319745034294071,"Feb 20, 2015",11:03:14 PM PST,,Charge,,夜桜　ライブ壁紙,com.quan.lwp.fallingleaveslwp,0,,SH-01G,JP,北海道,0010923,JPY,99,1.000000,JPY,99
1393100760015948,"Feb 21, 2015",8:46:49 AM PST,,Google fee,,夜桜　ライブ壁紙,com.quan.lwp.fallingleaveslwp,0,,SH-01G,JP,,790-0056,JPY,-30,1.000000,JPY,-30
1393100760015948,"Feb 21, 2015",8:46:49 AM PST,,Charge,,夜桜　ライブ壁紙,com.quan.lwp.fallingleaveslwp,0,,SH-01G,JP,,790-0056,JPY,99,1.000000,JPY,99
1324857098332300,"Feb 22, 2015",10:40:38 AM PST,,Google fee,,夜桜　ライブ壁紙,com.quan.lwp.fallingleaveslwp,0,,401SO,JP,,9890701,JPY,-30,1.000000,JPY,-30
1324857098332300,"Feb 22, 2015",10:40:38 AM PST,,Charge,,夜桜　ライブ壁紙,com.quan.lwp.fallingleaveslwp,0,,401SO,JP,,9890701,JPY,99,1.000000,JPY,99
1389179410601514,"Feb 22, 2015",10:44:44 AM PST,,Google fee,,夜桜　ライブ壁紙,com.quan.lwp.fallingleaveslwp,0,,SOL25,JP,静岡県,4311103,JPY,-30,1.000000,JPY,-30
1389179410601514,"Feb 22, 2015",10:44:44 AM PST,,Charge,,夜桜　ライブ壁紙,com.quan.lwp.fallingleaveslwp,0,,SOL25,JP,静岡県,4311103,JPY,99,1.000000,JPY,99
1382313698756148,"Feb 22, 2015",2:36:14 PM PST,,Google fee,,夜桜　ライブ壁紙,com.quan.lwp.fallingleaveslwp,0,,SOL26,JP,,2730021,JPY,-30,1.000000,JPY,-30
1382313698756148,"Feb 22, 2015",2:36:14 PM PST,,Charge,,夜桜　ライブ壁紙,com.quan.lwp.fallingleaveslwp,0,,SOL26,JP,,2730021,JPY,99,1.000000,JPY,99
1371921780642152,"Feb 23, 2015",12:40:28 AM PST,,Google fee,,夜桜　ライブ壁紙,com.quan.lwp.fallingleaveslwp,0,,SO-01G,JP,,940-1153,JPY,-30,1.000000,JPY,-30
1371921780642152,"Feb 23, 2015",12:40:28 AM PST,,Charge,,夜桜　ライブ壁紙,com.quan.lwp.fallingleaveslwp,0,,SO-01G,JP,,940-1153,JPY,99,1.000000,JPY,99
1330789859511424,"Feb 23, 2015",9:28:29 AM PST,,Google fee,,夜桜　ライブ壁紙,com.quan.lwp.fallingleaveslwp,0,,SHL22,JP,,2640033,JPY,-30,1.000000,JPY,-30
1330789859511424,"Feb 23, 2015",9:28:29 AM PST,,Charge,,夜桜　ライブ壁紙,com.quan.lwp.fallingleaveslwp,0,,SHL22,JP,,2640033,JPY,99,1.000000,JPY,99
1319112716244334,"Feb 23, 2015",11:08:43 AM PST,,Google fee,,夜桜　ライブ壁紙,com.quan.lwp.fallingleaveslwp,0,,MD501_Vobis,RU,,141390,RUB,-9.67,1.877400,JPY,-18
1319112716244334,"Feb 23, 2015",11:08:43 AM PST,,Charge,,夜桜　ライブ壁紙,com.quan.lwp.fallingleaveslwp,0,,MD501_Vobis,RU,,141390,RUB,32.24,1.877400,JPY,61
1390333989143911,"Feb 23, 2015",12:08:42 PM PST,,Google fee,,夜桜　ライブ壁紙,com.quan.lwp.fallingleaveslwp,0,,KYY24,JP,愛媛県,7920032,JPY,-30,1.000000,JPY,-30
1390333989143911,"Feb 23, 2015",12:08:42 PM PST,,Charge,,夜桜　ライブ壁紙,com.quan.lwp.fallingleaveslwp,0,,KYY24,JP,愛媛県,7920032,JPY,99,1.000000,JPY,99
1336187407854921,"Feb 24, 2015",3:44:10 AM PST,,Google fee,,夜桜　ライブ壁紙,com.quan.lwp.fallingleaveslwp,0,,401SO,JP,,3470032,JPY,-30,1.000000,JPY,-30
1336187407854921,"Feb 24, 2015",3:44:10 AM PST,,Charge,,夜桜　ライブ壁紙,com.quan.lwp.fallingleaveslwp,0,,401SO,JP,,3470032,JPY,99,1.000000,JPY,99
1348437591356796,"Feb 24, 2015",1:40:03 PM PST,,Google fee,,夜桜　ライブ壁紙,com.quan.lwp.fallingleaveslwp,0,,SO-03F,JP,,2770825,JPY,-30,1.000000,JPY,-30
1348437591356796,"Feb 24, 2015",1:40:03 PM PST,,Charge,,夜桜　ライブ壁紙,com.quan.lwp.fallingleaveslwp,0,,SO-03F,JP,,2770825,JPY,99,1.000000,JPY,99
1391839289726678,"Feb 24, 2015",9:39:38 PM PST,,Google fee,,夜桜　ライブ壁紙,com.quan.lwp.fallingleaveslwp,0,,SO-01F,JP,千葉県,285-0922,JPY,-30,1.000000,JPY,-30
1391839289726678,"Feb 24, 2015",9:39:38 PM PST,,Charge,,夜桜　ライブ壁紙,com.quan.lwp.fallingleaveslwp,0,,SO-01F,JP,千葉県,285-0922,JPY,99,1.000000,JPY,99
1346083874217540,"Feb 25, 2015",7:12:24 AM PST,,Google fee,,夜桜　ライブ壁紙,com.quan.lwp.fallingleaveslwp,0,,SH02E,JP,,8893533,JPY,-30,1.000000,JPY,-30
1346083874217540,"Feb 25, 2015",7:12:24 AM PST,,Charge,,夜桜　ライブ壁紙,com.quan.lwp.fallingleaveslwp,0,,SH02E,JP,,8893533,JPY,99,1.000000,JPY,99
1332525735232510,"Feb 25, 2015",10:00:16 AM PST,,Google fee,,夜桜　ライブ壁紙,com.quan.lwp.fallingleaveslwp,0,,SO-01G,JP,愛知県,4580002,JPY,-30,1.000000,JPY,-30
1332525735232510,"Feb 25, 2015",10:00:16 AM PST,,Charge,,夜桜　ライブ壁紙,com.quan.lwp.fallingleaveslwp,0,,SO-01G,JP,愛知県,4580002,JPY,99,1.000000,JPY,99
1302805362067236,"Feb 25, 2015",2:29:34 PM PST,,Google fee,,夜桜　ライブ壁紙,com.quan.lwp.fallingleaveslwp,0,,SOL25,JP,,343-0832,JPY,-30,1.000000,JPY,-30
1302805362067236,"Feb 25, 2015",2:29:34 PM PST,,Charge,,夜桜　ライブ壁紙,com.quan.lwp.fallingleaveslwp,0,,SOL25,JP,,343-0832,JPY,99,1.000000,JPY,99
1307332041706968,"Feb 25, 2015",10:48:26 PM PST,,Google fee,,夜桜　ライブ壁紙,com.quan.lwp.fallingleaveslwp,0,,SC-04F,JP,,3560002,JPY,-30,1.000000,JPY,-30
1307332041706968,"Feb 25, 2015",10:48:26 PM PST,,Charge,,夜桜　ライブ壁紙,com.quan.lwp.fallingleaveslwp,0,,SC-04F,JP,,3560002,JPY,99,1.000000,JPY,99
1386873752390308,"Feb 26, 2015",1:09:10 AM PST,,Google fee,,夜桜　ライブ壁紙,com.quan.lwp.fallingleaveslwp,0,,SC-04F,JP,大阪府,583-0015,JPY,-30,1.000000,JPY,-30
1386873752390308,"Feb 26, 2015",1:09:10 AM PST,,Charge,,夜桜　ライブ壁紙,com.quan.lwp.fallingleaveslwp,0,,SC-04F,JP,大阪府,583-0015,JPY,99,1.000000,JPY,99
1307947911320822,"Feb 26, 2015",3:21:35 AM PST,,Google fee,,夜桜　ライブ壁紙,com.quan.lwp.fallingleaveslwp,0,,SO-02G,JP,,241-0825,JPY,-30,1.000000,JPY,-30
1307947911320822,"Feb 26, 2015",3:21:35 AM PST,,Charge,,夜桜　ライブ壁紙,com.quan.lwp.fallingleaveslwp,0,,SO-02G,JP,,241-0825,JPY,99,1.000000,JPY,99
1308410177508195,"Feb 26, 2015",6:01:54 AM PST,,Google fee,,Stamina potion,com.dhearts.monter,1,sp_potion,goyawifi,AU,,2160,AUD,-0.32,93.785000,JPY,-30
1308410177508195,"Feb 26, 2015",6:01:54 AM PST,,Charge,,Stamina potion,com.dhearts.monter,1,sp_potion,goyawifi,AU,,2160,AUD,1.06,93.785000,JPY,99
1372574234682280,"Feb 27, 2015",4:23:37 AM PST,,Google fee,,夜桜　ライブ壁紙,com.quan.lwp.fallingleaveslwp,0,,T02D,JP,,1580093,JPY,-30,1.000000,JPY,-30
1372574234682280,"Feb 27, 2015",4:23:37 AM PST,,Charge,,夜桜　ライブ壁紙,com.quan.lwp.fallingleaveslwp,0,,T02D,JP,,1580093,JPY,99,1.000000,JPY,99
1305695876327973,"Feb 27, 2015",11:18:51 AM PST,,Google fee,,夜桜　ライブ壁紙,com.quan.lwp.fallingleaveslwp,0,,SO-03D,JP,青森県,035-0022,JPY,-30,1.000000,JPY,-30
1305695876327973,"Feb 27, 2015",11:18:51 AM PST,,Charge,,夜桜　ライブ壁紙,com.quan.lwp.fallingleaveslwp,0,,SO-03D,JP,青森県,035-0022,JPY,99,1.000000,JPY,99
1309243088203522,"Feb 27, 2015",11:43:50 AM PST,,Google fee,,夜桜　ライブ壁紙,com.quan.lwp.fallingleaveslwp,0,,L05E,JP,,6692103,JPY,-30,1.000000,JPY,-30
1309243088203522,"Feb 27, 2015",11:43:50 AM PST,,Charge,,夜桜　ライブ壁紙,com.quan.lwp.fallingleaveslwp,0,,L05E,JP,,6692103,JPY,99,1.000000,JPY,99
1304450587762837,"Feb 28, 2015",8:21:06 AM PST,,Google fee,,夜桜　ライブ壁紙,com.quan.lwp.fallingleaveslwp,0,,SH02E,JP,,5400003,JPY,-30,1.000000,JPY,-30
1304450587762837,"Feb 28, 2015",8:21:06 AM PST,,Charge,,夜桜　ライブ壁紙,com.quan.lwp.fallingleaveslwp,0,,SH02E,JP,,5400003,JPY,99,1.000000,JPY,99
1306080538058320,"Feb 28, 2015",9:00:09 AM PST,,Google fee,,夜桜　ライブ壁紙,com.quan.lwp.fallingleaveslwp,0,,401SO,JP,,6300211,JPY,-30,1.000000,JPY,-30
1306080538058320,"Feb 28, 2015",9:00:09 AM PST,,Charge,,夜桜　ライブ壁紙,com.quan.lwp.fallingleaveslwp,0,,401SO,JP,,6300211,JPY,99,1.000000,JPY,99
1395578226261367,"Feb 28, 2015",10:53:20 AM PST,,Google fee,,夜桜　ライブ壁紙,com.quan.lwp.fallingleaveslwp,0,,SO-01F,JP,,7313161,JPY,-30,1.000000,JPY,-30
1395578226261367,"Feb 28, 2015",10:53:20 AM PST,,Charge,,夜桜　ライブ壁紙,com.quan.lwp.fallingleaveslwp,0,,SO-01F,JP,,7313161,JPY,99,1.000000,JPY,99
1396675978290653,"Feb 28, 2015",11:41:49 AM PST,,Google fee,,夜桜　ライブ壁紙,com.quan.lwp.fallingleaveslwp,0,,g3,JP,,5580041,JPY,-30,1.000000,JPY,-30
1396675978290653,"Feb 28, 2015",11:41:49 AM PST,,Charge,,夜桜　ライブ壁紙,com.quan.lwp.fallingleaveslwp,0,,g3,JP,,5580041,JPY,99,1.000000,JPY,99
1363228160229169,"Feb 28, 2015",11:57:42 AM PST,,Google fee,,夜桜　ライブ壁紙,com.quan.lwp.fallingleaveslwp,0,,SBM301F,JP,神奈川県,210-0844,JPY,-30,1.000000,JPY,-30
1363228160229169,"Feb 28, 2015",11:57:42 AM PST,,Charge,,夜桜　ライブ壁紙,com.quan.lwp.fallingleaveslwp,0,,SBM301F,JP,神奈川県,210-0844,JPY,99,1.000000,JPY,99
1327234810478626,"Feb 28, 2015",12:42:54 PM PST,,Google fee,,夜桜　ライブ壁紙,com.quan.lwp.fallingleaveslwp,0,,SO-01F,JP,,142-0062,JPY,-30,1.000000,JPY,-30
1327234810478626,"Feb 28, 2015",12:42:54 PM PST,,Charge,,夜桜　ライブ壁紙,com.quan.lwp.fallingleaveslwp,0,,SO-01F,JP,,142-0062,JPY,99,1.000000,JPY,99
1320501597613527,"Feb 28, 2015",2:41:30 PM PST,,Google fee,,Crystal 5 units,com.dhearts.monter,1,tier_5,chagallwifi,BE,,1160,EUR,-0.92,133.880000,JPY,-123
1320501597613527,"Feb 28, 2015",2:41:30 PM PST,,Charge,,Crystal 5 units,com.dhearts.monter,1,tier_5,chagallwifi,BE,,1160,EUR,3.07,133.880000,JPY,411
1346736850702289,"Feb 28, 2015",3:27:20 PM PST,,Google fee,,Stamina potion,com.dhearts.monter,1,sp_potion,chagallwifi,BE,,1160,EUR,-0.18,133.880000,JPY,-24
1346736850702289,"Feb 28, 2015",3:27:20 PM PST,,Charge,,Stamina potion,com.dhearts.monter,1,sp_potion,chagallwifi,BE,,1160,EUR,0.61,133.880000,JPY,82
1339592741458950,"Feb 28, 2015",4:36:51 PM PST,,Google fee,,Crystal 1 units,com.dhearts.monter,1,tier_1,chagallwifi,BE,,1160,EUR,-0.18,133.880000,JPY,-24
1339592741458950,"Feb 28, 2015",4:36:51 PM PST,,Charge,,Crystal 1 units,com.dhearts.monter,1,tier_1,chagallwifi,BE,,1160,EUR,0.61,133.880000,JPY,82
1319497976961631,"Feb 28, 2015",4:39:22 PM PST,,Google fee,,Crystal 1 units,com.dhearts.monter,1,tier_1,chagallwifi,BE,,1160,EUR,-0.18,133.880000,JPY,-24
1319497976961631,"Feb 28, 2015",4:39:22 PM PST,,Charge,,Crystal 1 units,com.dhearts.monter,1,tier_1,chagallwifi,BE,,1160,EUR,0.61,133.880000,JPY,82
1340137918195326,"Feb 28, 2015",8:46:53 PM PST,,Google fee,,夜桜　ライブ壁紙,com.quan.lwp.fallingleaveslwp,0,,F01F,JP,,8761512,JPY,-30,1.000000,JPY,-30
1340137918195326,"Feb 28, 2015",8:46:53 PM PST,,Charge,,夜桜　ライブ壁紙,com.quan.lwp.fallingleaveslwp,0,,F01F,JP,,8761512,JPY,99,1.000000,JPY,99
