Order Number,Order Charged Date,Order Charged Timestamp,Financial Status,Device Model,Product Title,Product ID,Product Type,SKU ID,Currency of Sale,Item Price,Taxes Collected,Charged Amount,City of Buyer,State of Buyer,Postal Code of Buyer,Country of Buyer
1339592741458950,2015-03-01,1425170212,Charged,chagallwifi,Crystal 1 units,com.dhearts.monter,inapp,tier_1,EUR,0.61,0.13,0.74,Bruxelles,,1160,BE
1319497976961631,2015-03-01,1425170362,Charged,chagallwifi,Crystal 1 units,com.dhearts.monter,inapp,tier_1,EUR,0.61,0.13,0.74,Bruxelles,,1160,BE
1340137918195326,2015-03-01,1425185213,Charged,F01F,夜桜　ライブ壁紙,com.quan.lwp.fallingleaveslwp,paidapp,,JPY,99.00,0.00,99.00,,,8761512,JP
1304999939115217,2015-03-01,1425197733,Charged,SO-01G,夜桜　ライブ壁紙,com.quan.lwp.fallingleaveslwp,paidapp,,JPY,99.00,0.00,99.00,,,292-0212,JP
1335987987139609,2015-03-01,1425210532,Charged,hltetmo,Cherry blossom LiveWallpaper,com.quan.lwp.fallingleaveslwp,paidapp,,USD,0.99,0.00,0.99,Charlotte,NC,28269,US
1321629505964015,2015-03-01,1425211112,Charged,SO-01G,夜桜　ライブ壁紙,com.quan.lwp.fallingleaveslwp,paidapp,,JPY,99.00,0.00,99.00,,,904-2161,JP
1380521268216086,2015-03-01,1425212452,Charged,P-02E,夜桜　ライブ壁紙,com.quan.lwp.fallingleaveslwp,paidapp,,JPY,99.00,0.00,99.00,,,350-0026,JP
1343485770948810,2015-03-01,1425232657,Charged,FT142A,夜桜　ライブ壁紙,com.quan.lwp.fallingleaveslwp,paidapp,,JPY,99.00,0.00,99.00,,,4110943,JP
1388352170763316,2015-03-01,1425239903,Charged,SO-02E,夜桜　ライブ壁紙,com.quan.lwp.fallingleaveslwp,paidapp,,JPY,99.00,0.00,99.00,,,3010816,JP
1392754012246385,2015-03-01,1425244351,Charged,SHL22,夜桜　ライブ壁紙,com.quan.lwp.fallingleaveslwp,paidapp,,JPY,99.00,0.00,99.00,,,1350032,JP
1332483343190097,2015-03-01,1425246875,Charged,SO-01G,夜桜　ライブ壁紙,com.quan.lwp.fallingleaveslwp,paidapp,,JPY,99.00,0.00,99.00,,,2330006,JP
1393664756558691,2015-03-01,1425249147,Charged,SO-03F,夜桜　ライブ壁紙,com.quan.lwp.fallingleaveslwp,paidapp,,JPY,99.00,0.00,99.00,,,8830012,JP
1365757929591797,2015-03-01,1425252280,Charged,SO-04E,夜桜　ライブ壁紙,com.quan.lwp.fallingleaveslwp,paidapp,,JPY,99.00,0.00,99.00,,,1680065,JP
1317858256670754,2015-03-02,1425264751,Charged,P-06D,夜桜　ライブ壁紙,com.quan.lwp.fallingleaveslwp,paidapp,,JPY,99.00,0.00,99.00,,,3240611,JP
1373143563084972,2015-03-02,1425310533,Charged,FJT21_jp_kdi,夜桜　ライブ壁紙,com.quan.lwp.fallingleaveslwp,paidapp,,JPY,99.00,0.00,99.00,,,7920004,JP
1364204698741169,2015-03-02,1425318234,Charged,F01F,夜桜　ライブ壁紙,com.quan.lwp.fallingleaveslwp,paidapp,,JPY,99.00,0.00,99.00,,,305-0881,JP
1362600327016351,2015-03-02,1425322531,Charged,SBM206SH,夜桜　ライブ壁紙,com.quan.lwp.fallingleaveslwp,paidapp,,JPY,99.00,0.00,99.00,会津若松市,福島県,9650047,JP
1381451896063934,2015-03-02,1425329032,Charged,SH-01G,夜桜　ライブ壁紙,com.quan.lwp.fallingleaveslwp,paidapp,,JPY,99.00,0.00,99.00,,,6360822,JP
1368004064699412,2015-03-03,1425345410,Charged,SOL22,夜桜　ライブ壁紙,com.quan.lwp.fallingleaveslwp,paidapp,,JPY,99.00,0.00,99.00,,,1160014,JP
1312634360214128,2015-03-03,1425361803,Charged,chagallwifi,Crystal 10 units,com.dhearts.monter,inapp,tier_10,EUR,5.37,1.13,6.50,Bruxelles,,1160,BE
1305015188690571,2015-03-03,1425366902,Charged,SH02E,夜桜　ライブ壁紙,com.quan.lwp.fallingleaveslwp,paidapp,,JPY,99.00,0.00,99.00,,,6220015,JP
1319063476950984,2015-03-03,1425397783,Charged,SO-02C,夜桜　ライブ壁紙,com.quan.lwp.fallingleaveslwp,paidapp,,JPY,99.00,0.00,99.00,,,2060823,JP
1331358106600743,2015-03-03,1425409031,Charged,SO-02E,夜桜　ライブ壁紙,com.quan.lwp.fallingleaveslwp,paidapp,,JPY,99.00,0.00,99.00,,,3600021,JP
1329062303065232,2015-03-03,1425420847,Charged,C5170,Cherry blossom LiveWallpaper,com.quan.lwp.fallingleaveslwp,paidapp,,USD,0.99,0.00,0.99,,,38116,US
1362456353353386,2015-03-04,1425470093,Charged,SO-01G,夜桜　ライブ壁紙,com.quan.lwp.fallingleaveslwp,paidapp,,JPY,99.00,0.00,99.00,,,335-0004,JP
1346066737345554,2015-03-04,1425495086,Charged,DM015K,夜桜　ライブ壁紙,com.quan.lwp.fallingleaveslwp,paidapp,,JPY,99.00,0.00,99.00,,,3890512,JP
1352455254084778,2015-03-04,1425501635,Charged,C1905,夜桜　ライブ壁紙,com.quan.lwp.fallingleaveslwp,paidapp,,JPY,99.00,0.00,99.00,,,9100098,JP
1321482831907199,2015-03-04,1425506998,Charged,SOL25,夜桜　ライブ壁紙,com.quan.lwp.fallingleaveslwp,paidapp,,JPY,99.00,0.00,99.00,,,6730531,JP
1376775622104979,2015-03-05,1425580120,Charged,F02G,夜桜　ライブ壁紙,com.quan.lwp.fallingleaveslwp,paidapp,,JPY,99.00,0.00,99.00,,,6691531,JP
1396450258200460,2015-03-05,1425584270,Charged,SO-01G,夜桜　ライブ壁紙,com.quan.lwp.fallingleaveslwp,paidapp,,JPY,99.00,0.00,99.00,,,7870033,JP
1314688613698853,2015-03-06,1425601547,Charged,SC-04E,夜桜　ライブ壁紙,com.quan.lwp.fallingleaveslwp,paidapp,,JPY,99.00,0.00,99.00,,,307-0001,JP
1373020433217138,2015-03-06,1425608151,Charged,hltetmo,Crystal 10 units,com.dhearts.monter,inapp,tier_10,USD,7.51,0.00,7.51,,,84044,US
1304147750890939,2015-03-06,1425628516,Charged,SC-04E,夜桜　ライブ壁紙,com.quan.lwp.fallingleaveslwp,paidapp,,JPY,99.00,0.00,99.00,沼津市高砂市,静岡県,410-0016,JP
1387144663321923,2015-03-06,1425631915,Charged,SBM302SH,夜桜　ライブ壁紙,com.quan.lwp.fallingleaveslwp,paidapp,,JPY,99.00,0.00,99.00,,,3700018,JP
1353431206575204,2015-03-06,1425635122,Charged,SHL25,夜桜　ライブ壁紙,com.quan.lwp.fallingleaveslwp,paidapp,,JPY,99.00,0.00,99.00,,,4440404,JP
1328425046967619,2015-03-06,1425655708,Charged,SOL23,夜桜　ライブ壁紙,com.quan.lwp.fallingleaveslwp,paidapp,,JPY,99.00,0.00,99.00,,,260-0011,JP
1397132982308856,2015-03-06,1425673942,Charged,SH-04F,夜桜　ライブ壁紙,com.quan.lwp.fallingleaveslwp,paidapp,,JPY,99.00,0.00,99.00,,,8614407,JP
1384094891283528,2015-03-06,1425676938,Charged,SC-04F,夜桜　ライブ壁紙,com.quan.lwp.fallingleaveslwp,paidapp,,JPY,99.00,0.00,99.00,,,8330005,JP
1337534294004180,2015-03-06,1425683846,Charged,dlxj,夜桜　ライブ壁紙,com.quan.lwp.fallingleaveslwp,paidapp,,JPY,99.00,0.00,99.00,,,8991131,JP
1348580705846931,2015-03-07,1425711186,Charged,F01F,夜桜　ライブ壁紙,com.quan.lwp.fallingleaveslwp,paidapp,,JPY,99.00,0.00,99.00,,,3300064,JP
1331429071452857,2015-03-07,1425735732,Charged,SHV31,夜桜　ライブ壁紙,com.quan.lwp.fallingleaveslwp,paidapp,,JPY,99.00,0.00,99.00,川越市大中居,埼玉県,350-0021,JP
1329384392068036,2015-03-07,1425744228,Charged,SO-02F,夜桜　ライブ壁紙,com.quan.lwp.fallingleaveslwp,paidapp,,JPY,99.00,0.00,99.00,,,1460082,JP
1323051601875097,2015-03-07,1425749547,Charged,d2dcm,夜桜　ライブ壁紙,com.quan.lwp.fallingleaveslwp,paidapp,,JPY,99.00,0.00,99.00,,,0880574,JP
1320810476665360,2015-03-07,1425751275,Charged,SC-01G,夜桜　ライブ壁紙,com.quan.lwp.fallingleaveslwp,paidapp,,JPY,99.00,0.00,99.00,,,144-0051,JP
1329351584196376,2015-03-07,1425755441,Charged,SBM303SH,夜桜　ライブ壁紙,com.quan.lwp.fallingleaveslwp,paidapp,,JPY,99.00,0.00,99.00,,,2701101,JP
1334834827588807,2015-03-07,1425759120,Charged,SO-02G,夜桜　ライブ壁紙,com.quan.lwp.fallingleaveslwp,paidapp,,JPY,99.00,0.00,99.00,,,4420863,JP
1316083299889746,2015-03-07,1425770196,Charged,SOL25,夜桜　ライブ壁紙,com.quan.lwp.fallingleaveslwp,paidapp,,JPY,99.00,0.00,99.00,米沢市 吾妻町,山形県,9920034,JP
1398887620585601,2015-03-08,1425778956,Charged,SOL25,夜桜　ライブ壁紙,com.quan.lwp.fallingleaveslwp,paidapp,,JPY,99.00,0.00,99.00,加古郡播磨町西野添,兵庫県,6750160,JP
1394424677051247,2015-03-08,1425794679,Charged,SOL26,夜桜　ライブ壁紙,com.quan.lwp.fallingleaveslwp,paidapp,,JPY,99.00,0.00,99.00,,,0291202,JP
1360284412658028,2015-03-08,1425804707,Charged,blaze,夜桜　ライブ壁紙,com.quan.lwp.fallingleaveslwp,paidapp,,JPY,99.00,0.00,99.00,,,2520231,JP
1370441766632236,2015-03-08,1425809160,Charged,F01F,夜桜　ライブ壁紙,com.quan.lwp.fallingleaveslwp,paidapp,,JPY,99.00,0.00,99.00,,,3350012,JP
1367571469083552,2015-03-08,1425809867,Charged,SCL24,夜桜　ライブ壁紙,com.quan.lwp.fallingleaveslwp,paidapp,,JPY,99.00,0.00,99.00,,,0891183,JP
1369847802178935,2015-03-08,1425839328,Charged,SBM203SH,夜桜　ライブ壁紙,com.quan.lwp.fallingleaveslwp,paidapp,,JPY,99.00,0.00,99.00,,,1250062,JP
1363652820680067,2015-03-08,1425846322,Charged,SH-06F,夜桜　ライブ壁紙,com.quan.lwp.fallingleaveslwp,paidapp,,JPY,99.00,0.00,99.00,,,9100005,JP
1343148400777223,2015-03-08,1425848476,Charged,SH-01G,夜桜　ライブ壁紙,com.quan.lwp.fallingleaveslwp,paidapp,,JPY,99.00,0.00,99.00,,,3470057,JP
1360014299853581,2015-03-08,1425850239,Charged,zee,夜桜　ライブ壁紙,com.quan.lwp.fallingleaveslwp,paidapp,,JPY,99.00,0.00,99.00,横浜市保土ヶ谷区狩場町,神奈川県,240-0025,JP
1318571051986093,2015-03-09,1425906645,Charged,KYY23,夜桜　ライブ壁紙,com.quan.lwp.fallingleaveslwp,paidapp,,JPY,99.00,0.00,99.00,,,991-0041,JP
1396864781272009,2015-03-09,1425919900,Charged,dlxj,夜桜　ライブ壁紙,com.quan.lwp.fallingleaveslwp,paidapp,,JPY,99.00,0.00,99.00,,,1320013,JP
1332131735183252,2015-03-09,1425921154,Charged,g2,夜桜　ライブ壁紙,com.quan.lwp.fallingleaveslwp,paidapp,,JPY,99.00,0.00,99.00,,,2360016,JP
1321464584728531,2015-03-09,1425924489,Charged,d2dcm,夜桜　ライブ壁紙,com.quan.lwp.fallingleaveslwp,paidapp,,JPY,99.00,0.00,99.00,大垣市,岐阜県,5030004,JP
1369002032872201,2015-03-09,1425925147,Charged,SC-03E,夜桜　ライブ壁紙,com.quan.lwp.fallingleaveslwp,paidapp,,JPY,99.00,0.00,99.00,,,758-0011,JP
1322020834215998,2015-03-09,1425929901,Charged,SO-04E,夜桜　ライブ壁紙,com.quan.lwp.fallingleaveslwp,paidapp,,JPY,99.00,0.00,99.00,,,252-0816,JP
1319138471167861,2015-03-09,1425930062,Charged,SC-04F,夜桜　ライブ壁紙,com.quan.lwp.fallingleaveslwp,paidapp,,JPY,99.00,0.00,99.00,,,321-2332,JP
1327875651264512,2015-03-10,1425956612,Charged,jactivelteatt,Cherry blossom LiveWallpaper,com.quan.lwp.fallingleaveslwp,paidapp,,USD,0.99,0.00,0.99,SWAMPSCOTT,MA,01907-1971,US
1319917613799516,2015-03-10,1425963191,Charged,SHI14,夜桜　ライブ壁紙,com.quan.lwp.fallingleaveslwp,paidapp,,JPY,99.00,0.00,99.00,千葉県,千葉県,2600821,JP
1335666979802997,2015-03-10,1425965459,Charged,SO-02G,夜桜　ライブ壁紙,com.quan.lwp.fallingleaveslwp,paidapp,,JPY,99.00,0.00,99.00,,,8100045,JP
1353798147704542,2015-03-10,1425984483,Charged,401SO,夜桜　ライブ壁紙,com.quan.lwp.fallingleaveslwp,paidapp,,JPY,99.00,0.00,99.00,,,4338113,JP
1392554797129836,2015-03-10,1426003895,Charged,F02G,夜桜　ライブ壁紙,com.quan.lwp.fallingleaveslwp,paidapp,,JPY,99.00,0.00,99.00,,,6038863,JP
1399843349412662,2015-03-10,1426009894,Charged,SHL23,夜桜　ライブ壁紙,com.quan.lwp.fallingleaveslwp,paidapp,,JPY,99.00,0.00,99.00,,,5980002,JP
1309046469490617,2015-03-10,1426011548,Charged,SOL26,夜桜　ライブ壁紙,com.quan.lwp.fallingleaveslwp,paidapp,,JPY,99.00,0.00,99.00,,,4970031,JP
1348519024140493,2015-03-10,1426014113,Charged,F02G,夜桜　ライブ壁紙,com.quan.lwp.fallingleaveslwp,paidapp,,JPY,99.00,0.00,99.00,,,0191605,JP
1381926878994954,2015-03-10,1426016915,Charged,401SO,夜桜　ライブ壁紙,com.quan.lwp.fallingleaveslwp,paidapp,,JPY,99.00,0.00,99.00,,,2770054,JP
1321118191824275,2015-03-10,1426017166,Charged,m7wlj,夜桜　ライブ壁紙,com.quan.lwp.fallingleaveslwp,paidapp,,JPY,99.00,0.00,99.00,,,7918032,JP
1317011816287319,2015-03-10,1426018774,Charged,F02G,夜桜　ライブ壁紙,com.quan.lwp.fallingleaveslwp,paidapp,,JPY,99.00,0.00,99.00,,,764-0028,JP
1369878629209940,2015-03-10,1426020054,Charged,F07E,夜桜　ライブ壁紙,com.quan.lwp.fallingleaveslwp,paidapp,,JPY,99.00,0.00,99.00,,,9650807,JP
1391635726511751,2015-03-10,1426022208,Charged,SO-01F,夜桜　ライブ壁紙,com.quan.lwp.fallingleaveslwp,paidapp,,JPY,99.00,0.00,99.00,,,5640024,JP
1355194849358978,2015-03-10,1426023477,Charged,SG402SH,夜桜　ライブ壁紙,com.quan.lwp.fallingleaveslwp,paidapp,,JPY,99.00,0.00,99.00,,,902-0071,JP
1340412770513407,2015-03-10,1426024634,Charged,SH-01G,夜桜　ライブ壁紙,com.quan.lwp.fallingleaveslwp,paidapp,,JPY,99.00,0.00,99.00,,,9840821,JP
1316180485129882,2015-03-10,1426028482,Charged,SO-01G,夜桜　ライブ壁紙,com.quan.lwp.fallingleaveslwp,paidapp,,JPY,99.00,0.00,99.00,,,601―1353,JP
1390935421959194,2015-03-11,1426035702,Charged,F02G,夜桜　ライブ壁紙,com.quan.lwp.fallingleaveslwp,paidapp,,JPY,99.00,0.00,99.00,,,5016217,JP
1375490910891362,2015-03-11,1426047514,Charged,D6603,Cherry blossom LiveWallpaper,com.quan.lwp.fallingleaveslwp,paidapp,,EUR,0.66,0.15,0.81,Dublin 22,D,,IE
1301233461246543,2015-03-11,1426067130,Charged,SO-04E,夜桜　ライブ壁紙,com.quan.lwp.fallingleaveslwp,paidapp,,JPY,99.00,0.00,99.00,,,5600001,JP
1340118832703927,2015-03-11,1426070412,Charged,SOL25,夜桜　ライブ壁紙,com.quan.lwp.fallingleaveslwp,paidapp,,JPY,99.00,0.00,99.00,,,9738402,JP
1389680448266847,2015-03-11,1426071522,Charged,SH02E,夜桜　ライブ壁紙,com.quan.lwp.fallingleaveslwp,paidapp,,JPY,99.00,0.00,99.00,,,1930943,JP
1350043181335933,2015-03-11,1426078243,Charged,g3,夜桜　ライブ壁紙,com.quan.lwp.fallingleaveslwp,paidapp,,JPY,99.00,0.00,99.00,,,0892136,JP
1356672894830001,2015-03-11,1426083830,Charged,SOL24,夜桜　ライブ壁紙,com.quan.lwp.fallingleaveslwp,paidapp,,JPY,99.00,0.00,99.00,,,1040055,JP
1305056777808306,2015-03-11,1426093110,Charged,KYY22,夜桜　ライブ壁紙,com.quan.lwp.fallingleaveslwp,paidapp,,JPY,99.00,0.00,99.00,,,041-0806,JP
1316864651874457,2015-03-11,1426098368,Charged,SOL25,夜桜　ライブ壁紙,com.quan.lwp.fallingleaveslwp,paidapp,,JPY,99.00,0.00,99.00,,,3191536,JP
1311100844175757,2015-03-11,1426103707,Charged,SO-03F,夜桜　ライブ壁紙,com.quan.lwp.fallingleaveslwp,paidapp,,JPY,99.00,0.00,99.00,,,848-0034,JP
1350859507012896,2015-03-11,1426104562,Charged,KYY24,夜桜　ライブ壁紙,com.quan.lwp.fallingleaveslwp,paidapp,,JPY,99.00,0.00,99.00,,,8950056,JP
1308679202662653,2015-03-11,1426105448,Charged,SO-03F,夜桜　ライブ壁紙,com.quan.lwp.fallingleaveslwp,paidapp,,JPY,99.00,0.00,99.00,,,3670238,JP
1303024527078833,2015-03-11,1426107372,Charged,SBM302SH,夜桜　ライブ壁紙,com.quan.lwp.fallingleaveslwp,paidapp,,JPY,99.00,0.00,99.00,,,8240057,JP
1308939272359995,2015-03-11,1426107592,Charged,SO-03F,夜桜　ライブ壁紙,com.quan.lwp.fallingleaveslwp,paidapp,,JPY,99.00,0.00,99.00,,,5970013,JP
1321617932112721,2015-03-11,1426110015,Charged,htc_b2wlj,夜桜　ライブ壁紙,com.quan.lwp.fallingleaveslwp,paidapp,,JPY,99.00,0.00,99.00,,,2520115,JP
1325289080255747,2015-03-11,1426116219,Charged,SHL22,夜桜　ライブ壁紙,com.quan.lwp.fallingleaveslwp,paidapp,,JPY,99.00,0.00,99.00,,,2520244,JP
1338678914677614,2015-03-12,1426126221,Charged,SOL22,夜桜　ライブ壁紙,com.quan.lwp.fallingleaveslwp,paidapp,,JPY,99.00,0.00,99.00,,,332-0002,JP
1372100388819707,2015-03-12,1426127656,Charged,SOL26,夜桜　ライブ壁紙,com.quan.lwp.fallingleaveslwp,paidapp,,JPY,99.00,0.00,99.00,,,2970026,JP
1314552588838136,2015-03-12,1426151141,Charged,SO-03F,夜桜　ライブ壁紙,com.quan.lwp.fallingleaveslwp,paidapp,,JPY,99.00,0.00,99.00,,,5150321,JP
1343466301899135,2015-03-12,1426154660,Charged,ISW11SC,夜桜　ライブ壁紙,com.quan.lwp.fallingleaveslwp,paidapp,,JPY,99.00,0.00,99.00,,,9620866,JP
1323730103693721,2015-03-12,1426157708,Charged,C6603,夜桜　ライブ壁紙,com.quan.lwp.fallingleaveslwp,paidapp,,JPY,99.00,0.00,99.00,,,190-0155,JP
1392311839574671,2015-03-12,1426167469,Charged,SOL23,夜桜　ライブ壁紙,com.quan.lwp.fallingleaveslwp,paidapp,,JPY,99.00,0.00,99.00,,,197-0004,JP
1316021930115576,2015-03-12,1426173252,Charged,SO-02F,夜桜　ライブ壁紙,com.quan.lwp.fallingleaveslwp,paidapp,,JPY,99.00,0.00,99.00,,,190-0023,JP
1355643475451314,2015-03-12,1426180952,Charged,SO-02E,夜桜　ライブ壁紙,com.quan.lwp.fallingleaveslwp,paidapp,,JPY,99.00,0.00,99.00,,,1830014,JP
1315124198225752,2015-03-12,1426184889,Charged,SHI16,夜桜　ライブ壁紙,com.quan.lwp.fallingleaveslwp,paidapp,,JPY,99.00,0.00,99.00,,,2970026,JP
1380879483988618,2015-03-12,1426192380,Charged,icx1237,夜桜　ライブ壁紙,com.quan.lwp.fallingleaveslwp,paidapp,,JPY,99.00,0.00,99.00,,,3211102,JP
1323716368179850,2015-03-12,1426196366,Charged,geevl04e,夜桜　ライブ壁紙,com.quan.lwp.fallingleaveslwp,paidapp,,JPY,99.00,0.00,99.00,,,3620062,JP
1302650594188026,2015-03-12,1426198168,Charged,SOL26,夜桜　ライブ壁紙,com.quan.lwp.fallingleaveslwp,paidapp,,JPY,99.00,0.00,99.00,,,1910011,JP
1357858171315727,2015-03-12,1426202857,Charged,SO-02E,夜桜　ライブ壁紙,com.quan.lwp.fallingleaveslwp,paidapp,,JPY,99.00,0.00,99.00,宇都宮市陽東,栃木県,3210904,JP
1319258646286724,2015-03-13,1426221978,Charged,SOL23,夜桜　ライブ壁紙,com.quan.lwp.fallingleaveslwp,paidapp,,JPY,99.00,0.00,99.00,,,3720855,JP
1385860482939894,2015-03-13,1426228913,Charged,SO-02G,夜桜　ライブ壁紙,com.quan.lwp.fallingleaveslwp,paidapp,,JPY,99.00,0.00,99.00,名古屋市南区南野,愛知県,4570068,JP
1342184015352641,2015-03-13,1426245295,Charged,SHL25,夜桜　ライブ壁紙,com.quan.lwp.fallingleaveslwp,paidapp,,JPY,99.00,0.00,99.00,名古屋市緑区桃山3-507オーラム桃山台404,愛知県,458-0002,JP
1308761704940681,2015-03-13,1426265251,Charged,SC-01G,夜桜　ライブ壁紙,com.quan.lwp.fallingleaveslwp,paidapp,,JPY,99.00,0.00,99.00,,,662-0813,JP
1303044011250130,2015-03-13,1426265897,Charged,IS11CA,夜桜　ライブ壁紙,com.quan.lwp.fallingleaveslwp,paidapp,,JPY,99.00,0.00,99.00,,,1240025,JP
1362260432704452,2015-03-13,1426270653,Charged,KYY24,夜桜　ライブ壁紙,com.quan.lwp.fallingleaveslwp,paidapp,,JPY,99.00,0.00,99.00,千葉市,千葉県,2600823,JP
1361977886434546,2015-03-13,1426270698,Charged,dlxj,夜桜　ライブ壁紙,com.quan.lwp.fallingleaveslwp,paidapp,,JPY,99.00,0.00,99.00,,,4100306,JP
1329398471319931,2015-03-13,1426276883,Charged,SO-01G,夜桜　ライブ壁紙,com.quan.lwp.fallingleaveslwp,paidapp,,JPY,99.00,0.00,99.00,,,9100029,JP
1371779741243901,2015-03-13,1426281048,Charged,SO-02G,夜桜　ライブ壁紙,com.quan.lwp.fallingleaveslwp,paidapp,,JPY,99.00,0.00,99.00,前橋市,群馬県,3710901,JP
1395917828561983,2015-03-13,1426283156,Charged,icx1237,夜桜　ライブ壁紙,com.quan.lwp.fallingleaveslwp,paidapp,,JPY,99.00,0.00,99.00,,,3510014,JP
1385347453320236,2015-03-13,1426288098,Charged,icx1237,夜桜　ライブ壁紙,com.quan.lwp.fallingleaveslwp,paidapp,,JPY,99.00,0.00,99.00,,,4000112,JP
1320432440554699,2015-03-14,1426308287,Charged,SOL21,夜桜　ライブ壁紙,com.quan.lwp.fallingleaveslwp,paidapp,,JPY,99.00,0.00,99.00,,,271-0044,JP
1399448246484250,2015-03-14,1426322112,Charged,SOL25,夜桜　ライブ壁紙,com.quan.lwp.fallingleaveslwp,paidapp,,JPY,99.00,0.00,99.00,,,8590125,JP
1313559004558420,2015-03-14,1426329542,Charged,SOL25,夜桜　ライブ壁紙,com.quan.lwp.fallingleaveslwp,paidapp,,JPY,99.00,0.00,99.00,,,9190544,JP
1361149561464207,2015-03-14,1426333078,Charged,SOL22,夜桜　ライブ壁紙,com.quan.lwp.fallingleaveslwp,paidapp,,JPY,99.00,0.00,99.00,,,5340012,JP
1304796994043510,2015-03-14,1426335353,Charged,dlxj,夜桜　ライブ壁紙,com.quan.lwp.fallingleaveslwp,paidapp,,JPY,99.00,0.00,99.00,,,7360032,JP
1396490168142383,2015-03-14,1426336281,Charged,SOL26,夜桜　ライブ壁紙,com.quan.lwp.fallingleaveslwp,paidapp,,JPY,99.00,0.00,99.00,,,1790081,JP
1393323016001159,2015-03-14,1426336566,Charged,302KC,夜桜　ライブ壁紙,com.quan.lwp.fallingleaveslwp,paidapp,,JPY,99.00,0.00,99.00,,,890-0008,JP
1384103014705035,2015-03-14,1426341700,Charged,SG304SH,夜桜　ライブ壁紙,com.quan.lwp.fallingleaveslwp,paidapp,,JPY,99.00,0.00,99.00,,,8160862,JP
1300994990680280,2015-03-14,1426345024,Charged,SG305SH,夜桜　ライブ壁紙,com.quan.lwp.fallingleaveslwp,paidapp,,JPY,99.00,0.00,99.00,,,9920047,JP
1338995824229737,2015-03-14,1426348066,Charged,401SO,夜桜　ライブ壁紙,com.quan.lwp.fallingleaveslwp,paidapp,,JPY,99.00,0.00,99.00,仙台市青葉区中山4丁目,宮城県,9810952,JP
1310895212864350,2015-03-14,1426353094,Charged,shamu,夜桜　ライブ壁紙,com.quan.lwp.fallingleaveslwp,paidapp,,JPY,99.00,0.00,99.00,,,169-0074,JP
1385120073752836,2015-03-14,1426358952,Charged,SO-01F,夜桜　ライブ壁紙,com.quan.lwp.fallingleaveslwp,paidapp,,JPY,99.00,0.00,99.00,,,8830021,JP
1316245563599721,2015-03-14,1426359173,Charged,SBM301F,夜桜　ライブ壁紙,com.quan.lwp.fallingleaveslwp,paidapp,,JPY,99.00,0.00,99.00,,,8140103,JP
1379442240196310,2015-03-14,1426364166,Charged,SO-01G,夜桜　ライブ壁紙,com.quan.lwp.fallingleaveslwp,paidapp,,JPY,99.00,0.00,99.00,,,132-0024,JP
1368888180152669,2015-03-14,1426367533,Charged,SOL26,夜桜　ライブ壁紙,com.quan.lwp.fallingleaveslwp,paidapp,,JPY,99.00,0.00,99.00,,,5970073,JP
1345219037702937,2015-03-14,1426371360,Charged,SCL24,夜桜　ライブ壁紙,com.quan.lwp.fallingleaveslwp,paidapp,,JPY,99.00,0.00,99.00,,,435-0049,JP
1368709954766918,2015-03-14,1426374400,Charged,htc_a51tuhl,夜桜　ライブ壁紙,com.quan.lwp.fallingleaveslwp,paidapp,,TWD,30.00,0.00,30.00,,,24855,TW
1392983376347392,2015-03-15,1426381642,Charged,g3,夜桜　ライブ壁紙,com.quan.lwp.fallingleaveslwp,paidapp,,JPY,99.00,0.00,99.00,青森市,青森県,038-0031,JP
1333027110016102,2015-03-15,1426394053,Charged,SO-03F,夜桜　ライブ壁紙,com.quan.lwp.fallingleaveslwp,paidapp,,JPY,99.00,0.00,99.00,,,8710001,JP
1383761597416366,2015-03-15,1426399883,Charged,SO-01G,夜桜　ライブ壁紙,com.quan.lwp.fallingleaveslwp,paidapp,,JPY,99.00,0.00,99.00,,,272-0137,JP
1366470897345267,2015-03-15,1426399989,Charged,SO-01F,夜桜　ライブ壁紙,com.quan.lwp.fallingleaveslwp,paidapp,,JPY,99.00,0.00,99.00,,,3910214,JP
1334372031348892,2015-03-15,1426404965,Charged,SH04E,夜桜　ライブ壁紙,com.quan.lwp.fallingleaveslwp,paidapp,,JPY,99.00,0.00,99.00,,,1540023,JP
1384741953410367,2015-03-15,1426417175,Charged,SO-02G,夜桜　ライブ壁紙,com.quan.lwp.fallingleaveslwp,paidapp,,JPY,99.00,0.00,99.00,,,3310812,JP
1302769918931967,2015-03-15,1426417626,Charged,SO-02G,夜桜　ライブ壁紙,com.quan.lwp.fallingleaveslwp,paidapp,,JPY,99.00,0.00,99.00,,,4380231,JP
1323301758880116,2015-03-15,1426423142,Charged,SH-01G,夜桜　ライブ壁紙,com.quan.lwp.fallingleaveslwp,paidapp,,JPY,99.00,0.00,99.00,,,2702231,JP
1376004698065912,2015-03-15,1426431373,Charged,SHL22,夜桜　ライブ壁紙,com.quan.lwp.fallingleaveslwp,paidapp,,JPY,99.00,0.00,99.00,,,0840905,JP
1332013750987902,2015-03-15,1426432315,Charged,KYV33,夜桜　ライブ壁紙,com.quan.lwp.fallingleaveslwp,paidapp,,JPY,99.00,0.00,99.00,,,2100813,JP
1323575547819539,2015-03-15,1426442346,Charged,SCL23,夜桜　ライブ壁紙,com.quan.lwp.fallingleaveslwp,paidapp,,JPY,99.00,0.00,99.00,,,8992513,JP
1348396124355318,2015-03-15,1426443059,Charged,SOL26,夜桜　ライブ壁紙,com.quan.lwp.fallingleaveslwp,paidapp,,JPY,99.00,0.00,99.00,,,029-1201,JP
1353037003273490,2015-03-15,1426446233,Charged,SO-02E,夜桜　ライブ壁紙,com.quan.lwp.fallingleaveslwp,paidapp,,JPY,99.00,0.00,99.00,,,164-0014,JP
1348385873321649,2015-03-15,1426447492,Charged,SOL23,夜桜　ライブ壁紙,com.quan.lwp.fallingleaveslwp,paidapp,,JPY,99.00,0.00,99.00,,,430-0929,JP
1366553818871501,2015-03-15,1426448284,Charged,SO-03F,夜桜　ライブ壁紙,com.quan.lwp.fallingleaveslwp,paidapp,,JPY,99.00,0.00,99.00,,,4702103,JP
1332473737221610,2015-03-15,1426448575,Charged,SO-01G,夜桜　ライブ壁紙,com.quan.lwp.fallingleaveslwp,paidapp,,JPY,99.00,0.00,99.00,,,2920822,JP
1329486803882481,2015-03-15,1426449416,Charged,hammerhead,夜桜　ライブ壁紙,com.quan.lwp.fallingleaveslwp,paidapp,,JPY,99.00,0.00,99.00,,,1210813,JP
1352267823894645,2015-03-15,1426451289,Charged,SO-03F,夜桜　ライブ壁紙,com.quan.lwp.fallingleaveslwp,paidapp,,JPY,99.00,0.00,99.00,,,4870035,JP
1329293762895838,2015-03-15,1426451643,Charged,SBM203SH,夜桜　ライブ壁紙,com.quan.lwp.fallingleaveslwp,paidapp,,JPY,99.00,0.00,99.00,,,0640916,JP
1309543378236638,2015-03-15,1426452431,Charged,C6833,夜桜　ライブ壁紙,com.quan.lwp.fallingleaveslwp,paidapp,,JPY,99.00,0.00,99.00,甲府市上石田4-9-14,山梨県,400-0041,JP
1398241378817304,2015-03-16,1426473358,Charged,hwu9508,夜桜　ライブ壁紙,com.quan.lwp.fallingleaveslwp,paidapp,,JPY,82.00,17.00,99.00,Riga,,Lv-1045,LV
1305695619922936,2015-03-16,1426497719,Charged,N-04E,夜桜　ライブ壁紙,com.quan.lwp.fallingleaveslwp,paidapp,,JPY,99.00,0.00,99.00,,,757-0216,JP
1386829579129223,2015-03-16,1426504620,Charged,SCL23,夜桜　ライブ壁紙,com.quan.lwp.fallingleaveslwp,paidapp,,JPY,99.00,0.00,99.00,,,851-3101,JP
1318941737519285,2015-03-16,1426520920,Charged,SO-02F,夜桜　ライブ壁紙,com.quan.lwp.fallingleaveslwp,paidapp,,JPY,99.00,0.00,99.00,,,0613773,JP
1333246923647089,2015-03-16,1426521140,Charged,D6503,夜桜　ライブ壁紙,com.quan.lwp.fallingleaveslwp,paidapp,,JPY,99.00,0.00,99.00,,,3380004,JP
1335304701570641,2015-03-16,1426522588,Charged,SBM203SH,夜桜　ライブ壁紙,com.quan.lwp.fallingleaveslwp,paidapp,,JPY,99.00,0.00,99.00,,,3140012,JP
1306584731559787,2015-03-16,1426524878,Charged,SOL24,夜桜　ライブ壁紙,com.quan.lwp.fallingleaveslwp,paidapp,,JPY,99.00,0.00,99.00,,,4570025,JP
1333876203992196,2015-03-16,1426526384,Charged,SH-01G,夜桜　ライブ壁紙,com.quan.lwp.fallingleaveslwp,paidapp,,JPY,99.00,0.00,99.00,,,709-1213,JP
1331679939535967,2015-03-16,1426531858,Charged,F01F,夜桜　ライブ壁紙,com.quan.lwp.fallingleaveslwp,paidapp,,JPY,99.00,0.00,99.00,,,6760071,JP
1316562810302459,2015-03-16,1426533057,Charged,SO-03E,夜桜　ライブ壁紙,com.quan.lwp.fallingleaveslwp,paidapp,,JPY,99.00,0.00,99.00,,,3091221,JP
1363250949259013,2015-03-16,1426537968,Charged,SCL22,夜桜　ライブ壁紙,com.quan.lwp.fallingleaveslwp,paidapp,,JPY,99.00,0.00,99.00,,,3390000,JP
1367924655019773,2015-03-16,1426538728,Charged,SH-01F,夜桜　ライブ壁紙,com.quan.lwp.fallingleaveslwp,paidapp,,JPY,99.00,0.00,99.00,,,5203221,JP
1350990930074722,2015-03-16,1426543044,Charged,SOL26,夜桜　ライブ壁紙,com.quan.lwp.fallingleaveslwp,paidapp,,JPY,99.00,0.00,99.00,,,4030002,JP
1344624651949753,2015-03-17,1426561965,Charged,SO-01F,夜桜　ライブ壁紙,com.quan.lwp.fallingleaveslwp,paidapp,,JPY,99.00,0.00,99.00,,,8541105,JP
1322559549094819,2015-03-17,1426562037,Charged,WX10K,夜桜　ライブ壁紙,com.quan.lwp.fallingleaveslwp,paidapp,,JPY,99.00,0.00,99.00,,,206-0024,JP
1301173918040276,2015-03-17,1426583351,Charged,F01F,夜桜　ライブ壁紙,com.quan.lwp.fallingleaveslwp,paidapp,,JPY,99.00,0.00,99.00,,,261-0001,JP
1313278677395410,2015-03-17,1426586649,Charged,SOL25,夜桜　ライブ壁紙,com.quan.lwp.fallingleaveslwp,paidapp,,JPY,99.00,0.00,99.00,,,2020003,JP
1368660270846962,2015-03-17,1426617221,Charged,F06E,夜桜　ライブ壁紙,com.quan.lwp.fallingleaveslwp,paidapp,,JPY,99.00,0.00,99.00,,,8572426,JP
1330718524996904,2015-03-17,1426617583,Charged,SOL22,夜桜　ライブ壁紙,com.quan.lwp.fallingleaveslwp,paidapp,,JPY,99.00,0.00,99.00,,,4160944,JP
1399865997978401,2015-03-17,1426618431,Charged,SOL23,夜桜　ライブ壁紙,com.quan.lwp.fallingleaveslwp,paidapp,,JPY,99.00,0.00,99.00,,,5310063,JP
1363322506551967,2015-03-17,1426622128,Charged,WX10K,夜桜　ライブ壁紙,com.quan.lwp.fallingleaveslwp,paidapp,,JPY,99.00,0.00,99.00,,,9638043,JP
1393428211504679,2015-03-17,1426625194,Charged,SOL23,夜桜　ライブ壁紙,com.quan.lwp.fallingleaveslwp,paidapp,,JPY,99.00,0.00,99.00,,,5600016,JP
1394548295705726,2015-03-17,1426625673,Charged,SC-03G,夜桜　ライブ壁紙,com.quan.lwp.fallingleaveslwp,paidapp,,JPY,99.00,0.00,99.00,,,290‐0061,JP
1347274032754082,2015-03-17,1426632406,Charged,hlte,Cherry blossom LiveWallpaper,com.quan.lwp.fallingleaveslwp,paidapp,,EUR,0.66,0.15,0.81,,,82441,SE
1337502067534013,2015-03-17,1426633121,Charged,SOL25,夜桜　ライブ壁紙,com.quan.lwp.fallingleaveslwp,paidapp,,JPY,99.00,0.00,99.00,,,2640023,JP
1370763740553789,2015-03-17,1426635297,Charged,SOL25,夜桜　ライブ壁紙,com.quan.lwp.fallingleaveslwp,paidapp,,JPY,99.00,0.00,99.00,,,5710052,JP
1348087295464295,2015-03-18,1426637532,Charged,F02G,夜桜　ライブ壁紙,com.quan.lwp.fallingleaveslwp,paidapp,,JPY,99.00,0.00,99.00,,,133-0063,JP
1374146079720695,2015-03-18,1426641121,Charged,KYY23,夜桜　ライブ壁紙,com.quan.lwp.fallingleaveslwp,paidapp,,JPY,99.00,0.00,99.00,,,6700822,JP
1387904191786139,2015-03-18,1426652372,Charged,SC-04F,夜桜　ライブ壁紙,com.quan.lwp.fallingleaveslwp,paidapp,,JPY,99.00,0.00,99.00,,,377-0027,JP
1376221975915560,2015-03-18,1426663201,Charged,SO-03F,夜桜　ライブ壁紙,com.quan.lwp.fallingleaveslwp,paidapp,,JPY,99.00,0.00,99.00,,,2100813,JP
1320439732137094,2015-03-18,1426668343,Charged,P-02E,夜桜　ライブ壁紙,com.quan.lwp.fallingleaveslwp,paidapp,,JPY,99.00,0.00,99.00,,,195―0074,JP
1349104193755806,2015-03-18,1426673685,Charged,IS12S,夜桜　ライブ壁紙,com.quan.lwp.fallingleaveslwp,paidapp,,JPY,99.00,0.00,99.00,,,387-0021,JP
1371677970434320,2015-03-18,1426680886,Charged,SCL23,夜桜　ライブ壁紙,com.quan.lwp.fallingleaveslwp,paidapp,,JPY,99.00,0.00,99.00,,,0290027,JP
1339728494717143,2015-03-18,1426681549,Charged,F02G,夜桜　ライブ壁紙,com.quan.lwp.fallingleaveslwp,paidapp,,JPY,99.00,0.00,99.00,,,288-0045,JP
1302559422259420,2015-03-18,1426695726,Charged,SOL22,夜桜　ライブ壁紙,com.quan.lwp.fallingleaveslwp,paidapp,,JPY,99.00,0.00,99.00,,,8990215,JP
1356336048119131,2015-03-18,1426695888,Charged,C6833,夜桜　ライブ壁紙,com.quan.lwp.fallingleaveslwp,paidapp,,JPY,99.00,0.00,99.00,板橋区,東京都,1740043,JP
1317159782436087,2015-03-18,1426704358,Charged,P-02E,夜桜　ライブ壁紙,com.quan.lwp.fallingleaveslwp,paidapp,,JPY,99.00,0.00,99.00,,,3360043,JP
1335962966613522,2015-03-18,1426705273,Charged,SH02E,夜桜　ライブ壁紙,com.quan.lwp.fallingleaveslwp,paidapp,,JPY,99.00,0.00,99.00,,,1850013,JP
1314487303532566,2015-03-18,1426708678,Charged,SO-01G,夜桜　ライブ壁紙,com.quan.lwp.fallingleaveslwp,paidapp,,JPY,99.00,0.00,99.00,,,3700602,JP
1387548529116621,2015-03-18,1426711101,Charged,302KC,夜桜　ライブ壁紙,com.quan.lwp.fallingleaveslwp,paidapp,,JPY,99.00,0.00,99.00,,,298-1523,JP
1355281189889908,2015-03-18,1426711294,Charged,SOL26,夜桜　ライブ壁紙,com.quan.lwp.fallingleaveslwp,paidapp,,JPY,99.00,0.00,99.00,,,332-0017,JP
1378505406374373,2015-03-18,1426712523,Charged,FJL22_jp_kdi,夜桜　ライブ壁紙,com.quan.lwp.fallingleaveslwp,paidapp,,JPY,99.00,0.00,99.00,,,541-0043,JP
1358274226165518,2015-03-18,1426715648,Charged,SO-01G,夜桜　ライブ壁紙,com.quan.lwp.fallingleaveslwp,paidapp,,JPY,99.00,0.00,99.00,横浜市保土ヶ谷区宮田町3丁目,神奈川県,240-0002,JP
1314677316280419,2015-03-18,1426722893,Charged,401SO,夜桜　ライブ壁紙,com.quan.lwp.fallingleaveslwp,paidapp,,JPY,99.00,0.00,99.00,,,1400015,JP
1350953485489925,2015-03-19,1426728592,Charged,SBM003SH,夜桜　ライブ壁紙,com.quan.lwp.fallingleaveslwp,paidapp,,JPY,99.00,0.00,99.00,,,0650020,JP
1308349819809826,2015-03-19,1426741513,Charged,g2,夜桜　ライブ壁紙,com.quan.lwp.fallingleaveslwp,paidapp,,JPY,99.00,0.00,99.00,中野区中央3-1-21,Tokyo,164-0011,JP
1301840421833160,2015-03-19,1426745605,Charged,SHL25,夜桜　ライブ壁紙,com.quan.lwp.fallingleaveslwp,paidapp,,JPY,99.00,0.00,99.00,横浜市金沢区並木,神奈川県,2360005,JP
1343603570700725,2015-03-19,1426752036,Charged,SO-01G,夜桜　ライブ壁紙,com.quan.lwp.fallingleaveslwp,paidapp,,JPY,99.00,0.00,99.00,,,285-0854,JP
1306477437251977,2015-03-19,1426764941,Charged,g2,夜桜　ライブ壁紙,com.quan.lwp.fallingleaveslwp,paidapp,,JPY,99.00,0.00,99.00,,,9902447,JP
1354972914099864,2015-03-19,1426768692,Charged,SCL22,夜桜　ライブ壁紙,com.quan.lwp.fallingleaveslwp,paidapp,,JPY,99.00,0.00,99.00,,,337-0008,JP
1349247304803115,2015-03-19,1426770716,Charged,401SO,夜桜　ライブ壁紙,com.quan.lwp.fallingleaveslwp,paidapp,,JPY,99.00,0.00,99.00,,,9392759,JP
1360477260731694,2015-03-19,1426773689,Charged,SG304SH,夜桜　ライブ壁紙,com.quan.lwp.fallingleaveslwp,paidapp,,JPY,99.00,0.00,99.00,,,8113408,JP
1329678971613526,2015-03-19,1426774749,Charged,SC-04E,夜桜　ライブ壁紙,com.quan.lwp.fallingleaveslwp,paidapp,,JPY,99.00,0.00,99.00,,,999-3702,JP
1382784802357070,2015-03-19,1426786989,Charged,SO-01F,夜桜　ライブ壁紙,com.quan.lwp.fallingleaveslwp,paidapp,,JPY,99.00,0.00,99.00,吹田市,大阪府,5650847,JP
1386975440634045,2015-03-19,1426789500,Charged,SG402SH,夜桜　ライブ壁紙,com.quan.lwp.fallingleaveslwp,paidapp,,JPY,99.00,0.00,99.00,,,9398094,JP
1337916741437184,2015-03-19,1426791177,Charged,SC-03D,夜桜　ライブ壁紙,com.quan.lwp.fallingleaveslwp,paidapp,,JPY,99.00,0.00,99.00,,,1870032,JP
1370448806880456,2015-03-19,1426793441,Charged,D6503,夜桜　ライブ壁紙,com.quan.lwp.fallingleaveslwp,paidapp,,JPY,99.00,0.00,99.00,横浜市泉区岡津町,神奈川県,245-0003,JP
1398465858980541,2015-03-19,1426794195,Charged,SOL24,夜桜　ライブ壁紙,com.quan.lwp.fallingleaveslwp,paidapp,,JPY,99.00,0.00,99.00,,,3310823,JP
1365409175999803,2015-03-19,1426795417,Charged,SCL23,夜桜　ライブ壁紙,com.quan.lwp.fallingleaveslwp,paidapp,,JPY,99.00,0.00,99.00,,,0350051,JP
1304884525261125,2015-03-19,1426795687,Charged,SC-02E,夜桜　ライブ壁紙,com.quan.lwp.fallingleaveslwp,paidapp,,JPY,99.00,0.00,99.00,,,889-0621,JP
1326390904621017,2015-03-19,1426802704,Charged,SOL22,夜桜　ライブ壁紙,com.quan.lwp.fallingleaveslwp,paidapp,,JPY,99.00,0.00,99.00,,,2300041,JP
1310420969133863,2015-03-19,1426804518,Charged,SO-01F,夜桜　ライブ壁紙,com.quan.lwp.fallingleaveslwp,paidapp,,JPY,99.00,0.00,99.00,,,311-3822,JP
1394165010708427,2015-03-20,1426812409,Charged,SOL23,夜桜　ライブ壁紙,com.quan.lwp.fallingleaveslwp,paidapp,,JPY,99.00,0.00,99.00,,,192-0375,JP
1306164697706611,2015-03-20,1426830160,Charged,401SO,夜桜　ライブ壁紙,com.quan.lwp.fallingleaveslwp,paidapp,,JPY,99.00,0.00,99.00,名古屋市昭和区広路本町3-8,愛知県,4660841,JP
1335845960265375,2015-03-20,1426842977,Charged,SOL26,夜桜　ライブ壁紙,com.quan.lwp.fallingleaveslwp,paidapp,,JPY,99.00,0.00,99.00,,,3812205,JP
1355381291023593,2015-03-20,1426850131,Charged,SH-04F,夜桜　ライブ壁紙,com.quan.lwp.fallingleaveslwp,paidapp,,JPY,99.00,0.00,99.00,,,2995234,JP
1332399700462330,2015-03-20,1426858587,Charged,SCL24,夜桜　ライブ壁紙,com.quan.lwp.fallingleaveslwp,paidapp,,JPY,99.00,0.00,99.00,,,0550031,JP
1304348426406147,2015-03-20,1426867605,Charged,SO-03F,夜桜　ライブ壁紙,com.quan.lwp.fallingleaveslwp,paidapp,,JPY,99.00,0.00,99.00,,,7450632,JP
1303068698338206,2015-03-20,1426870304,Charged,flo,夜桜　ライブ壁紙,com.quan.lwp.fallingleaveslwp,paidapp,,JPY,99.00,0.00,99.00,,,2400113,JP
1345936423667925,2015-03-20,1426873540,Charged,SG304SH,夜桜　ライブ壁紙,com.quan.lwp.fallingleaveslwp,paidapp,,JPY,99.00,0.00,99.00,,,6512122,JP
1378615778618754,2015-03-20,1426878953,Charged,F02G,夜桜　ライブ壁紙,com.quan.lwp.fallingleaveslwp,paidapp,,JPY,99.00,0.00,99.00,,,9810211,JP
1390666994972830,2015-03-20,1426881835,Charged,kltevzw,Cherry blossom LiveWallpaper,com.quan.lwp.fallingleaveslwp,paidapp,,USD,0.99,0.00,0.99,,,08360,US
1317695721746646,2015-03-20,1426882289,Charged,SH-01G,夜桜　ライブ壁紙,com.quan.lwp.fallingleaveslwp,paidapp,,JPY,99.00,0.00,99.00,,,6101131,JP
1334013537809281,2015-03-21,1426897508,Charged,SH-01G,夜桜　ライブ壁紙,com.quan.lwp.fallingleaveslwp,paidapp,,JPY,99.00,0.00,99.00,高槻市,大阪府,5690854,JP
1312965332488077,2015-03-21,1426911264,Charged,SG304SH,夜桜　ライブ壁紙,com.quan.lwp.fallingleaveslwp,paidapp,,JPY,99.00,0.00,99.00,,,1500036,JP
1361351868210186,2015-03-21,1426916567,Charged,SC-01F,夜桜　ライブ壁紙,com.quan.lwp.fallingleaveslwp,paidapp,,JPY,99.00,0.00,99.00,,,0030028,JP
1326388633568563,2015-03-21,1426922842,Charged,SO-02G,夜桜　ライブ壁紙,com.quan.lwp.fallingleaveslwp,paidapp,,JPY,99.00,0.00,99.00,,,3940031,JP
1320556281806559,2015-03-21,1426923940,Charged,SHL23,夜桜　ライブ壁紙,com.quan.lwp.fallingleaveslwp,paidapp,,JPY,99.00,0.00,99.00,,,4010301,JP
1328973432014685,2015-03-21,1426931222,Charged,SOL23,夜桜　ライブ壁紙,com.quan.lwp.fallingleaveslwp,paidapp,,JPY,99.00,0.00,99.00,,,328-0123,JP
1305262519537073,2015-03-21,1426944055,Charged,F01F,夜桜　ライブ壁紙,com.quan.lwp.fallingleaveslwp,paidapp,,JPY,99.00,0.00,99.00,,,4760011,JP
1353458768956290,2015-03-21,1426953211,Charged,SOL25,夜桜　ライブ壁紙,com.quan.lwp.fallingleaveslwp,paidapp,,JPY,99.00,0.00,99.00,,,3310811,JP
1334305430426191,2015-03-21,1426954094,Charged,SO-02E,夜桜　ライブ壁紙,com.quan.lwp.fallingleaveslwp,paidapp,,JPY,99.00,0.00,99.00,,,3540022,JP
1352116331116245,2015-03-21,1426954114,Charged,x2,夜桜　ライブ壁紙,com.quan.lwp.fallingleaveslwp,paidapp,,JPY,99.00,0.00,99.00,,,4060027,JP
1394059539577842,2015-03-21,1426956032,Charged,SC-04F,夜桜　ライブ壁紙,com.quan.lwp.fallingleaveslwp,paidapp,,JPY,99.00,0.00,99.00,,,5291166,JP
1368495612454406,2015-03-21,1426960416,Charged,SC-03E,夜桜　ライブ壁紙,com.quan.lwp.fallingleaveslwp,paidapp,,JPY,99.00,0.00,99.00,,,0640913,JP
1338457697216464,2015-03-21,1426962407,Charged,SOL23,夜桜　ライブ壁紙,com.quan.lwp.fallingleaveslwp,paidapp,,JPY,99.00,0.00,99.00,,,7370051,JP
1325324176688905,2015-03-21,1426962646,Charged,SOL26,夜桜　ライブ壁紙,com.quan.lwp.fallingleaveslwp,paidapp,,JPY,99.00,0.00,99.00,,,3300075,JP
1371426996252226,2015-03-21,1426968121,Charged,SOL26,夜桜　ライブ壁紙,com.quan.lwp.fallingleaveslwp,paidapp,,JPY,99.00,0.00,99.00,,,2760042,JP
1349764940721072,2015-03-21,1426969815,Charged,F02G,夜桜　ライブ壁紙,com.quan.lwp.fallingleaveslwp,paidapp,,JPY,99.00,0.00,99.00,,,1830005,JP
1313546716273683,2015-03-21,1426971038,Charged,SH04E,夜桜　ライブ壁紙,com.quan.lwp.fallingleaveslwp,paidapp,,JPY,99.00,0.00,99.00,,,372-0031,JP
1343242027661062,2015-03-21,1426973914,Charged,SOL26,夜桜　ライブ壁紙,com.quan.lwp.fallingleaveslwp,paidapp,,JPY,99.00,0.00,99.00,,,274-0823,JP
1305242711835490,2015-03-21,1426975173,Charged,SC-02G,夜桜　ライブ壁紙,com.quan.lwp.fallingleaveslwp,paidapp,,JPY,99.00,0.00,99.00,,,1980052,JP
1312467574248081,2015-03-21,1426975916,Charged,SH01EVW,夜桜　ライブ壁紙,com.quan.lwp.fallingleaveslwp,paidapp,,JPY,99.00,0.00,99.00,,,6100352,JP
1346473997858499,2015-03-22,1426991413,Charged,SGP612,夜桜　ライブ壁紙,com.quan.lwp.fallingleaveslwp,paidapp,,JPY,99.00,0.00,99.00,裾野市佐野,静岡県,4101118,JP
1315403177834880,2015-03-22,1426995406,Charged,tblte,Cherry blossom LiveWallpaper,com.quan.lwp.fallingleaveslwp,paidapp,,ZAR,10.48,0.00,10.48,Johannesburg ,,2007,ZA
1370878765553629,2015-03-22,1426997903,Charged,KYY24,夜桜　ライブ壁紙,com.quan.lwp.fallingleaveslwp,paidapp,,JPY,99.00,0.00,99.00,長門市,山口県,759-4101,JP
1330446319328522,2015-03-22,1427000199,Charged,SC-04E,夜桜　ライブ壁紙,com.quan.lwp.fallingleaveslwp,paidapp,,JPY,99.00,0.00,99.00,,,6408314,JP
1371274043622882,2015-03-22,1427000684,Charged,SH-01G,夜桜　ライブ壁紙,com.quan.lwp.fallingleaveslwp,paidapp,,JPY,99.00,0.00,99.00,,,3300061,JP
1315357366009207,2015-03-22,1427001186,Charged,quark,Cherry blossom LiveWallpaper,com.quan.lwp.fallingleaveslwp,paidapp,,USD,0.99,0.00,0.99,,,08070,US
1306162598528370,2015-03-22,1427002016,Charged,SO-01G,夜桜　ライブ壁紙,com.quan.lwp.fallingleaveslwp,paidapp,,JPY,99.00,0.00,99.00,,,2780051,JP
1361097153721314,2015-03-22,1427014144,Charged,SOL24,夜桜　ライブ壁紙,com.quan.lwp.fallingleaveslwp,paidapp,,JPY,99.00,0.00,99.00,,,3810101,JP
1366535563995744,2015-03-22,1427024191,Charged,SHL25,夜桜　ライブ壁紙,com.quan.lwp.fallingleaveslwp,paidapp,,JPY,99.00,0.00,99.00,三重郡朝日町柿,三重県,5108103,JP
1309062326951883,2015-03-22,1427026217,Charged,SO-04E,夜桜　ライブ壁紙,com.quan.lwp.fallingleaveslwp,paidapp,,JPY,99.00,0.00,99.00,,,1210061,JP
1361367906121113,2015-03-22,1427035520,Charged,FJL21,夜桜　ライブ壁紙,com.quan.lwp.fallingleaveslwp,paidapp,,JPY,99.00,0.00,99.00,,,1330061,JP
1377269480131321,2015-03-22,1427037047,Charged,SO-01F,夜桜　ライブ壁紙,com.quan.lwp.fallingleaveslwp,paidapp,,JPY,99.00,0.00,99.00,,,3370015,JP
1392328958970032,2015-03-22,1427037617,Charged,SOL25,夜桜　ライブ壁紙,com.quan.lwp.fallingleaveslwp,paidapp,,JPY,99.00,0.00,99.00,,,716-0033,JP
1341886140155180,2015-03-22,1427037904,Charged,SH-06E,夜桜　ライブ壁紙,com.quan.lwp.fallingleaveslwp,paidapp,,JPY,99.00,0.00,99.00,取手市,茨城県,302-0012,JP
1383134152854054,2015-03-22,1427040005,Charged,SHL23,夜桜　ライブ壁紙,com.quan.lwp.fallingleaveslwp,paidapp,,JPY,99.00,0.00,99.00,,,9811505,JP
1331052027447860,2015-03-22,1427043745,Charged,F05F,夜桜　ライブ壁紙,com.quan.lwp.fallingleaveslwp,paidapp,,JPY,99.00,0.00,99.00,,,2400005,JP
1311613254012395,2015-03-22,1427045033,Charged,SC-04E,夜桜　ライブ壁紙,com.quan.lwp.fallingleaveslwp,paidapp,,JPY,99.00,0.00,99.00,,,2591205,JP
1306139696377430,2015-03-22,1427048596,Charged,g3,夜桜　ライブ壁紙,com.quan.lwp.fallingleaveslwp,paidapp,,JPY,99.00,0.00,99.00,鹿沼市千渡,栃木県,3220002,JP
1337345956754593,2015-03-22,1427054742,Charged,SHL22,夜桜　ライブ壁紙,com.quan.lwp.fallingleaveslwp,paidapp,,JPY,99.00,0.00,99.00,,,5150042,JP
1326076942827048,2015-03-22,1427062317,Charged,401SO,夜桜　ライブ壁紙,com.quan.lwp.fallingleaveslwp,paidapp,,JPY,99.00,0.00,99.00,,,4530862,JP
1375919781026661,2015-03-23,1427076405,Charged,SOL23,夜桜　ライブ壁紙,com.quan.lwp.fallingleaveslwp,paidapp,,JPY,99.00,0.00,99.00,,,7808075,JP
1363223949636481,2015-03-23,1427084255,Charged,L05E,夜桜　ライブ壁紙,com.quan.lwp.fallingleaveslwp,paidapp,,JPY,99.00,0.00,99.00,,,2760044,JP
1324952847937576,2015-03-23,1427099245,Charged,chagallwifi,Crystal 5 units,com.dhearts.monter,inapp,tier_5,EUR,3.07,0.64,3.71,Bruxelles,,1160,BE
1334293925157322,2015-03-23,1427099663,Charged,SOL23,夜桜　ライブ壁紙,com.quan.lwp.fallingleaveslwp,paidapp,,JPY,99.00,0.00,99.00,,,975-0033,JP
1373008683122777,2015-03-23,1427107822,Charged,jfltevzw,Cherry blossom LiveWallpaper,com.quan.lwp.fallingleaveslwp,paidapp,,USD,0.99,0.00,0.99,,,72034,US
1354858702871204,2015-03-23,1427118614,Charged,SO-03F,夜桜　ライブ壁紙,com.quan.lwp.fallingleaveslwp,paidapp,,JPY,99.00,0.00,99.00,,,157-0061,JP
1373483022848321,2015-03-23,1427130215,Charged,SC-04F,夜桜　ライブ壁紙,com.quan.lwp.fallingleaveslwp,paidapp,,JPY,99.00,0.00,99.00,,,8110201,JP
1393833260317270,2015-03-23,1427133677,Charged,SCL24,夜桜　ライブ壁紙,com.quan.lwp.fallingleaveslwp,paidapp,,JPY,99.00,0.00,99.00,,,9637813,JP
1313242438009517,2015-03-23,1427135958,Charged,SO-02G,夜桜　ライブ壁紙,com.quan.lwp.fallingleaveslwp,paidapp,,JPY,99.00,0.00,99.00,文京区,東京都,1130034,JP
1335320895652376,2015-03-23,1427141311,Charged,SO-01G,夜桜　ライブ壁紙,com.quan.lwp.fallingleaveslwp,paidapp,,JPY,99.00,0.00,99.00,,,5940004,JP
1397285763434850,2015-03-23,1427145677,Charged,D5803,夜桜　ライブ壁紙,com.quan.lwp.fallingleaveslwp,paidapp,,JPY,99.00,0.00,99.00,,,9230965,JP
1327363005128788,2015-03-23,1427148440,Charged,SO-01G,夜桜　ライブ壁紙,com.quan.lwp.fallingleaveslwp,paidapp,,JPY,99.00,0.00,99.00,,,277-0074,JP
1369825400274247,2015-03-23,1427149792,Charged,SC-01G,Cherry blossom LiveWallpaper,com.quan.lwp.fallingleaveslwp,paidapp,,JPY,99.00,0.00,99.00,,,379-1306,JP
1369633339663916,2015-03-23,1427154180,Charged,SO-04E,夜桜　ライブ壁紙,com.quan.lwp.fallingleaveslwp,paidapp,,JPY,99.00,0.00,99.00,,,3001234,JP
1342018748043093,2015-03-24,1427157295,Charged,SBM203SH,夜桜　ライブ壁紙,com.quan.lwp.fallingleaveslwp,paidapp,,JPY,99.00,0.00,99.00,,,176-0002,JP
1301003319503862,2015-03-24,1427183487,Charged,SCL22,夜桜　ライブ壁紙,com.quan.lwp.fallingleaveslwp,paidapp,,JPY,99.00,0.00,99.00,,,4580822,JP
1327548718629919,2015-03-24,1427186926,Charged,SO-01G,夜桜　ライブ壁紙,com.quan.lwp.fallingleaveslwp,paidapp,,JPY,99.00,0.00,99.00,,,6018183,JP
1392577813871390,2015-03-24,1427199652,Charged,SO-04E,夜桜　ライブ壁紙,com.quan.lwp.fallingleaveslwp,paidapp,,JPY,99.00,0.00,99.00,,,2993232,JP
1348224519966387,2015-03-24,1427219965,Charged,SHL21,夜桜　ライブ壁紙,com.quan.lwp.fallingleaveslwp,paidapp,,JPY,99.00,0.00,99.00,,,0492322,JP
1381179757373852,2015-03-24,1427221256,Charged,KYL21,夜桜　ライブ壁紙,com.quan.lwp.fallingleaveslwp,paidapp,,JPY,99.00,0.00,99.00,,,8120888,JP
1344666098278733,2015-03-24,1427223850,Charged,SOL26,夜桜　ライブ壁紙,com.quan.lwp.fallingleaveslwp,paidapp,,JPY,99.00,0.00,99.00,,,7580057,JP
1349345466502888,2015-03-24,1427225703,Charged,SH01E,夜桜　ライブ壁紙,com.quan.lwp.fallingleaveslwp,paidapp,,JPY,99.00,0.00,99.00,,,208-0001,JP
1391843808375243,2015-03-24,1427227929,Charged,F05F,夜桜　ライブ壁紙,com.quan.lwp.fallingleaveslwp,paidapp,,JPY,99.00,0.00,99.00,,,4860904,JP
1355632974872368,2015-03-24,1427230940,Charged,SO-03F,夜桜　ライブ壁紙,com.quan.lwp.fallingleaveslwp,paidapp,,JPY,99.00,0.00,99.00,,,646-0021,JP
1329751167390917,2015-03-24,1427231365,Charged,SO-01F,夜桜　ライブ壁紙,com.quan.lwp.fallingleaveslwp,paidapp,,JPY,99.00,0.00,99.00,,,956-0852,JP
1399234259301819,2015-03-24,1427232208,Charged,SO-03F,夜桜　ライブ壁紙,com.quan.lwp.fallingleaveslwp,paidapp,,JPY,99.00,0.00,99.00,,,0200024,JP
1327998793260661,2015-03-24,1427235078,Charged,d2dcm,夜桜　ライブ壁紙,com.quan.lwp.fallingleaveslwp,paidapp,,JPY,99.00,0.00,99.00,,,020-0863,JP
1314036903800850,2015-03-25,1427256331,Charged,chagallwifi,Stamina potion,com.dhearts.monter,inapp,sp_potion,EUR,0.61,0.13,0.74,Bruxelles,,1160,BE
1361908840022692,2015-03-25,1427257967,Charged,tiger6,夜桜　ライブ壁紙,com.quan.lwp.fallingleaveslwp,paidapp,,KRW,"1,145.00",0.00,"1,145.00",천안시,충청남도,331-748,KR
1334795449957467,2015-03-25,1427268857,Charged,SC-03E,夜桜　ライブ壁紙,com.quan.lwp.fallingleaveslwp,paidapp,,JPY,99.00,0.00,99.00,,,533-0003,JP
1355115790722110,2015-03-25,1427272452,Charged,FJI13,夜桜　ライブ壁紙,com.quan.lwp.fallingleaveslwp,paidapp,,JPY,99.00,0.00,99.00,,,0383661,JP
1367398049386431,2015-03-25,1427273340,Charged,SC-01G,夜桜　ライブ壁紙,com.quan.lwp.fallingleaveslwp,paidapp,,JPY,99.00,0.00,99.00,,,9814262,JP
1366627305784158,2015-03-25,1427281192,Charged,SOL25,夜桜　ライブ壁紙,com.quan.lwp.fallingleaveslwp,paidapp,,JPY,99.00,0.00,99.00,,,0420915,JP
1306022013504543,2015-03-25,1427296865,Charged,K015,夜桜　ライブ壁紙,com.quan.lwp.fallingleaveslwp,paidapp,,JPY,99.00,0.00,99.00,,,2230062,JP
1303814329332307,2015-03-25,1427303264,Charged,SH02E,夜桜　ライブ壁紙,com.quan.lwp.fallingleaveslwp,paidapp,,JPY,99.00,0.00,99.00,,,2891306,JP
1351372769317375,2015-03-25,1427311161,Charged,hammerhead,夜桜　ライブ壁紙,com.quan.lwp.fallingleaveslwp,paidapp,,JPY,99.00,0.00,99.00,,,8400801,JP
1315787306142979,2015-03-25,1427314380,Charged,SHL25,夜桜　ライブ壁紙,com.quan.lwp.fallingleaveslwp,paidapp,,JPY,99.00,0.00,99.00,,,144-0035,JP
1330296566825152,2015-03-25,1427318682,Charged,SC-01F,夜桜　ライブ壁紙,com.quan.lwp.fallingleaveslwp,paidapp,,JPY,99.00,0.00,99.00,,,7918067,JP
1364130597482863,2015-03-25,1427323021,Charged,w5,Cherry blossom LiveWallpaper,com.quan.lwp.fallingleaveslwp,paidapp,,ZAR,10.48,0.00,10.48,Malmesbury,,7300,ZA
1389224966195544,2015-03-25,1427327193,Charged,nuclear-evb,Stamina potion,com.dhearts.monter,inapp,sp_potion,EUR,0.61,0.13,0.74,bisignano,CS,87043,IT
1380725160798959,2015-03-26,1427331296,Charged,nuclear-evb,Crystal 5 units,com.dhearts.monter,inapp,tier_5,EUR,3.04,0.67,3.71,bisignano,CS,87043,IT
1329193174463918,2015-03-26,1427333906,Charged,SO-01F,夜桜　ライブ壁紙,com.quan.lwp.fallingleaveslwp,paidapp,,JPY,99.00,0.00,99.00,,,940-0856,JP
1326794372748234,2015-03-26,1427370942,Charged,401SO,夜桜　ライブ壁紙,com.quan.lwp.fallingleaveslwp,paidapp,,JPY,99.00,0.00,99.00,,,0287912,JP
1345453178897537,2015-03-26,1427371182,Charged,KYY24,夜桜　ライブ壁紙,com.quan.lwp.fallingleaveslwp,paidapp,,JPY,99.00,0.00,99.00,,,4901211,JP
1395509455026024,2015-03-26,1427389395,Charged,ASUS_T00P,夜桜　ライブ壁紙,com.quan.lwp.fallingleaveslwp,paidapp,,JPY,99.00,0.00,99.00,,,259-0123,JP
1351826092139478,2015-03-26,1427398912,Charged,SH-01G,夜桜　ライブ壁紙,com.quan.lwp.fallingleaveslwp,paidapp,,JPY,99.00,0.00,99.00,,,2520804,JP
1338042353005018,2015-03-26,1427399697,Charged,SOL26,夜桜　ライブ壁紙,com.quan.lwp.fallingleaveslwp,paidapp,,JPY,99.00,0.00,99.00,神奈川県秦野市千村,神奈川県,259-1324,JP
1309513020699814,2015-03-26,1427402053,Charged,SO-02G,夜桜　ライブ壁紙,com.quan.lwp.fallingleaveslwp,paidapp,,JPY,99.00,0.00,99.00,,,3800802,JP
1397254076409331,2015-03-26,1427404417,Charged,m7wlj,夜桜　ライブ壁紙,com.quan.lwp.fallingleaveslwp,paidapp,,JPY,99.00,0.00,99.00,,,370-3524,JP
1399979644542973,2015-03-26,1427405152,Charged,q5001,夜桜　ライブ壁紙,com.quan.lwp.fallingleaveslwp,paidapp,,JPY,99.00,0.00,99.00,,,101-0031,JP
1335042224390425,2015-03-26,1427406201,Charged,SG305SH,夜桜　ライブ壁紙,com.quan.lwp.fallingleaveslwp,paidapp,,JPY,99.00,0.00,99.00,,,970-8035,JP
1340624655212271,2015-03-26,1427407294,Charged,SCL24,夜桜　ライブ壁紙,com.quan.lwp.fallingleaveslwp,paidapp,,JPY,99.00,0.00,99.00,,,9895611,JP
1342133974152260,2015-03-26,1427408940,Charged,SOL24,夜桜　ライブ壁紙,com.quan.lwp.fallingleaveslwp,paidapp,,JPY,99.00,0.00,99.00,,,358-0003,JP
1319909583675927,2015-03-26,1427410692,Charged,KYL21,夜桜　ライブ壁紙,com.quan.lwp.fallingleaveslwp,paidapp,,JPY,99.00,0.00,99.00,,,3620806,JP
1310396204707382,2015-03-27,1427426611,Charged,hwmt7,夜桜　ライブ壁紙,com.quan.lwp.fallingleaveslwp,paidapp,,JPY,99.00,0.00,99.00,横浜市,KANAGAWA,244-0816,JP
1373889544755812,2015-03-27,1427433312,Charged,SO-01G,夜桜　ライブ壁紙,com.quan.lwp.fallingleaveslwp,paidapp,,JPY,99.00,0.00,99.00,,,889-2514,JP
1387065715176291,2015-03-27,1427440164,Charged,SG305SH,夜桜　ライブ壁紙,com.quan.lwp.fallingleaveslwp,paidapp,,JPY,99.00,0.00,99.00,,,330-0043,JP
1325058393313079,2015-03-27,1427444954,Charged,KYY21,夜桜　ライブ壁紙,com.quan.lwp.fallingleaveslwp,paidapp,,JPY,99.00,0.00,99.00,,,3400811,JP
1332510012345639,2015-03-27,1427445423,Charged,SBM205SH,夜桜　ライブ壁紙,com.quan.lwp.fallingleaveslwp,paidapp,,JPY,99.00,0.00,99.00,,,2900034,JP
1358767060196245,2015-03-27,1427449156,Charged,SOL23,夜桜　ライブ壁紙,com.quan.lwp.fallingleaveslwp,paidapp,,JPY,99.00,0.00,99.00,,,0185334,JP
1362878739283626,2015-03-27,1427456490,Charged,SO-01G,夜桜　ライブ壁紙,com.quan.lwp.fallingleaveslwp,paidapp,,JPY,99.00,0.00,99.00,,,332-0002,JP
1333387873309414,2015-03-27,1427460108,Charged,z4u,Crystal 10 units,com.dhearts.monter,inapp,tier_10,GBP,5.04,1.01,6.05,Grimsby,North East Lincolnshire,DN32 9LB,GB
1342794987247335,2015-03-27,1427463244,Charged,SH04E,夜桜　ライブ壁紙,com.quan.lwp.fallingleaveslwp,paidapp,,JPY,99.00,0.00,99.00,,,107‐0062,JP
1371320961869510,2015-03-27,1427464233,Charged,F01F,夜桜　ライブ壁紙,com.quan.lwp.fallingleaveslwp,paidapp,,JPY,99.00,0.00,99.00,,,8380101,JP
1342450059511796,2015-03-27,1427475354,Charged,SBM303SH,夜桜　ライブ壁紙,com.quan.lwp.fallingleaveslwp,paidapp,,JPY,99.00,0.00,99.00,三郷市戸ヶ崎,埼玉県,3410044,JP
1310894532954510,2015-03-27,1427476491,Charged,SO-02E,夜桜　ライブ壁紙,com.quan.lwp.fallingleaveslwp,paidapp,,JPY,99.00,0.00,99.00,,,5014608,JP
1319357583787657,2015-03-27,1427484423,Charged,icx1237,夜桜　ライブ壁紙,com.quan.lwp.fallingleaveslwp,paidapp,,JPY,99.00,0.00,99.00,,,9708024,JP
1328546882435890,2015-03-27,1427484486,Charged,F02G,夜桜　ライブ壁紙,com.quan.lwp.fallingleaveslwp,paidapp,,JPY,99.00,0.00,99.00,,,9110812,JP
1330262663153366,2015-03-27,1427494495,Charged,SOL25,夜桜　ライブ壁紙,com.quan.lwp.fallingleaveslwp,paidapp,,JPY,99.00,0.00,99.00,,,9830036,JP
1330079915887933,2015-03-28,1427505832,Charged,SO-02G,夜桜　ライブ壁紙,com.quan.lwp.fallingleaveslwp,paidapp,,JPY,99.00,0.00,99.00,,,260-0007,JP
1369465890436317,2015-03-28,1427523721,Charged,klte,Cherry blossom LiveWallpaper,com.quan.lwp.fallingleaveslwp,paidapp,,EUR,0.67,0.14,0.81,Vlaardingen,,3131 JP,NL
1398077015215287,2015-03-28,1427525210,Charged,SO-01G,夜桜　ライブ壁紙,com.quan.lwp.fallingleaveslwp,paidapp,,JPY,99.00,0.00,99.00,,,981-2102,JP
1374814727515255,2015-03-28,1427532093,Charged,SC-04F,夜桜　ライブ壁紙,com.quan.lwp.fallingleaveslwp,paidapp,,JPY,99.00,0.00,99.00,,,8220031,JP
1333699539715639,2015-03-28,1427539580,Charged,SO-04F,夜桜　ライブ壁紙,com.quan.lwp.fallingleaveslwp,paidapp,,JPY,99.00,0.00,99.00,,,3490133,JP
1322443969545024,2015-03-28,1427551573,Charged,401SO,夜桜　ライブ壁紙,com.quan.lwp.fallingleaveslwp,paidapp,,JPY,99.00,0.00,99.00,,,252-1105,JP
1309984928409478,2015-03-28,1427559023,Charged,SOL26,夜桜　ライブ壁紙,com.quan.lwp.fallingleaveslwp,paidapp,,JPY,99.00,0.00,99.00,,,916-0027,JP
1385456732641018,2015-03-28,1427559895,Charged,F01F,夜桜　ライブ壁紙,com.quan.lwp.fallingleaveslwp,paidapp,,JPY,99.00,0.00,99.00,,,2730048,JP
1334679274068975,2015-03-28,1427566427,Charged,F01F,夜桜　ライブ壁紙,com.quan.lwp.fallingleaveslwp,paidapp,,JPY,99.00,0.00,99.00,,,7650032,JP
1354991963530473,2015-03-28,1427569049,Charged,SH02E,夜桜　ライブ壁紙,com.quan.lwp.fallingleaveslwp,paidapp,,JPY,99.00,0.00,99.00,,,3400012,JP
1377612642754448,2015-03-28,1427569636,Charged,SH-01G,夜桜　ライブ壁紙,com.quan.lwp.fallingleaveslwp,paidapp,,JPY,99.00,0.00,99.00,,,506-0818,JP
1301791430215121,2015-03-28,1427572075,Charged,SO-02E,夜桜　ライブ壁紙,com.quan.lwp.fallingleaveslwp,paidapp,,JPY,99.00,0.00,99.00,,,2150036,JP
1361580719524978,2015-03-28,1427577740,Charged,SO-02G,夜桜　ライブ壁紙,com.quan.lwp.fallingleaveslwp,paidapp,,JPY,99.00,0.00,99.00,,,187-0003,JP
1331849497535764,2015-03-28,1427582152,Charged,SC-02G,夜桜　ライブ壁紙,com.quan.lwp.fallingleaveslwp,paidapp,,JPY,99.00,0.00,99.00,,,234-0051,JP
1306809726676943,2015-03-29,1427590556,Charged,SH07D,夜桜　ライブ壁紙,com.quan.lwp.fallingleaveslwp,paidapp,,JPY,99.00,0.00,99.00,,,2780001,JP
1375836761888059,2015-03-29,1427590890,Charged,SOL23,夜桜　ライブ壁紙,com.quan.lwp.fallingleaveslwp,paidapp,,JPY,99.00,0.00,99.00,三方郡美浜町佐田,福井県,919-1205,JP
1396126609149426,2015-03-29,1427601524,Charged,g2,夜桜　ライブ壁紙,com.quan.lwp.fallingleaveslwp,paidapp,,JPY,99.00,0.00,99.00,,,252-0206,JP
1389354598362418,2015-03-29,1427610867,Charged,SHL23,夜桜　ライブ壁紙,com.quan.lwp.fallingleaveslwp,paidapp,,JPY,99.00,0.00,99.00,,,6638184,JP
1355656119554289,2015-03-29,1427612183,Charged,SO-01F,夜桜　ライブ壁紙,com.quan.lwp.fallingleaveslwp,paidapp,,JPY,99.00,0.00,99.00,,,226-0025,JP
1367560404578921,2015-03-29,1427619225,Charged,SC-01F,夜桜　ライブ壁紙,com.quan.lwp.fallingleaveslwp,paidapp,,JPY,99.00,0.00,99.00,,,8611102,JP
1322344575860256,2015-03-29,1427625700,Charged,N-06E,夜桜　ライブ壁紙,com.quan.lwp.fallingleaveslwp,paidapp,,JPY,99.00,0.00,99.00,,,1660001,JP
1383897413546256,2015-03-29,1427629346,Charged,SO-01G,夜桜　ライブ壁紙,com.quan.lwp.fallingleaveslwp,paidapp,,JPY,99.00,0.00,99.00,市川市中国分,千葉県,2720835,JP
1317809309739792,2015-03-29,1427630047,Charged,SBM203SH,夜桜　ライブ壁紙,com.quan.lwp.fallingleaveslwp,paidapp,,JPY,99.00,0.00,99.00,,,4430022,JP
1360068246680415,2015-03-29,1427632064,Charged,P-03E,夜桜　ライブ壁紙,com.quan.lwp.fallingleaveslwp,paidapp,,JPY,99.00,0.00,99.00,,,2610026,JP
1338814179010945,2015-03-29,1427632135,Charged,SC-02F,夜桜　ライブ壁紙,com.quan.lwp.fallingleaveslwp,paidapp,,JPY,99.00,0.00,99.00,,,6360301,JP
1310554136107679,2015-03-29,1427634009,Charged,SO-01G,夜桜　ライブ壁紙,com.quan.lwp.fallingleaveslwp,paidapp,,JPY,99.00,0.00,99.00,,,245-0016,JP
1323606207595536,2015-03-29,1427636058,Charged,SC-03E,夜桜　ライブ壁紙,com.quan.lwp.fallingleaveslwp,paidapp,,JPY,99.00,0.00,99.00,,,438-0002,JP
1398138013972996,2015-03-29,1427636441,Charged,icx1237,夜桜　ライブ壁紙,com.quan.lwp.fallingleaveslwp,paidapp,,JPY,99.00,0.00,99.00,,,140-0014,JP
1305634807546732,2015-03-29,1427638533,Charged,SO-02F,夜桜　ライブ壁紙,com.quan.lwp.fallingleaveslwp,paidapp,,JPY,99.00,0.00,99.00,,,2330003,JP
1377996627315053,2015-03-29,1427641599,Charged,SBM303SH,夜桜　ライブ壁紙,com.quan.lwp.fallingleaveslwp,paidapp,,JPY,99.00,0.00,99.00,,,344-0115,JP
1363236544382984,2015-03-29,1427658659,Charged,F05F,夜桜　ライブ壁紙,com.quan.lwp.fallingleaveslwp,paidapp,,JPY,99.00,0.00,99.00,,,0560024,JP
1384997408808884,2015-03-29,1427661021,Charged,401SO,夜桜　ライブ壁紙,com.quan.lwp.fallingleaveslwp,paidapp,,JPY,99.00,0.00,99.00,,,4400004,JP
1367266688291226,2015-03-29,1427666787,Charged,ASUS_T00P,夜桜　ライブ壁紙,com.quan.lwp.fallingleaveslwp,paidapp,,JPY,99.00,0.00,99.00,,,2591201,JP
1375922408774040,2015-03-29,1427667069,Charged,g2,夜桜　ライブ壁紙,com.quan.lwp.fallingleaveslwp,paidapp,,JPY,99.00,0.00,99.00,,,7340011,JP
1321715544650059,2015-03-29,1427669401,Charged,SC-03E,夜桜　ライブ壁紙,com.quan.lwp.fallingleaveslwp,paidapp,,JPY,99.00,0.00,99.00,,,194-0038,JP
1382520481613220,2015-03-29,1427670230,Charged,SO-01G,夜桜　ライブ壁紙,com.quan.lwp.fallingleaveslwp,paidapp,,JPY,99.00,0.00,99.00,,,031―0816,JP
1327124290809122,2015-03-30,1427684897,Charged,D6503,夜桜　ライブ壁紙,com.quan.lwp.fallingleaveslwp,paidapp,,TWD,30.00,0.00,30.00,,,220,TW
1371311543026975,2015-03-30,1427688353,Charged,SG305SH,夜桜　ライブ壁紙,com.quan.lwp.fallingleaveslwp,paidapp,,JPY,99.00,0.00,99.00,,,862-4950,JP
1301084904277279,2015-03-30,1427688762,Charged,SG305SH,夜桜　ライブ壁紙,com.quan.lwp.fallingleaveslwp,paidapp,,JPY,99.00,0.00,99.00,,,596-0813,JP
1377463593923340,2015-03-30,1427694448,Charged,SO-01F,夜桜　ライブ壁紙,com.quan.lwp.fallingleaveslwp,paidapp,,JPY,99.00,0.00,99.00,,,773-0023,JP
1392716144339116,2015-03-30,1427697833,Charged,F01F,夜桜　ライブ壁紙,com.quan.lwp.fallingleaveslwp,paidapp,,JPY,99.00,0.00,99.00,,,412-0028,JP
1385430662660418,2015-03-30,1427702625,Charged,SO-02G,夜桜　ライブ壁紙,com.quan.lwp.fallingleaveslwp,paidapp,,JPY,99.00,0.00,99.00,,,8513506,JP
1379979614740067,2015-03-30,1427721930,Charged,ht7s3,Crystal 1 units,com.dhearts.monter,inapp,tier_1,GBP,0.52,0.10,0.62,Crook,,DL15 9PL,GB
1313939732786844,2015-03-30,1427726453,Charged,SO-01G,夜桜　ライブ壁紙,com.quan.lwp.fallingleaveslwp,paidapp,,JPY,99.00,0.00,99.00,,,7220025,JP
1365254773312664,2015-03-30,1427727362,Charged,dlxj,夜桜　ライブ壁紙,com.quan.lwp.fallingleaveslwp,paidapp,,JPY,99.00,0.00,99.00,,,5670827,JP
1301571223250246,2015-03-30,1427728727,Charged,SH-01G,夜桜　ライブ壁紙,com.quan.lwp.fallingleaveslwp,paidapp,,JPY,99.00,0.00,99.00,,,0368196,JP
1344167501401018,2015-03-30,1427731323,Charged,SO-01F,夜桜　ライブ壁紙,com.quan.lwp.fallingleaveslwp,paidapp,,JPY,99.00,0.00,99.00,,,7010104,JP
1333422318767010,2015-03-30,1427734805,Charged,SH-01G,夜桜　ライブ壁紙,com.quan.lwp.fallingleaveslwp,paidapp,,JPY,99.00,0.00,99.00,,,3861321,JP
1310384574842725,2015-03-30,1427740725,Charged,SO-02G,夜桜　ライブ壁紙,com.quan.lwp.fallingleaveslwp,paidapp,,JPY,99.00,0.00,99.00,,,0295621,JP
1319553312362354,2015-03-30,1427742623,Charged,P-02E,夜桜　ライブ壁紙,com.quan.lwp.fallingleaveslwp,paidapp,,JPY,99.00,0.00,99.00,,,8140161,JP
1324196427466529,2015-03-30,1427743134,Charged,SO-01G,夜桜　ライブ壁紙,com.quan.lwp.fallingleaveslwp,paidapp,,JPY,99.00,0.00,99.00,仙台市泉区,宮城県,981-3134,JP
1359425970822719,2015-03-30,1427744535,Charged,fairfax,夜桜　ライブ壁紙,com.quan.lwp.fallingleaveslwp,paidapp,,JPY,99.00,0.00,99.00,,,2360045,JP
1324022211288263,2015-03-30,1427758747,Charged,SO-01G,夜桜　ライブ壁紙,com.quan.lwp.fallingleaveslwp,paidapp,,JPY,99.00,0.00,99.00,,,9900032,JP
