Description,Transaction Date,Transaction Time,Tax Type,Transaction Type,Refund Type,Product Title,Product id,Product Type,Sku Id,Hardware,Buyer Country,Buyer State,Buyer Postal Code,Buyer Currency,Amount (Buyer Currency),Currency Conversion Rate,Merchant Currency,Amount (Merchant Currency)
1356501325554008,"Jun 1, 2015",12:49:31 AM PDT,,Google fee,,夜桜　ライブ壁紙,com.quan.lwp.fallingleaveslwp,0,,SBM303SH,JP,,187-0022,JPY,-30,1.000000,JPY,-30
1356501325554008,"Jun 1, 2015",12:49:31 AM PDT,,Charge,,夜桜　ライブ壁紙,com.quan.lwp.fallingleaveslwp,0,,SBM303SH,JP,,187-0022,JPY,99,1.000000,JPY,99
1319308504547486,"Jun 1, 2015",9:56:13 AM PDT,,Google fee,,夜桜　ライブ壁紙,com.quan.lwp.fallingleaveslwp,0,,SOL23,JP,和歌山県,649-7201,JPY,-30,1.000000,JPY,-30
1319308504547486,"Jun 1, 2015",9:56:13 AM PDT,,Charge,,夜桜　ライブ壁紙,com.quan.lwp.fallingleaveslwp,0,,SOL23,JP,和歌山県,649-7201,JPY,99,1.000000,JPY,99
1370451799077231,"Jun 1, 2015",1:02:03 PM PDT,,Google fee,,夜桜　ライブ壁紙,com.quan.lwp.fallingleaveslwp,0,,SH-02G,JP,,509-6472,JPY,-30,1.000000,JPY,-30
1370451799077231,"Jun 1, 2015",1:02:03 PM PDT,,Charge,,夜桜　ライブ壁紙,com.quan.lwp.fallingleaveslwp,0,,SH-02G,JP,,509-6472,JPY,99,1.000000,JPY,99
1360401881508466,"Jun 1, 2015",3:36:05 PM PDT,,Google fee,,夜桜　ライブ壁紙,com.quan.lwp.fallingleaveslwp,0,,Z008_1,TW,,242,TWD,-9.00,4.041700,JPY,-36
1360401881508466,"Jun 1, 2015",3:36:05 PM PDT,,Charge,,夜桜　ライブ壁紙,com.quan.lwp.fallingleaveslwp,0,,Z008_1,TW,,242,TWD,30.00,4.041700,JPY,121
1326439228380526,"Jun 2, 2015",1:19:48 AM PDT,,Google fee,,Crystal 5 units,com.dhearts.monter,1,tier_5,kltetmo,US,AL,36368,USD,-1.50,124.540000,JPY,-187
1326439228380526,"Jun 2, 2015",1:19:48 AM PDT,,Charge,,Crystal 5 units,com.dhearts.monter,1,tier_5,kltetmo,US,AL,36368,USD,4.99,124.540000,JPY,621
1312443850820350,"Jun 2, 2015",1:01:57 PM PDT,,Google fee,,夜桜　ライブ壁紙,com.quan.lwp.fallingleaveslwp,0,,SO-04E,JP,,2591103,JPY,-30,1.000000,JPY,-30
1312443850820350,"Jun 2, 2015",1:01:57 PM PDT,,Charge,,夜桜　ライブ壁紙,com.quan.lwp.fallingleaveslwp,0,,SO-04E,JP,,2591103,JPY,99,1.000000,JPY,99
1352096863579289,"Jun 2, 2015",4:07:33 PM PDT,,Google fee,,夜桜　ライブ壁紙,com.quan.lwp.fallingleaveslwp,0,,D6653,TW,,824,TWD,-9.00,4.031800,JPY,-36
1352096863579289,"Jun 2, 2015",4:07:33 PM PDT,,Charge,,夜桜　ライブ壁紙,com.quan.lwp.fallingleaveslwp,0,,D6653,TW,,824,TWD,30.00,4.031800,JPY,121
1311672091732842,"Jun 2, 2015",8:04:48 PM PDT,,Google fee,,夜桜　ライブ壁紙,com.quan.lwp.fallingleaveslwp,0,,401SO,JP,,0791143,JPY,-30,1.000000,JPY,-30
1311672091732842,"Jun 2, 2015",8:04:48 PM PDT,,Charge,,夜桜　ライブ壁紙,com.quan.lwp.fallingleaveslwp,0,,401SO,JP,,0791143,JPY,99,1.000000,JPY,99
1372115847117185,"Jun 3, 2015",7:49:59 AM PDT,,Google fee,,夜桜　ライブ壁紙,com.quan.lwp.fallingleaveslwp,0,,icx1227,JP,,9201151,JPY,-30,1.000000,JPY,-30
1372115847117185,"Jun 3, 2015",7:49:59 AM PDT,,Charge,,夜桜　ライブ壁紙,com.quan.lwp.fallingleaveslwp,0,,icx1227,JP,,9201151,JPY,99,1.000000,JPY,99
1359650626996274,"Jun 3, 2015",3:11:23 PM PDT,,Google fee,,夜桜　ライブ壁紙,com.quan.lwp.fallingleaveslwp,0,,hlte,TW,台北市,111,TWD,-9.00,4.036700,JPY,-36
1359650626996274,"Jun 3, 2015",3:11:23 PM PDT,,Charge,,夜桜　ライブ壁紙,com.quan.lwp.fallingleaveslwp,0,,hlte,TW,台北市,111,TWD,30.00,4.036700,JPY,121
1389515777615165,"Jun 4, 2015",12:28:05 AM PDT,,Google fee,,夜桜　ライブ壁紙,com.quan.lwp.fallingleaveslwp,0,,SO-04E,JP,,830-0066,JPY,-30,1.000000,JPY,-30
1389515777615165,"Jun 4, 2015",12:28:05 AM PDT,,Charge,,夜桜　ライブ壁紙,com.quan.lwp.fallingleaveslwp,0,,SO-04E,JP,,830-0066,JPY,99,1.000000,JPY,99
1328762054689444,"Jun 4, 2015",5:12:47 AM PDT,,Google fee,,夜桜　ライブ壁紙,com.quan.lwp.fallingleaveslwp,0,,N-06E,JP,,864-0023,JPY,-30,1.000000,JPY,-30
1328762054689444,"Jun 4, 2015",5:12:47 AM PDT,,Charge,,夜桜　ライブ壁紙,com.quan.lwp.fallingleaveslwp,0,,N-06E,JP,,864-0023,JPY,99,1.000000,JPY,99
1314126251920509,"Jun 4, 2015",11:50:55 AM PDT,,Google fee,,夜桜　ライブ壁紙,com.quan.lwp.fallingleaveslwp,0,,SO-04E,JP,,8300063,JPY,-30,1.000000,JPY,-30
1314126251920509,"Jun 4, 2015",11:50:55 AM PDT,,Charge,,夜桜　ライブ壁紙,com.quan.lwp.fallingleaveslwp,0,,SO-04E,JP,,8300063,JPY,99,1.000000,JPY,99
1374557500263099,"Jun 5, 2015",12:09:32 AM PDT,,Google fee,,Cherry blossom LiveWallpaper,com.quan.lwp.fallingleaveslwp,0,,SCL24,JP,Osaka,5340024,JPY,-30,1.000000,JPY,-30
1374557500263099,"Jun 5, 2015",12:09:32 AM PDT,,Charge,,Cherry blossom LiveWallpaper,com.quan.lwp.fallingleaveslwp,0,,SCL24,JP,Osaka,5340024,JPY,99,1.000000,JPY,99
1390638780450357,"Jun 5, 2015",5:31:54 AM PDT,,Google fee,,夜桜　ライブ壁紙,com.quan.lwp.fallingleaveslwp,0,,SH-01F,JP,,2920205,JPY,-30,1.000000,JPY,-30
1390638780450357,"Jun 5, 2015",5:31:54 AM PDT,,Charge,,夜桜　ライブ壁紙,com.quan.lwp.fallingleaveslwp,0,,SH-01F,JP,,2920205,JPY,99,1.000000,JPY,99
1330986393032162,"Jun 5, 2015",8:38:30 AM PDT,,Google fee,,夜桜　ライブ壁紙,com.quan.lwp.fallingleaveslwp,0,,l_dcm,JP,,9718101,JPY,-30,1.000000,JPY,-30
1330986393032162,"Jun 5, 2015",8:38:30 AM PDT,,Charge,,夜桜　ライブ壁紙,com.quan.lwp.fallingleaveslwp,0,,l_dcm,JP,,9718101,JPY,99,1.000000,JPY,99
1385139680412773,"Jun 5, 2015",1:14:37 PM PDT,,Google fee,,夜桜　ライブ壁紙,com.quan.lwp.fallingleaveslwp,0,,KYY24,JP,,877-1232,JPY,-30,1.000000,JPY,-30
1385139680412773,"Jun 5, 2015",1:14:37 PM PDT,,Charge,,夜桜　ライブ壁紙,com.quan.lwp.fallingleaveslwp,0,,KYY24,JP,,877-1232,JPY,99,1.000000,JPY,99
1301228244277529,"Jun 5, 2015",1:23:56 PM PDT,,Google fee,,夜桜　ライブ壁紙,com.quan.lwp.fallingleaveslwp,0,,SHI13,JP,,2450066,JPY,-30,1.000000,JPY,-30
1301228244277529,"Jun 5, 2015",1:23:56 PM PDT,,Charge,,夜桜　ライブ壁紙,com.quan.lwp.fallingleaveslwp,0,,SHI13,JP,,2450066,JPY,99,1.000000,JPY,99
1345407147462620,"Jun 5, 2015",1:26:18 PM PDT,,Google fee,,夜桜　ライブ壁紙,com.quan.lwp.fallingleaveslwp,0,,F04G,JP,広島県,7200822,JPY,-30,1.000000,JPY,-30
1345407147462620,"Jun 5, 2015",1:26:18 PM PDT,,Charge,,夜桜　ライブ壁紙,com.quan.lwp.fallingleaveslwp,0,,F04G,JP,広島県,7200822,JPY,99,1.000000,JPY,99
1321687413807890,"Jun 5, 2015",2:35:23 PM PDT,,Google fee,,夜桜　ライブ壁紙,com.quan.lwp.fallingleaveslwp,0,,401SO,JP,,221-0851,JPY,-30,1.000000,JPY,-30
1321687413807890,"Jun 5, 2015",2:35:23 PM PDT,,Charge,,夜桜　ライブ壁紙,com.quan.lwp.fallingleaveslwp,0,,401SO,JP,,221-0851,JPY,99,1.000000,JPY,99
1368320523775519,"Jun 5, 2015",10:16:11 PM PDT,,Google fee,,夜桜　ライブ壁紙,com.quan.lwp.fallingleaveslwp,0,,SO-02G,JP,,518-0811,JPY,-30,1.000000,JPY,-30
1368320523775519,"Jun 5, 2015",10:16:11 PM PDT,,Charge,,夜桜　ライブ壁紙,com.quan.lwp.fallingleaveslwp,0,,SO-02G,JP,,518-0811,JPY,99,1.000000,JPY,99
1356488898308322,"Jun 6, 2015",3:12:56 AM PDT,,Google fee,,夜桜　ライブ壁紙,com.quan.lwp.fallingleaveslwp,0,,dlxj,JP,,0708012,JPY,-30,1.000000,JPY,-30
1356488898308322,"Jun 6, 2015",3:12:56 AM PDT,,Charge,,夜桜　ライブ壁紙,com.quan.lwp.fallingleaveslwp,0,,dlxj,JP,,0708012,JPY,99,1.000000,JPY,99
1351740692403818,"Jun 6, 2015",4:15:52 AM PDT,,Google fee,,夜桜　ライブ壁紙,com.quan.lwp.fallingleaveslwp,0,,IS12S,JP,,424-0047,JPY,-30,1.000000,JPY,-30
1351740692403818,"Jun 6, 2015",4:15:52 AM PDT,,Charge,,夜桜　ライブ壁紙,com.quan.lwp.fallingleaveslwp,0,,IS12S,JP,,424-0047,JPY,99,1.000000,JPY,99
1390815018211022,"Jun 6, 2015",6:53:20 AM PDT,,Google fee,,夜桜　ライブ壁紙,com.quan.lwp.fallingleaveslwp,0,,fairfax,JP,東京都,182-0023,JPY,-30,1.000000,JPY,-30
1390815018211022,"Jun 6, 2015",6:53:20 AM PDT,,Charge,,夜桜　ライブ壁紙,com.quan.lwp.fallingleaveslwp,0,,fairfax,JP,東京都,182-0023,JPY,99,1.000000,JPY,99
1392983421541045,"Jun 6, 2015",8:51:16 AM PDT,,Google fee,,夜桜　ライブ壁紙,com.quan.lwp.fallingleaveslwp,0,,SO-01G,JP,,377-1711,JPY,-30,1.000000,JPY,-30
1392983421541045,"Jun 6, 2015",8:51:16 AM PDT,,Charge,,夜桜　ライブ壁紙,com.quan.lwp.fallingleaveslwp,0,,SO-01G,JP,,377-1711,JPY,99,1.000000,JPY,99
1316401092605710,"Jun 6, 2015",9:49:36 AM PDT,,Google fee,,夜桜　ライブ壁紙,com.quan.lwp.fallingleaveslwp,0,,zerofltechn,HK,-,,HKD,-2.44,16.208000,JPY,-40
1316401092605710,"Jun 6, 2015",9:49:36 AM PDT,,Charge,,夜桜　ライブ壁紙,com.quan.lwp.fallingleaveslwp,0,,zerofltechn,HK,-,,HKD,8.14,16.208000,JPY,132
1356080891740801,"Jun 6, 2015",8:17:26 PM PDT,,Google fee,,夜桜　ライブ壁紙,com.quan.lwp.fallingleaveslwp,0,,ASUS_T00G,TW,,302,TWD,-9.00,4.045500,JPY,-36
1356080891740801,"Jun 6, 2015",8:17:26 PM PDT,,Charge,,夜桜　ライブ壁紙,com.quan.lwp.fallingleaveslwp,0,,ASUS_T00G,TW,,302,TWD,30.00,4.045500,JPY,121
1314140005055294,"Jun 7, 2015",7:36:23 AM PDT,,Google fee,,夜桜　ライブ壁紙,com.quan.lwp.fallingleaveslwp,0,,ASUS_T00P,JP,,3501113,JPY,-30,1.000000,JPY,-30
1314140005055294,"Jun 7, 2015",7:36:23 AM PDT,,Charge,,夜桜　ライブ壁紙,com.quan.lwp.fallingleaveslwp,0,,ASUS_T00P,JP,,3501113,JPY,99,1.000000,JPY,99
1356602895191730,"Jun 7, 2015",9:43:55 AM PDT,,Google fee,,夜桜　ライブ壁紙,com.quan.lwp.fallingleaveslwp,0,,SC-05G,JP,,0191701,JPY,-30,1.000000,JPY,-30
1356602895191730,"Jun 7, 2015",9:43:55 AM PDT,,Charge,,夜桜　ライブ壁紙,com.quan.lwp.fallingleaveslwp,0,,SC-05G,JP,,0191701,JPY,99,1.000000,JPY,99
1338960832938499,"Jun 8, 2015",2:49:05 AM PDT,,Google fee,,夜桜　ライブ壁紙,com.quan.lwp.fallingleaveslwp,0,,SO-03E,JP,広島県,721-0972,JPY,-30,1.000000,JPY,-30
1338960832938499,"Jun 8, 2015",2:49:05 AM PDT,,Charge,,夜桜　ライブ壁紙,com.quan.lwp.fallingleaveslwp,0,,SO-03E,JP,広島県,721-0972,JPY,99,1.000000,JPY,99
1353328771995637,"Jun 8, 2015",6:04:11 AM PDT,,Google fee,,夜桜　ライブ壁紙,com.quan.lwp.fallingleaveslwp,0,,klte,TW,,231,TWD,-9.00,4.019200,JPY,-36
1353328771995637,"Jun 8, 2015",6:04:11 AM PDT,,Charge,,夜桜　ライブ壁紙,com.quan.lwp.fallingleaveslwp,0,,klte,TW,,231,TWD,30.00,4.019200,JPY,121
1377888116784181,"Jun 8, 2015",9:59:18 AM PDT,,Google fee,,夜桜　ライブ壁紙,com.quan.lwp.fallingleaveslwp,0,,SOL25,JP,,2892244,JPY,-30,1.000000,JPY,-30
1377888116784181,"Jun 8, 2015",9:59:18 AM PDT,,Charge,,夜桜　ライブ壁紙,com.quan.lwp.fallingleaveslwp,0,,SOL25,JP,,2892244,JPY,99,1.000000,JPY,99
1397234680725877,"Jun 8, 2015",5:05:35 PM PDT,,Google fee,,夜桜　ライブ壁紙,com.quan.lwp.fallingleaveslwp,0,,SOL26,JP,,7983272,JPY,-30,1.000000,JPY,-30
1397234680725877,"Jun 8, 2015",5:05:35 PM PDT,,Charge,,夜桜　ライブ壁紙,com.quan.lwp.fallingleaveslwp,0,,SOL26,JP,,7983272,JPY,99,1.000000,JPY,99
1364002379440422,"Jun 9, 2015",4:33:51 AM PDT,,Google fee,,夜桜　ライブ壁紙,com.quan.lwp.fallingleaveslwp,0,,trhplte,HK,-,,HKD,-2.44,16.011000,JPY,-39
1364002379440422,"Jun 9, 2015",4:33:51 AM PDT,,Charge,,夜桜　ライブ壁紙,com.quan.lwp.fallingleaveslwp,0,,trhplte,HK,-,,HKD,8.14,16.011000,JPY,130
1370932559066885,"Jun 9, 2015",12:09:00 PM PDT,,Google fee,,夜桜　ライブ壁紙,com.quan.lwp.fallingleaveslwp,0,,D6653,TW,,722,TWD,-9.00,3.993900,JPY,-36
1370932559066885,"Jun 9, 2015",12:09:00 PM PDT,,Charge,,夜桜　ライブ壁紙,com.quan.lwp.fallingleaveslwp,0,,D6653,TW,,722,TWD,30.00,3.993900,JPY,120
1384952935137589,"Jun 9, 2015",1:15:39 PM PDT,,Google fee,,夜桜　ライブ壁紙,com.quan.lwp.fallingleaveslwp,0,,m7,TW,,112,TWD,-9.00,3.994100,JPY,-36
1384952935137589,"Jun 9, 2015",1:15:39 PM PDT,,Charge,,夜桜　ライブ壁紙,com.quan.lwp.fallingleaveslwp,0,,m7,TW,,112,TWD,30.00,3.994100,JPY,120
1341410400874382,"Jun 9, 2015",2:27:39 PM PDT,,Google fee,,夜桜　ライブ壁紙,com.quan.lwp.fallingleaveslwp,0,,F06E,JP,神奈川県,241-0831,JPY,-30,1.000000,JPY,-30
1341410400874382,"Jun 9, 2015",2:27:39 PM PDT,,Charge,,夜桜　ライブ壁紙,com.quan.lwp.fallingleaveslwp,0,,F06E,JP,神奈川県,241-0831,JPY,99,1.000000,JPY,99
1301588939178256,"Jun 10, 2015",12:06:35 AM PDT,,Google fee,,夜桜　ライブ壁紙,com.quan.lwp.fallingleaveslwp,0,,ASUS_Z007,TW,,40345,TWD,-9.00,3.970000,JPY,-36
1301588939178256,"Jun 10, 2015",12:06:35 AM PDT,,Charge,,夜桜　ライブ壁紙,com.quan.lwp.fallingleaveslwp,0,,ASUS_Z007,TW,,40345,TWD,30.00,3.970000,JPY,119
1337311600935590,"Jun 10, 2015",3:10:52 PM PDT,,Google fee,,夜桜　ライブ壁紙,com.quan.lwp.fallingleaveslwp,0,,401SO,JP,茨城県,3020034,JPY,-30,1.000000,JPY,-30
1337311600935590,"Jun 10, 2015",3:10:52 PM PDT,,Charge,,夜桜　ライブ壁紙,com.quan.lwp.fallingleaveslwp,0,,401SO,JP,茨城県,3020034,JPY,99,1.000000,JPY,99
1312424276515873,"Jun 11, 2015",1:30:00 AM PDT,,Google fee,,夜桜　ライブ壁紙,com.quan.lwp.fallingleaveslwp,0,,ASUS_T00J,TW,,320,TWD,-9.00,3.988000,JPY,-36
1312424276515873,"Jun 11, 2015",1:30:00 AM PDT,,Charge,,夜桜　ライブ壁紙,com.quan.lwp.fallingleaveslwp,0,,ASUS_T00J,TW,,320,TWD,30.00,3.988000,JPY,120
1342048976306169,"Jun 11, 2015",3:36:27 AM PDT,,Google fee,,夜桜　ライブ壁紙,com.quan.lwp.fallingleaveslwp,0,,ha3g,TW,,929,TWD,-9.00,3.997300,JPY,-36
1342048976306169,"Jun 11, 2015",3:36:27 AM PDT,,Charge,,夜桜　ライブ壁紙,com.quan.lwp.fallingleaveslwp,0,,ha3g,TW,,929,TWD,30.00,3.997300,JPY,120
1384956911727914,"Jun 11, 2015",10:01:31 AM PDT,,Google fee,,夜桜　ライブ壁紙,com.quan.lwp.fallingleaveslwp,0,,SCV31,JP,,0766756,JPY,-30,1.000000,JPY,-30
1384956911727914,"Jun 11, 2015",10:01:31 AM PDT,,Charge,,夜桜　ライブ壁紙,com.quan.lwp.fallingleaveslwp,0,,SCV31,JP,,0766756,JPY,99,1.000000,JPY,99
1328446848573124,"Jun 11, 2015",10:34:43 AM PDT,,Google fee,,夜桜　ライブ壁紙,com.quan.lwp.fallingleaveslwp,0,,SH10D,JP,青森県,038-0003,JPY,-30,1.000000,JPY,-30
1328446848573124,"Jun 11, 2015",10:34:43 AM PDT,,Charge,,夜桜　ライブ壁紙,com.quan.lwp.fallingleaveslwp,0,,SH10D,JP,青森県,038-0003,JPY,99,1.000000,JPY,99
1378596114873948,"Jun 11, 2015",11:50:51 AM PDT,,Google fee,,夜桜　ライブ壁紙,com.quan.lwp.fallingleaveslwp,0,,htc_a51tuhl,TW,,236,TWD,-9.00,3.996200,JPY,-36
1378596114873948,"Jun 11, 2015",11:50:51 AM PDT,,Charge,,夜桜　ライブ壁紙,com.quan.lwp.fallingleaveslwp,0,,htc_a51tuhl,TW,,236,TWD,30.00,3.996200,JPY,120
1360120489853889,"Jun 11, 2015",3:04:00 PM PDT,,Google fee,,夜桜　ライブ壁紙,com.quan.lwp.fallingleaveslwp,0,,SHL25,JP,福岡県,819-1302,JPY,-30,1.000000,JPY,-30
1360120489853889,"Jun 11, 2015",3:04:00 PM PDT,,Charge,,夜桜　ライブ壁紙,com.quan.lwp.fallingleaveslwp,0,,SHL25,JP,福岡県,819-1302,JPY,99,1.000000,JPY,99
1385520659111581,"Jun 12, 2015",6:54:49 AM PDT,,Google fee,,夜桜　ライブ壁紙,com.quan.lwp.fallingleaveslwp,0,,C6902,TW,,247,TWD,-9.00,3.999200,JPY,-36
1385520659111581,"Jun 12, 2015",6:54:49 AM PDT,,Charge,,夜桜　ライブ壁紙,com.quan.lwp.fallingleaveslwp,0,,C6902,TW,,247,TWD,30.00,3.999200,JPY,120
1395428395122806,"Jun 12, 2015",9:37:12 PM PDT,,Google fee,,Crystal 5 units,com.dhearts.monter,1,tier_5,zeroflte,DE,,50769,EUR,-0.94,138.870000,JPY,-131
1395428395122806,"Jun 12, 2015",9:37:12 PM PDT,,Charge,,Crystal 5 units,com.dhearts.monter,1,tier_5,zeroflte,DE,,50769,EUR,3.12,138.870000,JPY,433
1373453418890265,"Jun 13, 2015",4:51:43 AM PDT,,Google fee,,夜桜　ライブ壁紙,com.quan.lwp.fallingleaveslwp,0,,SOV31,JP,,370-3104,JPY,-30,1.000000,JPY,-30
1373453418890265,"Jun 13, 2015",4:51:43 AM PDT,,Charge,,夜桜　ライブ壁紙,com.quan.lwp.fallingleaveslwp,0,,SOV31,JP,,370-3104,JPY,99,1.000000,JPY,99
1366202586725864,"Jun 13, 2015",9:18:17 PM PDT,,Google fee,,夜桜　ライブ壁紙,com.quan.lwp.fallingleaveslwp,0,,SG305SH,JP,,8040053,JPY,-30,1.000000,JPY,-30
1366202586725864,"Jun 13, 2015",9:18:17 PM PDT,,Charge,,夜桜　ライブ壁紙,com.quan.lwp.fallingleaveslwp,0,,SG305SH,JP,,8040053,JPY,99,1.000000,JPY,99
1363333230057330,"Jun 14, 2015",4:35:35 AM PDT,,Google fee,,夜桜　ライブ壁紙,com.quan.lwp.fallingleaveslwp,0,,Z008_1,TW,,238,TWD,-9.00,3.994200,JPY,-36
1363333230057330,"Jun 14, 2015",4:35:35 AM PDT,,Charge,,夜桜　ライブ壁紙,com.quan.lwp.fallingleaveslwp,0,,Z008_1,TW,,238,TWD,30.00,3.994200,JPY,120
1354199020819060,"Jun 14, 2015",6:28:00 AM PDT,,Google fee,,夜桜　ライブ壁紙,com.quan.lwp.fallingleaveslwp,0,,SOV31,JP,,4480007,JPY,-30,1.000000,JPY,-30
1354199020819060,"Jun 14, 2015",6:28:00 AM PDT,,Charge,,夜桜　ライブ壁紙,com.quan.lwp.fallingleaveslwp,0,,SOV31,JP,,4480007,JPY,99,1.000000,JPY,99
1341741440845889,"Jun 14, 2015",10:06:07 AM PDT,,Google fee,,夜桜　ライブ壁紙,com.quan.lwp.fallingleaveslwp,0,,SC-02F,JP,,435-0001,JPY,-30,1.000000,JPY,-30
1341741440845889,"Jun 14, 2015",10:06:07 AM PDT,,Charge,,夜桜　ライブ壁紙,com.quan.lwp.fallingleaveslwp,0,,SC-02F,JP,,435-0001,JPY,99,1.000000,JPY,99
1337805400577305,"Jun 14, 2015",12:24:07 PM PDT,,Google fee,,夜桜　ライブ壁紙,com.quan.lwp.fallingleaveslwp,0,,SO-02E,JP,,9480122,JPY,-30,1.000000,JPY,-30
1337805400577305,"Jun 14, 2015",12:24:07 PM PDT,,Charge,,夜桜　ライブ壁紙,com.quan.lwp.fallingleaveslwp,0,,SO-02E,JP,,9480122,JPY,99,1.000000,JPY,99
1382574233449898,"Jun 14, 2015",2:22:10 PM PDT,,Google fee,,夜桜　ライブ壁紙,com.quan.lwp.fallingleaveslwp,0,,htc_hiau_ml_tuhl,TW,新北市,243,TWD,-9.00,3.994200,JPY,-36
1382574233449898,"Jun 14, 2015",2:22:10 PM PDT,,Charge,,夜桜　ライブ壁紙,com.quan.lwp.fallingleaveslwp,0,,htc_hiau_ml_tuhl,TW,新北市,243,TWD,30.00,3.994200,JPY,120
1377848829677801,"Jun 14, 2015",8:27:25 PM PDT,,Google fee,,夜桜　ライブ壁紙,com.quan.lwp.fallingleaveslwp,0,,FT142A,JP,,329-0213,JPY,-30,1.000000,JPY,-30
1377848829677801,"Jun 14, 2015",8:27:25 PM PDT,,Charge,,夜桜　ライブ壁紙,com.quan.lwp.fallingleaveslwp,0,,FT142A,JP,,329-0213,JPY,99,1.000000,JPY,99
1358927574323155,"Jun 15, 2015",1:47:17 AM PDT,,Google fee,,夜桜　ライブ壁紙,com.quan.lwp.fallingleaveslwp,0,,SBM202F,JP,,8994314,JPY,-30,1.000000,JPY,-30
1358927574323155,"Jun 15, 2015",1:47:17 AM PDT,,Charge,,夜桜　ライブ壁紙,com.quan.lwp.fallingleaveslwp,0,,SBM202F,JP,,8994314,JPY,99,1.000000,JPY,99
1398154768082097,"Jun 15, 2015",7:11:26 PM PDT,,Google fee,,夜桜　ライブ壁紙,com.quan.lwp.fallingleaveslwp,0,,302KC,JP,,2701144,JPY,-30,1.000000,JPY,-30
1398154768082097,"Jun 15, 2015",7:11:26 PM PDT,,Charge,,夜桜　ライブ壁紙,com.quan.lwp.fallingleaveslwp,0,,302KC,JP,,2701144,JPY,99,1.000000,JPY,99
1342154036462275,"Jun 16, 2015",12:54:01 AM PDT,,Google fee,,夜桜　ライブ壁紙,com.quan.lwp.fallingleaveslwp,0,,D6653,TW,,221,TWD,-9.00,3.998700,JPY,-36
1342154036462275,"Jun 16, 2015",12:54:01 AM PDT,,Charge,,夜桜　ライブ壁紙,com.quan.lwp.fallingleaveslwp,0,,D6653,TW,,221,TWD,30.00,3.998700,JPY,120
1389856682146420,"Jun 16, 2015",4:56:15 AM PDT,,Google fee,,Chain-breaker,com.dhearts.monter,1,chain_breaker,klte,DE,,44809,EUR,-0.19,139.010000,JPY,-26
1389856682146420,"Jun 16, 2015",4:56:15 AM PDT,,Charge,,Chain-breaker,com.dhearts.monter,1,chain_breaker,klte,DE,,44809,EUR,0.62,139.010000,JPY,86
1368327496931861,"Jun 16, 2015",12:35:54 PM PDT,,Google fee,,夜桜　ライブ壁紙,com.quan.lwp.fallingleaveslwp,0,,SOL26,JP,,9920832,JPY,-30,1.000000,JPY,-30
1368327496931861,"Jun 16, 2015",12:35:54 PM PDT,,Charge,,夜桜　ライブ壁紙,com.quan.lwp.fallingleaveslwp,0,,SOL26,JP,,9920832,JPY,99,1.000000,JPY,99
1350895213273625,"Jun 17, 2015",11:17:56 AM PDT,,Google fee,,夜桜　ライブ壁紙,com.quan.lwp.fallingleaveslwp,0,,SC-04E,JP,埼玉県,3550137,JPY,-30,1.000000,JPY,-30
1350895213273625,"Jun 17, 2015",11:17:56 AM PDT,,Charge,,夜桜　ライブ壁紙,com.quan.lwp.fallingleaveslwp,0,,SC-04E,JP,埼玉県,3550137,JPY,99,1.000000,JPY,99
1357768022153201,"Jun 17, 2015",12:56:10 PM PDT,,Google fee,,夜桜　ライブ壁紙,com.quan.lwp.fallingleaveslwp,0,,SG305SH,JP,神奈川県,2460022,JPY,-30,1.000000,JPY,-30
1357768022153201,"Jun 17, 2015",12:56:10 PM PDT,,Charge,,夜桜　ライブ壁紙,com.quan.lwp.fallingleaveslwp,0,,SG305SH,JP,神奈川県,2460022,JPY,99,1.000000,JPY,99
1389487649025553,"Jun 18, 2015",12:05:54 AM PDT,,Google fee,,夜桜　ライブ壁紙,com.quan.lwp.fallingleaveslwp,0,,flo,JP,,5580011,JPY,-30,1.000000,JPY,-30
1389487649025553,"Jun 18, 2015",12:05:54 AM PDT,,Charge,,夜桜　ライブ壁紙,com.quan.lwp.fallingleaveslwp,0,,flo,JP,,5580011,JPY,99,1.000000,JPY,99
1365372817953557,"Jun 18, 2015",2:02:11 AM PDT,,Google fee,,夜桜　ライブ壁紙,com.quan.lwp.fallingleaveslwp,0,,F01F,JP,,9890221,JPY,-30,1.000000,JPY,-30
1365372817953557,"Jun 18, 2015",2:02:11 AM PDT,,Charge,,夜桜　ライブ壁紙,com.quan.lwp.fallingleaveslwp,0,,F01F,JP,,9890221,JPY,99,1.000000,JPY,99
1350247161668687,"Jun 18, 2015",2:48:17 AM PDT,,Google fee,,夜桜　ライブ壁紙,com.quan.lwp.fallingleaveslwp,0,,m7wlj,JP,,9600684,JPY,-30,1.000000,JPY,-30
1350247161668687,"Jun 18, 2015",2:48:17 AM PDT,,Charge,,夜桜　ライブ壁紙,com.quan.lwp.fallingleaveslwp,0,,m7wlj,JP,,9600684,JPY,99,1.000000,JPY,99
1313390249460722,"Jun 18, 2015",9:26:24 AM PDT,,Google fee,,夜桜　ライブ壁紙,com.quan.lwp.fallingleaveslwp,0,,P-02E,JP,,0100862,JPY,-30,1.000000,JPY,-30
1313390249460722,"Jun 18, 2015",9:26:24 AM PDT,,Charge,,夜桜　ライブ壁紙,com.quan.lwp.fallingleaveslwp,0,,P-02E,JP,,0100862,JPY,99,1.000000,JPY,99
1367751473544642,"Jun 18, 2015",5:53:52 PM PDT,,Google fee,,夜桜　ライブ壁紙,com.quan.lwp.fallingleaveslwp,0,,tigers,KR,경기도,456-715,KRW,-343,0.111180,JPY,-38
1367751473544642,"Jun 18, 2015",5:53:52 PM PDT,,Charge,,夜桜　ライブ壁紙,com.quan.lwp.fallingleaveslwp,0,,tigers,KR,경기도,456-715,KRW,1145,0.111180,JPY,127
1388829079822263,"Jun 19, 2015",8:08:37 AM PDT,,Google fee,,夜桜　ライブ壁紙,com.quan.lwp.fallingleaveslwp,0,,hlte,TW,,335,TWD,-9.00,3.994600,JPY,-36
1388829079822263,"Jun 19, 2015",8:08:37 AM PDT,,Charge,,夜桜　ライブ壁紙,com.quan.lwp.fallingleaveslwp,0,,hlte,TW,,335,TWD,30.00,3.994600,JPY,120
1390957395404908,"Jun 19, 2015",10:06:38 AM PDT,,Google fee,,夜桜　ライブ壁紙,com.quan.lwp.fallingleaveslwp,0,,SCL24,JP,,8700275,JPY,-30,1.000000,JPY,-30
1390957395404908,"Jun 19, 2015",10:06:38 AM PDT,,Charge,,夜桜　ライブ壁紙,com.quan.lwp.fallingleaveslwp,0,,SCL24,JP,,8700275,JPY,99,1.000000,JPY,99
1367320027591710,"Jun 19, 2015",4:01:48 PM PDT,,Google fee,,夜桜　ライブ壁紙,com.quan.lwp.fallingleaveslwp,0,,E6553,TW,,71075,TWD,-9.00,3.995600,JPY,-36
1367320027591710,"Jun 19, 2015",4:01:48 PM PDT,,Charge,,夜桜　ライブ壁紙,com.quan.lwp.fallingleaveslwp,0,,E6553,TW,,71075,TWD,30.00,3.995600,JPY,120
1310976379857787,"Jun 19, 2015",10:51:25 PM PDT,,Google fee,,夜桜　ライブ壁紙,com.quan.lwp.fallingleaveslwp,0,,SOV31,JP,茨城県,3003253,JPY,-30,1.000000,JPY,-30
1310976379857787,"Jun 19, 2015",10:51:25 PM PDT,,Charge,,夜桜　ライブ壁紙,com.quan.lwp.fallingleaveslwp,0,,SOV31,JP,茨城県,3003253,JPY,99,1.000000,JPY,99
1350782787080944,"Jun 20, 2015",7:06:11 AM PDT,,Google fee,,夜桜　ライブ壁紙,com.quan.lwp.fallingleaveslwp,0,,SO-01G,JP,,811-0204,JPY,-30,1.000000,JPY,-30
1350782787080944,"Jun 20, 2015",7:06:11 AM PDT,,Charge,,夜桜　ライブ壁紙,com.quan.lwp.fallingleaveslwp,0,,SO-01G,JP,,811-0204,JPY,99,1.000000,JPY,99
1376648472668619,"Jun 20, 2015",7:42:43 PM PDT,,Google fee,,Crystal 1 units,com.dhearts.monter,1,tier_1,klte,DE,,44809,EUR,-0.19,139.260000,JPY,-26
1376648472668619,"Jun 20, 2015",7:42:43 PM PDT,,Charge,,Crystal 1 units,com.dhearts.monter,1,tier_1,klte,DE,,44809,EUR,0.62,139.260000,JPY,86
1320191190747304,"Jun 20, 2015",10:15:27 PM PDT,,Google fee,,夜桜　ライブ壁紙,com.quan.lwp.fallingleaveslwp,0,,SO-04E,JP,,7390321,JPY,-30,1.000000,JPY,-30
1320191190747304,"Jun 20, 2015",10:15:27 PM PDT,,Charge,,夜桜　ライブ壁紙,com.quan.lwp.fallingleaveslwp,0,,SO-04E,JP,,7390321,JPY,99,1.000000,JPY,99
1307667243422610,"Jun 22, 2015",6:01:22 AM PDT,,Google fee,,夜桜　ライブ壁紙,com.quan.lwp.fallingleaveslwp,0,,SH-01G,JP,,7960502,JPY,-30,1.000000,JPY,-30
1307667243422610,"Jun 22, 2015",6:01:22 AM PDT,,Charge,,夜桜　ライブ壁紙,com.quan.lwp.fallingleaveslwp,0,,SH-01G,JP,,7960502,JPY,99,1.000000,JPY,99
1318764819856672,"Jun 22, 2015",6:29:06 AM PDT,,Google fee,,夜桜　ライブ壁紙,com.quan.lwp.fallingleaveslwp,0,,SOV31,JP,,7910112,JPY,-30,1.000000,JPY,-30
1318764819856672,"Jun 22, 2015",6:29:06 AM PDT,,Charge,,夜桜　ライブ壁紙,com.quan.lwp.fallingleaveslwp,0,,SOV31,JP,,7910112,JPY,99,1.000000,JPY,99
1381855700809711,"Jun 22, 2015",7:12:14 AM PDT,,Google fee,,夜桜　ライブ壁紙,com.quan.lwp.fallingleaveslwp,0,,ha3g,TW,,414,TWD,-9.00,4.003300,JPY,-36
1381855700809711,"Jun 22, 2015",7:12:14 AM PDT,,Charge,,夜桜　ライブ壁紙,com.quan.lwp.fallingleaveslwp,0,,ha3g,TW,,414,TWD,30.00,4.003300,JPY,120
1334549613717035,"Jun 22, 2015",12:49:32 PM PDT,,Google fee,,Cherry blossom LiveWallpaper,com.quan.lwp.fallingleaveslwp,0,,zerolte,SG,,,SGD,-0.39,92.358000,JPY,-36
1334549613717035,"Jun 22, 2015",12:49:32 PM PDT,,Charge,,Cherry blossom LiveWallpaper,com.quan.lwp.fallingleaveslwp,0,,zerolte,SG,,,SGD,1.31,92.358000,JPY,121
1366208238097400,"Jun 22, 2015",3:20:54 PM PDT,,Google fee,,Cherry blossom LiveWallpaper,com.quan.lwp.fallingleaveslwp,0,,y25,US,AR,72422,USD,-0.30,123.370000,JPY,-37
1366208238097400,"Jun 22, 2015",3:20:54 PM PDT,,Charge,,Cherry blossom LiveWallpaper,com.quan.lwp.fallingleaveslwp,0,,y25,US,AR,72422,USD,0.99,123.370000,JPY,122
1381863694127918,"Jun 22, 2015",5:54:18 PM PDT,,Google fee,,夜桜　ライブ壁紙,com.quan.lwp.fallingleaveslwp,0,,SH02E,JP,,0270095,JPY,-30,1.000000,JPY,-30
1381863694127918,"Jun 22, 2015",5:54:18 PM PDT,,Charge,,夜桜　ライブ壁紙,com.quan.lwp.fallingleaveslwp,0,,SH02E,JP,,0270095,JPY,99,1.000000,JPY,99
1359321001705512,"Jun 23, 2015",12:12:10 PM PDT,,Google fee,,夜桜　ライブ壁紙,com.quan.lwp.fallingleaveslwp,0,,hammerhead,JP,,444-1206,JPY,-30,1.000000,JPY,-30
1359321001705512,"Jun 23, 2015",12:12:10 PM PDT,,Charge,,夜桜　ライブ壁紙,com.quan.lwp.fallingleaveslwp,0,,hammerhead,JP,,444-1206,JPY,99,1.000000,JPY,99
1300943034990834,"Jun 23, 2015",1:06:15 PM PDT,,Google fee,,夜桜　ライブ壁紙,com.quan.lwp.fallingleaveslwp,0,,SH-01G,JP,,0380002,JPY,-30,1.000000,JPY,-30
1300943034990834,"Jun 23, 2015",1:06:15 PM PDT,,Charge,,夜桜　ライブ壁紙,com.quan.lwp.fallingleaveslwp,0,,SH-01G,JP,,0380002,JPY,99,1.000000,JPY,99
1386246438905257,"Jun 23, 2015",2:55:17 PM PDT,,Google fee,,夜桜　ライブ壁紙,com.quan.lwp.fallingleaveslwp,0,,SC-03D,JP,,4740022,JPY,-30,1.000000,JPY,-30
1386246438905257,"Jun 23, 2015",2:55:17 PM PDT,,Charge,,夜桜　ライブ壁紙,com.quan.lwp.fallingleaveslwp,0,,SC-03D,JP,,4740022,JPY,99,1.000000,JPY,99
1304996621909111,"Jun 23, 2015",5:02:05 PM PDT,,Google fee,,夜桜　ライブ壁紙,com.quan.lwp.fallingleaveslwp,0,,N3,TW,,104,TWD,-9.00,4.012400,JPY,-36
1304996621909111,"Jun 23, 2015",5:02:05 PM PDT,,Charge,,夜桜　ライブ壁紙,com.quan.lwp.fallingleaveslwp,0,,N3,TW,,104,TWD,30.00,4.012400,JPY,120
1354896821804309,"Jun 23, 2015",9:19:03 PM PDT,,Google fee,,夜桜　ライブ壁紙,com.quan.lwp.fallingleaveslwp,0,,WX04SH,JP,,8370922,JPY,-30,1.000000,JPY,-30
1354896821804309,"Jun 23, 2015",9:19:03 PM PDT,,Charge,,夜桜　ライブ壁紙,com.quan.lwp.fallingleaveslwp,0,,WX04SH,JP,,8370922,JPY,99,1.000000,JPY,99
1366987776084714,"Jun 24, 2015",10:22:10 AM PDT,,Google fee,,夜桜　ライブ壁紙,com.quan.lwp.fallingleaveslwp,0,,SCL23,JP,,171-0044,JPY,-30,1.000000,JPY,-30
1366987776084714,"Jun 24, 2015",10:22:10 AM PDT,,Charge,,夜桜　ライブ壁紙,com.quan.lwp.fallingleaveslwp,0,,SCL23,JP,,171-0044,JPY,99,1.000000,JPY,99
1367018808200446,"Jun 24, 2015",11:38:34 AM PDT,,Google fee,,10000 coins,com.dhearts.labyrinth,1,coin10,SC-01F,JP,石川県,9208001,JPY,-60,1.000000,JPY,-60
1367018808200446,"Jun 24, 2015",11:38:34 AM PDT,,Charge,,10000 coins,com.dhearts.labyrinth,1,coin10,SC-01F,JP,石川県,9208001,JPY,200,1.000000,JPY,200
1351616568602140,"Jun 24, 2015",11:10:00 PM PDT,,Google fee,,夜桜　ライブ壁紙,com.quan.lwp.fallingleaveslwp,0,,SO-03G,JP,,1670022,JPY,-30,1.000000,JPY,-30
1351616568602140,"Jun 24, 2015",11:10:00 PM PDT,,Charge,,夜桜　ライブ壁紙,com.quan.lwp.fallingleaveslwp,0,,SO-03G,JP,,1670022,JPY,99,1.000000,JPY,99
1341743632332940,"Jun 25, 2015",2:27:54 PM PDT,,Google fee,,夜桜　ライブ壁紙,com.quan.lwp.fallingleaveslwp,0,,SC-04G,JP,徳島県,7793303,JPY,-30,1.000000,JPY,-30
1341743632332940,"Jun 25, 2015",2:27:54 PM PDT,,Charge,,夜桜　ライブ壁紙,com.quan.lwp.fallingleaveslwp,0,,SC-04G,JP,徳島県,7793303,JPY,99,1.000000,JPY,99
1372848076456585,"Jun 26, 2015",1:40:58 AM PDT,,Google fee,,Cherry blossom LiveWallpaper,com.quan.lwp.fallingleaveslwp,0,,jfltevzw,US,SC,29154,USD,-0.30,123.440000,JPY,-37
1372848076456585,"Jun 26, 2015",1:40:58 AM PDT,,Charge,,Cherry blossom LiveWallpaper,com.quan.lwp.fallingleaveslwp,0,,jfltevzw,US,SC,29154,USD,0.99,123.440000,JPY,122
1323979584654018,"Jun 26, 2015",6:46:58 AM PDT,,Google fee,,5000 coins,com.dhearts.labyrinth,1,coin5,SOL23,JP,,3701213,JPY,-30,1.000000,JPY,-30
1323979584654018,"Jun 26, 2015",6:46:58 AM PDT,,Charge,,5000 coins,com.dhearts.labyrinth,1,coin5,SOL23,JP,,3701213,JPY,100,1.000000,JPY,100
1342930631076145,"Jun 26, 2015",6:47:20 AM PDT,,Google fee,,5000 coins,com.dhearts.labyrinth,1,coin5,SOL23,JP,,3701213,JPY,-30,1.000000,JPY,-30
1342930631076145,"Jun 26, 2015",6:47:20 AM PDT,,Charge,,5000 coins,com.dhearts.labyrinth,1,coin5,SOL23,JP,,3701213,JPY,100,1.000000,JPY,100
1301955444842123,"Jun 26, 2015",7:02:47 AM PDT,,Google fee,,夜桜　ライブ壁紙,com.quan.lwp.fallingleaveslwp,0,,ASUS_T00N,TW,,437,TWD,-9.00,3.993400,JPY,-36
1301955444842123,"Jun 26, 2015",7:02:47 AM PDT,,Charge,,夜桜　ライブ壁紙,com.quan.lwp.fallingleaveslwp,0,,ASUS_T00N,TW,,437,TWD,30.00,3.993400,JPY,120
1313651056105727,"Jun 26, 2015",11:10:20 AM PDT,,Google fee,,夜桜　ライブ壁紙,com.quan.lwp.fallingleaveslwp,0,,401SO,JP,長野県,3960006,JPY,-30,1.000000,JPY,-30
1313651056105727,"Jun 26, 2015",11:10:20 AM PDT,,Charge,,夜桜　ライブ壁紙,com.quan.lwp.fallingleaveslwp,0,,401SO,JP,長野県,3960006,JPY,99,1.000000,JPY,99
1349515104632489,"Jun 26, 2015",11:31:31 PM PDT,,Google fee,,夜桜　ライブ壁紙,com.quan.lwp.fallingleaveslwp,0,,D6653,TW,,220,TWD,-9.00,3.995200,JPY,-36
1349515104632489,"Jun 26, 2015",11:31:31 PM PDT,,Charge,,夜桜　ライブ壁紙,com.quan.lwp.fallingleaveslwp,0,,D6653,TW,,220,TWD,30.00,3.995200,JPY,120
1306427441850364,"Jun 27, 2015",4:35:00 AM PDT,,Google fee,,夜桜　ライブ壁紙,com.quan.lwp.fallingleaveslwp,0,,SO-03G,JP,,8111102,JPY,-30,1.000000,JPY,-30
1306427441850364,"Jun 27, 2015",4:35:00 AM PDT,,Charge,,夜桜　ライブ壁紙,com.quan.lwp.fallingleaveslwp,0,,SO-03G,JP,,8111102,JPY,99,1.000000,JPY,99
1314039142182456,"Jun 27, 2015",2:08:33 PM PDT,,Google fee,,夜桜　ライブ壁紙,com.quan.lwp.fallingleaveslwp,0,,trhplte,TW,,357,TWD,-9.00,3.995200,JPY,-36
1314039142182456,"Jun 27, 2015",2:08:33 PM PDT,,Charge,,夜桜　ライブ壁紙,com.quan.lwp.fallingleaveslwp,0,,trhplte,TW,,357,TWD,30.00,3.995200,JPY,120
1379978822562783,"Jun 27, 2015",5:55:20 PM PDT,,Google fee,,夜桜　ライブ壁紙,com.quan.lwp.fallingleaveslwp,0,,VNA,TW,,116,TWD,-9.00,3.995200,JPY,-36
1379978822562783,"Jun 27, 2015",5:55:20 PM PDT,,Charge,,夜桜　ライブ壁紙,com.quan.lwp.fallingleaveslwp,0,,VNA,TW,,116,TWD,30.00,3.995200,JPY,120
1366713146876523,"Jun 28, 2015",3:34:10 AM PDT,,Google fee,,夜桜　ライブ壁紙,com.quan.lwp.fallingleaveslwp,0,,SO-04F,JP,,5180809,JPY,-30,1.000000,JPY,-30
1366713146876523,"Jun 28, 2015",3:34:10 AM PDT,,Charge,,夜桜　ライブ壁紙,com.quan.lwp.fallingleaveslwp,0,,SO-04F,JP,,5180809,JPY,99,1.000000,JPY,99
1343894538283672,"Jun 28, 2015",8:04:39 AM PDT,,Google fee,,夜桜　ライブ壁紙,com.quan.lwp.fallingleaveslwp,0,,SO-03G,JP,富山県,9320211,JPY,-30,1.000000,JPY,-30
1343894538283672,"Jun 28, 2015",8:04:39 AM PDT,,Charge,,夜桜　ライブ壁紙,com.quan.lwp.fallingleaveslwp,0,,SO-03G,JP,富山県,9320211,JPY,99,1.000000,JPY,99
1339980499152972,"Jun 28, 2015",11:38:14 AM PDT,,Google fee,,5000 coins,com.dhearts.labyrinth,1,coin5,SC-04E,JP,,1140014,JPY,-30,1.000000,JPY,-30
1339980499152972,"Jun 28, 2015",11:38:14 AM PDT,,Charge,,5000 coins,com.dhearts.labyrinth,1,coin5,SC-04E,JP,,1140014,JPY,100,1.000000,JPY,100
1382510915359731,"Jun 29, 2015",6:21:38 AM PDT,,Google fee,,夜桜　ライブ壁紙,com.quan.lwp.fallingleaveslwp,0,,g3,TW,,507,TWD,-9.00,3.969600,JPY,-36
1382510915359731,"Jun 29, 2015",6:21:38 AM PDT,,Charge,,夜桜　ライブ壁紙,com.quan.lwp.fallingleaveslwp,0,,g3,TW,,507,TWD,30.00,3.969600,JPY,119
1301362151051800,"Jun 29, 2015",1:17:22 PM PDT,,Google fee,,夜桜　ライブ壁紙,com.quan.lwp.fallingleaveslwp,0,,SHV32,JP,,6660035,JPY,-30,1.000000,JPY,-30
1301362151051800,"Jun 29, 2015",1:17:22 PM PDT,,Charge,,夜桜　ライブ壁紙,com.quan.lwp.fallingleaveslwp,0,,SHV32,JP,,6660035,JPY,99,1.000000,JPY,99
1325658653722391,"Jun 30, 2015",1:54:19 AM PDT,,Google fee,,夜桜　ライブ壁紙,com.quan.lwp.fallingleaveslwp,0,,z4u,TW,金門縣,892,TWD,-9.00,3.963500,JPY,-36
1325658653722391,"Jun 30, 2015",1:54:19 AM PDT,,Charge,,夜桜　ライブ壁紙,com.quan.lwp.fallingleaveslwp,0,,z4u,TW,金門縣,892,TWD,30.00,3.963500,JPY,119
1366159633925676,"Jun 30, 2015",4:35:01 PM PDT,,Google fee,,夜桜　ライブ壁紙,com.quan.lwp.fallingleaveslwp,0,,trltechnzh,HK,-,,HKD,-2.44,15.790000,JPY,-39
1366159633925676,"Jun 30, 2015",4:35:01 PM PDT,,Charge,,夜桜　ライブ壁紙,com.quan.lwp.fallingleaveslwp,0,,trltechnzh,HK,-,,HKD,8.14,15.790000,JPY,129
