Description,Transaction Date,Transaction Time,Tax Type,Transaction Type,Refund Type,Product Title,Product id,Product Type,Sku Id,Hardware,Buyer Country,Buyer State,Buyer Postal Code,Buyer Currency,Amount (Buyer Currency),Currency Conversion Rate,Merchant Currency,Amount (Merchant Currency)
1338010168659803,"Sep 1, 2013",12:12:11 AM PDT,,Google fee,,夜桜　ライブ壁紙,com.quan.lwp.fallingleaveslwp,0,,C6602,TW,,326,TWD,-9.00,3.280200,JPY,-30
1338010168659803,"Sep 1, 2013",12:12:11 AM PDT,,Charge,,夜桜　ライブ壁紙,com.quan.lwp.fallingleaveslwp,0,,C6602,TW,,326,TWD,30.00,3.280200,JPY,98
1360181738888202,"Sep 1, 2013",2:02:09 AM PDT,,Google fee,,夜桜　ライブ壁紙,com.quan.lwp.fallingleaveslwp,0,,dlxub1,TW,,260,TWD,-9.00,3.280200,JPY,-30
1360181738888202,"Sep 1, 2013",2:02:09 AM PDT,,Charge,,夜桜　ライブ壁紙,com.quan.lwp.fallingleaveslwp,0,,dlxub1,TW,,260,TWD,30.00,3.280200,JPY,98
1312362397267110,"Sep 1, 2013",7:50:19 AM PDT,,Google fee,,夜桜　ライブ壁紙,com.quan.lwp.fallingleaveslwp,0,,t03g,TW,,35147,TWD,-9.00,3.280200,JPY,-30
1312362397267110,"Sep 1, 2013",7:50:19 AM PDT,,Charge,,夜桜　ライブ壁紙,com.quan.lwp.fallingleaveslwp,0,,t03g,TW,,35147,TWD,30.00,3.280200,JPY,98
1329935152278198,"Sep 1, 2013",8:55:49 AM PDT,,Google fee,,Cherry blossom LiveWallpaper,com.quan.lwp.fallingleaveslwp,0,,u0,SG,,,SGD,-0.39,76.978000,JPY,-30
1329935152278198,"Sep 1, 2013",8:55:49 AM PDT,,Charge,,Cherry blossom LiveWallpaper,com.quan.lwp.fallingleaveslwp,0,,u0,SG,,,SGD,1.31,76.978000,JPY,101
1321750094048620,"Sep 1, 2013",11:06:20 AM PDT,,Google fee,,夜桜　ライブ壁紙,com.quan.lwp.fallingleaveslwp,0,,m7wlj,JP,,6830003,JPY,-30,1.000000,JPY,-30
1321750094048620,"Sep 1, 2013",11:06:20 AM PDT,,Charge,,夜桜　ライブ壁紙,com.quan.lwp.fallingleaveslwp,0,,m7wlj,JP,,6830003,JPY,99,1.000000,JPY,99
1387304441837334,"Sep 1, 2013",1:08:52 PM PDT,,Charge,,夜桜　ライブ壁紙,com.quan.lwp.fallingleaveslwp,0,,endeavoru,TW,新北市,235,TWD,30.00,3.280200,JPY,98
1387304441837334,"Sep 1, 2013",1:08:52 PM PDT,,Google fee,,夜桜　ライブ壁紙,com.quan.lwp.fallingleaveslwp,0,,endeavoru,TW,新北市,235,TWD,-9.00,3.280200,JPY,-30
1309439577189820,"Sep 1, 2013",3:03:05 PM PDT,,Charge,,夜桜　ライブ壁紙,com.quan.lwp.fallingleaveslwp,0,,m7,TW,,814,TWD,30.00,3.280200,JPY,98
1309439577189820,"Sep 1, 2013",3:03:05 PM PDT,,Google fee,,夜桜　ライブ壁紙,com.quan.lwp.fallingleaveslwp,0,,m7,TW,,814,TWD,-9.00,3.280200,JPY,-30
1389011163277345,"Sep 1, 2013",8:56:16 PM PDT,,Google fee,,夜桜　ライブ壁紙,com.quan.lwp.fallingleaveslwp,0,,SO-05D,JP,,2530072,JPY,-30,1.000000,JPY,-30
1389011163277345,"Sep 1, 2013",8:56:16 PM PDT,,Charge,,夜桜　ライブ壁紙,com.quan.lwp.fallingleaveslwp,0,,SO-05D,JP,,2530072,JPY,99,1.000000,JPY,99
1371235203634696,"Sep 2, 2013",12:38:18 AM PDT,,Charge,,Cherry blossom LiveWallpaper,com.quan.lwp.fallingleaveslwp,0,,jfltevzw,US,SC,29101,USD,0.99,98.590000,JPY,98
1371235203634696,"Sep 2, 2013",12:38:18 AM PDT,,Google fee,,Cherry blossom LiveWallpaper,com.quan.lwp.fallingleaveslwp,0,,jfltevzw,US,SC,29101,USD,-0.30,98.590000,JPY,-30
1321315021794756,"Sep 2, 2013",3:51:24 AM PDT,,Charge,,夜桜　ライブ壁紙,com.quan.lwp.fallingleaveslwp,0,,N-06D,JP,,5190066,JPY,99,1.000000,JPY,99
1321315021794756,"Sep 2, 2013",3:51:24 AM PDT,,Google fee,,夜桜　ライブ壁紙,com.quan.lwp.fallingleaveslwp,0,,N-06D,JP,,5190066,JPY,-30,1.000000,JPY,-30
1330320078358345,"Sep 2, 2013",12:01:29 PM PDT,,Charge,,夜桜　ライブ壁紙,com.quan.lwp.fallingleaveslwp,0,,endeavoru,TW,,710,TWD,30.00,3.342500,JPY,100
1330320078358345,"Sep 2, 2013",12:01:29 PM PDT,,Google fee,,夜桜　ライブ壁紙,com.quan.lwp.fallingleaveslwp,0,,endeavoru,TW,,710,TWD,-9.00,3.342500,JPY,-30
1353015932302715,"Sep 2, 2013",1:27:52 PM PDT,,Charge,,夜桜　ライブ壁紙,com.quan.lwp.fallingleaveslwp,0,,SO-02E,JP,,8380136,JPY,99,1.000000,JPY,99
1353015932302715,"Sep 2, 2013",1:27:52 PM PDT,,Google fee,,夜桜　ライブ壁紙,com.quan.lwp.fallingleaveslwp,0,,SO-02E,JP,,8380136,JPY,-30,1.000000,JPY,-30
1324859845157988,"Sep 2, 2013",5:18:41 PM PDT,,Google fee,,夜桜　ライブ壁紙,com.quan.lwp.fallingleaveslwp,0,,m7,TW,,334,TWD,-9.00,3.342300,JPY,-30
1324859845157988,"Sep 2, 2013",5:18:41 PM PDT,,Charge,,夜桜　ライブ壁紙,com.quan.lwp.fallingleaveslwp,0,,m7,TW,,334,TWD,30.00,3.342300,JPY,100
1322246321262341,"Sep 3, 2013",12:48:11 AM PDT,,Google fee,,夜桜　ライブ壁紙,com.quan.lwp.fallingleaveslwp,0,,F06E,JP,,0800027,JPY,-30,1.000000,JPY,-30
1322246321262341,"Sep 3, 2013",12:48:11 AM PDT,,Charge,,夜桜　ライブ壁紙,com.quan.lwp.fallingleaveslwp,0,,F06E,JP,,0800027,JPY,99,1.000000,JPY,99
1395475411231149,"Sep 3, 2013",1:54:33 AM PDT,,Charge,,夜桜　ライブ壁紙,com.quan.lwp.fallingleaveslwp,0,,KYL21,JP,,2540002,JPY,99,1.000000,JPY,99
1395475411231149,"Sep 3, 2013",1:54:33 AM PDT,,Google fee,,夜桜　ライブ壁紙,com.quan.lwp.fallingleaveslwp,0,,KYL21,JP,,2540002,JPY,-30,1.000000,JPY,-30
1388000405564409,"Sep 3, 2013",1:56:33 AM PDT,,Google fee,,夜桜　ライブ壁紙,com.quan.lwp.fallingleaveslwp,0,,dlxub1,TW,,234,TWD,-9.00,3.341800,JPY,-30
1388000405564409,"Sep 3, 2013",1:56:33 AM PDT,,Charge,,夜桜　ライブ壁紙,com.quan.lwp.fallingleaveslwp,0,,dlxub1,TW,,234,TWD,30.00,3.341800,JPY,100
1396447014036418,"Sep 3, 2013",3:26:21 AM PDT,,Google fee,,夜桜　ライブ壁紙,com.quan.lwp.fallingleaveslwp,0,,FJI12,JP,,5610813,JPY,-30,1.000000,JPY,-30
1396447014036418,"Sep 3, 2013",3:26:21 AM PDT,,Charge,,夜桜　ライブ壁紙,com.quan.lwp.fallingleaveslwp,0,,FJI12,JP,,5610813,JPY,99,1.000000,JPY,99
1357813089034933,"Sep 3, 2013",6:19:49 AM PDT,,Google fee,,夜桜　ライブ壁紙,com.quan.lwp.fallingleaveslwp,0,,SCL21,JP,,7970045,JPY,-30,1.000000,JPY,-30
1357813089034933,"Sep 3, 2013",6:19:49 AM PDT,,Charge,,夜桜　ライブ壁紙,com.quan.lwp.fallingleaveslwp,0,,SCL21,JP,,7970045,JPY,99,1.000000,JPY,99
1361495695955805,"Sep 3, 2013",8:53:32 AM PDT,,Google fee,,夜桜　ライブ壁紙,com.quan.lwp.fallingleaveslwp,0,,t03g,TW,,268,TWD,-9.00,3.341200,JPY,-30
1361495695955805,"Sep 3, 2013",8:53:32 AM PDT,,Charge,,夜桜　ライブ壁紙,com.quan.lwp.fallingleaveslwp,0,,t03g,TW,,268,TWD,30.00,3.341200,JPY,100
1336485955339178,"Sep 3, 2013",2:05:14 PM PDT,,Google fee,,夜桜　ライブ壁紙,com.quan.lwp.fallingleaveslwp,0,,m7,TW,,411,TWD,-9.00,3.339800,JPY,-30
1336485955339178,"Sep 3, 2013",2:05:14 PM PDT,,Charge,,夜桜　ライブ壁紙,com.quan.lwp.fallingleaveslwp,0,,m7,TW,,411,TWD,30.00,3.339800,JPY,100
1357492035199638,"Sep 3, 2013",2:12:50 PM PDT,,Charge,,夜桜　ライブ壁紙,com.quan.lwp.fallingleaveslwp,0,,C6602,TW,,238,TWD,30.00,3.339800,JPY,100
1357492035199638,"Sep 3, 2013",2:12:50 PM PDT,,Google fee,,夜桜　ライブ壁紙,com.quan.lwp.fallingleaveslwp,0,,C6602,TW,,238,TWD,-9.00,3.339800,JPY,-30
1300845262925321,"Sep 3, 2013",7:49:19 PM PDT,,Charge,,Cherry blossom LiveWallpaper,com.quan.lwp.fallingleaveslwp,0,,hwY300-0100,GB,,SE9 4HR,GBP,0.70,154.960000,JPY,108
1300845262925321,"Sep 3, 2013",7:49:19 PM PDT,,Google fee,,Cherry blossom LiveWallpaper,com.quan.lwp.fallingleaveslwp,0,,hwY300-0100,GB,,SE9 4HR,GBP,-0.21,154.960000,JPY,-33
1361572700739285,"Sep 3, 2013",10:36:35 PM PDT,,Google fee,,夜桜　ライブ壁紙,com.quan.lwp.fallingleaveslwp,0,,m7,TW,,710,TWD,-9.00,3.348900,JPY,-30
1361572700739285,"Sep 3, 2013",10:36:35 PM PDT,,Charge,,夜桜　ライブ壁紙,com.quan.lwp.fallingleaveslwp,0,,m7,TW,,710,TWD,30.00,3.348900,JPY,100
1303789132671777,"Sep 4, 2013",1:59:57 PM PDT,,Charge,,夜桜　ライブ壁紙,com.quan.lwp.fallingleaveslwp,0,,GT-I9100,JP,TOKYO,192-0044,JPY,99,1.000000,JPY,99
1303789132671777,"Sep 4, 2013",1:59:57 PM PDT,,Google fee,,夜桜　ライブ壁紙,com.quan.lwp.fallingleaveslwp,0,,GT-I9100,JP,TOKYO,192-0044,JPY,-30,1.000000,JPY,-30
1376635936045754,"Sep 4, 2013",2:54:57 PM PDT,,Google fee,,夜桜　ライブ壁紙,com.quan.lwp.fallingleaveslwp,0,,m0,TW,,235,TWD,-9.00,3.359900,JPY,-30
1376635936045754,"Sep 4, 2013",2:54:57 PM PDT,,Charge,,夜桜　ライブ壁紙,com.quan.lwp.fallingleaveslwp,0,,m0,TW,,235,TWD,30.00,3.359900,JPY,101
1331383836322706,"Sep 4, 2013",3:32:20 PM PDT,,Google fee,,夜桜　ライブ壁紙,com.quan.lwp.fallingleaveslwp,0,,m7,TW,,320,TWD,-9.00,3.359900,JPY,-31
1331383836322706,"Sep 4, 2013",3:32:20 PM PDT,,Charge,,夜桜　ライブ壁紙,com.quan.lwp.fallingleaveslwp,0,,m7,TW,,320,TWD,30.00,3.359900,JPY,101
1316106210859421,"Sep 5, 2013",12:57:32 AM PDT,,Google fee,,夜桜　ライブ壁紙,com.quan.lwp.fallingleaveslwp,0,,m0,TW,,717,TWD,-9.00,3.355200,JPY,-30
1316106210859421,"Sep 5, 2013",12:57:32 AM PDT,,Charge,,夜桜　ライブ壁紙,com.quan.lwp.fallingleaveslwp,0,,m0,TW,,717,TWD,30.00,3.355200,JPY,101
1313519664685450,"Sep 5, 2013",1:27:44 PM PDT,,Google fee,,夜桜　ライブ壁紙,com.quan.lwp.fallingleaveslwp,0,,IS12S,JP,群馬県,3703101,JPY,-30,1.000000,JPY,-30
1313519664685450,"Sep 5, 2013",1:27:44 PM PDT,,Charge,,夜桜　ライブ壁紙,com.quan.lwp.fallingleaveslwp,0,,IS12S,JP,群馬県,3703101,JPY,99,1.000000,JPY,99
1373634696643253,"Sep 5, 2013",3:20:17 PM PDT,,Google fee,,夜桜　ライブ壁紙,com.quan.lwp.fallingleaveslwp,0,,valentewxc9,TW,高雄市,83086,TWD,-9.00,3.358900,JPY,-31
1373634696643253,"Sep 5, 2013",3:20:17 PM PDT,,Charge,,夜桜　ライブ壁紙,com.quan.lwp.fallingleaveslwp,0,,valentewxc9,TW,高雄市,83086,TWD,30.00,3.358900,JPY,101
1352489713964581,"Sep 5, 2013",10:04:39 PM PDT,,Charge,,夜桜　ライブ壁紙,com.quan.lwp.fallingleaveslwp,0,,me172v,TW,,231,TWD,30.00,3.350500,JPY,101
1352489713964581,"Sep 5, 2013",10:04:39 PM PDT,,Google fee,,夜桜　ライブ壁紙,com.quan.lwp.fallingleaveslwp,0,,me172v,TW,,231,TWD,-9.00,3.350500,JPY,-30
1393774565384839,"Sep 6, 2013",6:43:06 AM PDT,,Charge,,夜桜　ライブ壁紙,com.quan.lwp.fallingleaveslwp,0,,C6602,TW,,508,TWD,30.00,3.352600,JPY,101
1393774565384839,"Sep 6, 2013",6:43:06 AM PDT,,Google fee,,夜桜　ライブ壁紙,com.quan.lwp.fallingleaveslwp,0,,C6602,TW,,508,TWD,-9.00,3.352600,JPY,-30
1300570134619189,"Sep 6, 2013",4:06:15 PM PDT,,Charge,,夜桜　ライブ壁紙,com.quan.lwp.fallingleaveslwp,0,,SC-02E,JP,,9218163,JPY,99,1.000000,JPY,99
1300570134619189,"Sep 6, 2013",4:06:15 PM PDT,,Google fee,,夜桜　ライブ壁紙,com.quan.lwp.fallingleaveslwp,0,,SC-02E,JP,,9218163,JPY,-30,1.000000,JPY,-30
1358429408161117,"Sep 7, 2013",10:43:00 AM PDT,,Google fee,,夜桜　ライブ壁紙,com.quan.lwp.fallingleaveslwp,0,,primods,TW,,116,TWD,-9.00,3.338900,JPY,-30
1358429408161117,"Sep 7, 2013",10:43:00 AM PDT,,Charge,,夜桜　ライブ壁紙,com.quan.lwp.fallingleaveslwp,0,,primods,TW,,116,TWD,30.00,3.338900,JPY,100
1309503393410130,"Sep 7, 2013",11:42:11 AM PDT,,Charge,,夜桜　ライブ壁紙,com.quan.lwp.fallingleaveslwp,0,,m0,TW,,805,TWD,30.00,3.338900,JPY,100
1309503393410130,"Sep 7, 2013",11:42:11 AM PDT,,Google fee,,夜桜　ライブ壁紙,com.quan.lwp.fallingleaveslwp,0,,m0,TW,,805,TWD,-9.00,3.338900,JPY,-30
1370569919694715,"Sep 7, 2013",3:44:56 PM PDT,,Google fee,,夜桜　ライブ壁紙,com.quan.lwp.fallingleaveslwp,0,,t03g,TW,,111,TWD,-9.00,3.338900,JPY,-30
1370569919694715,"Sep 7, 2013",3:44:56 PM PDT,,Charge,,夜桜　ライブ壁紙,com.quan.lwp.fallingleaveslwp,0,,t03g,TW,,111,TWD,30.00,3.338900,JPY,100
1317919847512198,"Sep 7, 2013",6:18:59 PM PDT,,Google fee,,夜桜　ライブ壁紙,com.quan.lwp.fallingleaveslwp,0,,C6602,TW,,11258,TWD,-9.00,3.338900,JPY,-30
1317919847512198,"Sep 7, 2013",6:18:59 PM PDT,,Charge,,夜桜　ライブ壁紙,com.quan.lwp.fallingleaveslwp,0,,C6602,TW,,11258,TWD,30.00,3.338900,JPY,100
1363873008463426,"Sep 7, 2013",7:30:37 PM PDT,,Charge,,夜桜　ライブ壁紙,com.quan.lwp.fallingleaveslwp,0,,SC-04E,JP,,3310812,JPY,99,1.000000,JPY,99
1363873008463426,"Sep 7, 2013",7:30:37 PM PDT,,Google fee,,夜桜　ライブ壁紙,com.quan.lwp.fallingleaveslwp,0,,SC-04E,JP,,3310812,JPY,-30,1.000000,JPY,-30
1341734525070865,"Sep 7, 2013",10:25:02 PM PDT,,Charge,,夜桜　ライブ壁紙,com.quan.lwp.fallingleaveslwp,0,,SOL21,JP,,8997511,JPY,99,1.000000,JPY,99
1341734525070865,"Sep 7, 2013",10:25:02 PM PDT,,Google fee,,夜桜　ライブ壁紙,com.quan.lwp.fallingleaveslwp,0,,SOL21,JP,,8997511,JPY,-30,1.000000,JPY,-30
1338041059985085,"Sep 8, 2013",4:07:42 AM PDT,,Google fee,,夜桜　ライブ壁紙,com.quan.lwp.fallingleaveslwp,0,,LT29i,TW,,700,TWD,-9.00,3.338900,JPY,-30
1338041059985085,"Sep 8, 2013",4:07:42 AM PDT,,Charge,,夜桜　ライブ壁紙,com.quan.lwp.fallingleaveslwp,0,,LT29i,TW,,700,TWD,30.00,3.338900,JPY,100
1365287010279124,"Sep 8, 2013",6:17:16 AM PDT,,Google fee,,夜桜　ライブ壁紙,com.quan.lwp.fallingleaveslwp,0,,t03g,TW,,807,TWD,-9.00,3.338900,JPY,-30
1365287010279124,"Sep 8, 2013",6:17:16 AM PDT,,Charge,,夜桜　ライブ壁紙,com.quan.lwp.fallingleaveslwp,0,,t03g,TW,,807,TWD,30.00,3.338900,JPY,100
1391193336840627,"Sep 8, 2013",9:47:46 AM PDT,,Google fee,,夜桜　ライブ壁紙,com.quan.lwp.fallingleaveslwp,0,,d2dcm,JP,,410-0836,JPY,-30,1.000000,JPY,-30
1391193336840627,"Sep 8, 2013",9:47:46 AM PDT,,Charge,,夜桜　ライブ壁紙,com.quan.lwp.fallingleaveslwp,0,,d2dcm,JP,,410-0836,JPY,99,1.000000,JPY,99
1374402812254897,"Sep 8, 2013",1:04:11 PM PDT,,Google fee,,Cherry blossom LiveWallpaper,com.quan.lwp.fallingleaveslwp,0,,grouper,US,VA,20136,USD,-0.30,99.240000,JPY,-30
1374402812254897,"Sep 8, 2013",1:04:11 PM PDT,,Charge,,Cherry blossom LiveWallpaper,com.quan.lwp.fallingleaveslwp,0,,grouper,US,VA,20136,USD,0.99,99.240000,JPY,98
1372306436435192,"Sep 8, 2013",2:02:35 PM PDT,,Charge,,夜桜　ライブ壁紙,com.quan.lwp.fallingleaveslwp,0,,dlxub1,TW,,338,TWD,30.00,3.338900,JPY,100
1372306436435192,"Sep 8, 2013",2:02:35 PM PDT,,Google fee,,夜桜　ライブ壁紙,com.quan.lwp.fallingleaveslwp,0,,dlxub1,TW,,338,TWD,-9.00,3.338900,JPY,-30
1361902211384810,"Sep 8, 2013",3:25:45 PM PDT,,Google fee,,夜桜　ライブ壁紙,com.quan.lwp.fallingleaveslwp,0,,T02D,JP,青森県,0300113,JPY,-30,1.000000,JPY,-30
1361902211384810,"Sep 8, 2013",3:25:45 PM PDT,,Charge,,夜桜　ライブ壁紙,com.quan.lwp.fallingleaveslwp,0,,T02D,JP,青森県,0300113,JPY,99,1.000000,JPY,99
1373983563052358,"Sep 8, 2013",3:40:34 PM PDT,,Google fee,,夜桜　ライブ壁紙,com.quan.lwp.fallingleaveslwp,0,,ja3g,TW,,234,TWD,-9.00,3.338900,JPY,-30
1373983563052358,"Sep 8, 2013",3:40:34 PM PDT,,Charge,,夜桜　ライブ壁紙,com.quan.lwp.fallingleaveslwp,0,,ja3g,TW,,234,TWD,30.00,3.338900,JPY,100
1362561598054723,"Sep 8, 2013",7:24:49 PM PDT,,Google fee,,夜桜　ライブ壁紙,com.quan.lwp.fallingleaveslwp,0,,SO-02E,US,CA,90001,USD,-0.30,99.660000,JPY,-30
1362561598054723,"Sep 8, 2013",7:24:49 PM PDT,,Charge,,夜桜　ライブ壁紙,com.quan.lwp.fallingleaveslwp,0,,SO-02E,US,CA,90001,USD,0.99,99.660000,JPY,99
1371728216928115,"Sep 9, 2013",1:56:12 AM PDT,,Google fee,,夜桜　ライブ壁紙,com.quan.lwp.fallingleaveslwp,0,,t03g,TW,,104,TWD,-9.00,3.351300,JPY,-30
1371728216928115,"Sep 9, 2013",1:56:12 AM PDT,,Charge,,夜桜　ライブ壁紙,com.quan.lwp.fallingleaveslwp,0,,t03g,TW,,104,TWD,30.00,3.351300,JPY,101
1306055235956844,"Sep 9, 2013",9:48:36 AM PDT,,Google fee,,夜桜　ライブ壁紙,com.quan.lwp.fallingleaveslwp,0,,lt013g,TW,,61345,TWD,-9.00,3.360200,JPY,-30
1306055235956844,"Sep 9, 2013",9:48:36 AM PDT,,Charge,,夜桜　ライブ壁紙,com.quan.lwp.fallingleaveslwp,0,,lt013g,TW,,61345,TWD,30.00,3.360200,JPY,101
1339743410819005,"Sep 9, 2013",3:10:15 PM PDT,,Google fee,,夜桜　ライブ壁紙,com.quan.lwp.fallingleaveslwp,0,,m7,TW,,115,TWD,-9.00,3.361300,JPY,-31
1339743410819005,"Sep 9, 2013",3:10:15 PM PDT,,Charge,,夜桜　ライブ壁紙,com.quan.lwp.fallingleaveslwp,0,,m7,TW,,115,TWD,30.00,3.361300,JPY,101
1337969940987750,"Sep 9, 2013",11:37:15 PM PDT,,Charge,,夜桜　ライブ壁紙,com.quan.lwp.fallingleaveslwp,0,,m0,TW,,241,TWD,30.00,3.361400,JPY,101
1337969940987750,"Sep 9, 2013",11:37:15 PM PDT,,Google fee,,夜桜　ライブ壁紙,com.quan.lwp.fallingleaveslwp,0,,m0,TW,,241,TWD,-9.00,3.361400,JPY,-30
1314055195589868,"Sep 10, 2013",2:37:45 AM PDT,,Charge,,夜桜　ライブ壁紙,com.quan.lwp.fallingleaveslwp,0,,SO-03E,JP,,8613322,JPY,99,1.000000,JPY,99
1314055195589868,"Sep 10, 2013",2:37:45 AM PDT,,Google fee,,夜桜　ライブ壁紙,com.quan.lwp.fallingleaveslwp,0,,SO-03E,JP,,8613322,JPY,-30,1.000000,JPY,-30
1309898456742281,"Sep 10, 2013",5:27:00 AM PDT,,Charge,,夜桜　ライブ壁紙,com.quan.lwp.fallingleaveslwp,0,,dlxub1,TW,,816,TWD,30.00,3.375000,JPY,101
1309898456742281,"Sep 10, 2013",5:27:00 AM PDT,,Google fee,,夜桜　ライブ壁紙,com.quan.lwp.fallingleaveslwp,0,,dlxub1,TW,,816,TWD,-9.00,3.375000,JPY,-31
1312631049843456,"Sep 10, 2013",6:54:49 AM PDT,,Google fee,,夜桜　ライブ壁紙,com.quan.lwp.fallingleaveslwp,0,,valentewxc9,TW,,813,TWD,-9.00,3.375000,JPY,-31
1312631049843456,"Sep 10, 2013",6:54:49 AM PDT,,Charge,,夜桜　ライブ壁紙,com.quan.lwp.fallingleaveslwp,0,,valentewxc9,TW,,813,TWD,30.00,3.375000,JPY,101
1358524190166967,"Sep 10, 2013",7:35:45 AM PDT,,Google fee,,夜桜　ライブ壁紙,com.quan.lwp.fallingleaveslwp,0,,SBM206SH,JP,,7200311,JPY,-30,1.000000,JPY,-30
1358524190166967,"Sep 10, 2013",7:35:45 AM PDT,,Charge,,夜桜　ライブ壁紙,com.quan.lwp.fallingleaveslwp,0,,SBM206SH,JP,,7200311,JPY,99,1.000000,JPY,99
1390285604740353,"Sep 10, 2013",1:13:45 PM PDT,,Charge,,夜桜　ライブ壁紙,com.quan.lwp.fallingleaveslwp,0,,SBM203SH,JP,,504-0956,JPY,99,1.000000,JPY,99
1390285604740353,"Sep 10, 2013",1:13:45 PM PDT,,Google fee,,夜桜　ライブ壁紙,com.quan.lwp.fallingleaveslwp,0,,SBM203SH,JP,,504-0956,JPY,-30,1.000000,JPY,-30
1312838545945695,"Sep 10, 2013",3:43:37 PM PDT,,Google fee,,夜桜　ライブ壁紙,com.quan.lwp.fallingleaveslwp,0,,SHL22,JP,,9010203,JPY,-30,1.000000,JPY,-30
1312838545945695,"Sep 10, 2013",3:43:37 PM PDT,,Charge,,夜桜　ライブ壁紙,com.quan.lwp.fallingleaveslwp,0,,SHL22,JP,,9010203,JPY,99,1.000000,JPY,99
1313135820798082,"Sep 10, 2013",11:36:13 PM PDT,,Charge,,夜桜　ライブ壁紙,com.quan.lwp.fallingleaveslwp,0,,dlxub1,TW,,220,TWD,30.00,3.377500,JPY,101
1313135820798082,"Sep 10, 2013",11:36:13 PM PDT,,Google fee,,夜桜　ライブ壁紙,com.quan.lwp.fallingleaveslwp,0,,dlxub1,TW,,220,TWD,-9.00,3.377500,JPY,-31
1343178253092856,"Sep 11, 2013",7:37:05 AM PDT,,Google fee,,夜桜　ライブ壁紙,com.quan.lwp.fallingleaveslwp,0,,t03g,TW,,235,TWD,-9.00,3.378300,JPY,-30
1343178253092856,"Sep 11, 2013",7:37:05 AM PDT,,Charge,,夜桜　ライブ壁紙,com.quan.lwp.fallingleaveslwp,0,,t03g,TW,,235,TWD,30.00,3.378300,JPY,101
1384063751856382,"Sep 11, 2013",1:13:16 PM PDT,,Google fee,,夜桜　ライブ壁紙,com.quan.lwp.fallingleaveslwp,0,,SOL22,JP,,7610312,JPY,-30,1.000000,JPY,-30
1384063751856382,"Sep 11, 2013",1:13:16 PM PDT,,Charge,,夜桜　ライブ壁紙,com.quan.lwp.fallingleaveslwp,0,,SOL22,JP,,7610312,JPY,99,1.000000,JPY,99
1377873800707000,"Sep 11, 2013",11:04:49 PM PDT,,Google fee,,夜桜　ライブ壁紙,com.quan.lwp.fallingleaveslwp,0,,t03g,TW,,224,TWD,-9.00,3.354700,JPY,-30
1377873800707000,"Sep 11, 2013",11:04:49 PM PDT,,Charge,,夜桜　ライブ壁紙,com.quan.lwp.fallingleaveslwp,0,,t03g,TW,,224,TWD,30.00,3.354700,JPY,101
1376164594249350,"Sep 12, 2013",10:10:50 AM PDT,,Google fee,,夜桜　ライブ壁紙,com.quan.lwp.fallingleaveslwp,0,,vee7ds,TW,,333,TWD,-9.00,3.346800,JPY,-30
1376164594249350,"Sep 12, 2013",10:10:50 AM PDT,,Charge,,夜桜　ライブ壁紙,com.quan.lwp.fallingleaveslwp,0,,vee7ds,TW,,333,TWD,30.00,3.346800,JPY,100
1305487243292737,"Sep 12, 2013",10:58:04 AM PDT,,Google fee,,夜桜　ライブ壁紙,com.quan.lwp.fallingleaveslwp,0,,m0,TW,,70964,TWD,-9.00,3.346800,JPY,-30
1305487243292737,"Sep 12, 2013",10:58:04 AM PDT,,Charge,,夜桜　ライブ壁紙,com.quan.lwp.fallingleaveslwp,0,,m0,TW,,70964,TWD,30.00,3.346800,JPY,100
1337945339499053,"Sep 12, 2013",1:06:59 PM PDT,,Google fee,,夜桜　ライブ壁紙,com.quan.lwp.fallingleaveslwp,0,,C6602,TW,,500,TWD,-9.00,3.355500,JPY,-30
1337945339499053,"Sep 12, 2013",1:06:59 PM PDT,,Charge,,夜桜　ライブ壁紙,com.quan.lwp.fallingleaveslwp,0,,C6602,TW,,500,TWD,30.00,3.355500,JPY,101
1354492813282687,"Sep 12, 2013",1:39:03 PM PDT,,Google fee,,夜桜　ライブ壁紙,com.quan.lwp.fallingleaveslwp,0,,m0,TW,,912,TWD,-9.00,3.355500,JPY,-30
1354492813282687,"Sep 12, 2013",1:39:03 PM PDT,,Charge,,夜桜　ライブ壁紙,com.quan.lwp.fallingleaveslwp,0,,m0,TW,,912,TWD,30.00,3.355500,JPY,101
1357244140279399,"Sep 12, 2013",8:37:29 PM PDT,,Charge,,夜桜　ライブ壁紙,com.quan.lwp.fallingleaveslwp,0,,C6502,TW,,112,TWD,30.00,3.361200,JPY,101
1357244140279399,"Sep 12, 2013",8:37:29 PM PDT,,Google fee,,夜桜　ライブ壁紙,com.quan.lwp.fallingleaveslwp,0,,C6502,TW,,112,TWD,-9.00,3.361200,JPY,-31
1354704141982056,"Sep 12, 2013",9:02:48 PM PDT,,Charge,,夜桜　ライブ壁紙,com.quan.lwp.fallingleaveslwp,0,,SC-03E,JP,,400-0125,JPY,99,1.000000,JPY,99
1354704141982056,"Sep 12, 2013",9:02:48 PM PDT,,Google fee,,夜桜　ライブ壁紙,com.quan.lwp.fallingleaveslwp,0,,SC-03E,JP,,400-0125,JPY,-30,1.000000,JPY,-30
1397618849446184,"Sep 13, 2013",7:15:11 AM PDT,,Charge,,夜桜　ライブ壁紙,com.quan.lwp.fallingleaveslwp,0,,pyramid,TW,,334,TWD,30.00,3.351200,JPY,101
1397618849446184,"Sep 13, 2013",7:15:11 AM PDT,,Google fee,,夜桜　ライブ壁紙,com.quan.lwp.fallingleaveslwp,0,,pyramid,TW,,334,TWD,-9.00,3.351200,JPY,-30
1339760838521219,"Sep 13, 2013",6:27:16 PM PDT,,Charge,,夜桜　ライブ壁紙,com.quan.lwp.fallingleaveslwp,0,,shooteru,TW,,600,TWD,30.00,3.344400,JPY,100
1339760838521219,"Sep 13, 2013",6:27:16 PM PDT,,Google fee,,夜桜　ライブ壁紙,com.quan.lwp.fallingleaveslwp,0,,shooteru,TW,,600,TWD,-9.00,3.344400,JPY,-30
1391991916312372,"Sep 14, 2013",3:57:57 AM PDT,,Charge,,夜桜　ライブ壁紙,com.quan.lwp.fallingleaveslwp,0,,t03g,TW,,730,TWD,30.00,3.344400,JPY,100
1391991916312372,"Sep 14, 2013",3:57:57 AM PDT,,Google fee,,夜桜　ライブ壁紙,com.quan.lwp.fallingleaveslwp,0,,t03g,TW,,730,TWD,-9.00,3.344400,JPY,-30
1334237373927878,"Sep 14, 2013",10:28:27 AM PDT,,Google fee,,夜桜　ライブ壁紙,com.quan.lwp.fallingleaveslwp,0,,m7,TW,,236,TWD,-9.00,3.344400,JPY,-30
1334237373927878,"Sep 14, 2013",10:28:27 AM PDT,,Charge,,夜桜　ライブ壁紙,com.quan.lwp.fallingleaveslwp,0,,m7,TW,,236,TWD,30.00,3.344400,JPY,100
1372611371208113,"Sep 14, 2013",10:53:25 AM PDT,,Google fee,,夜桜　ライブ壁紙,com.quan.lwp.fallingleaveslwp,0,,m7,TW,,806,TWD,-9.00,3.344400,JPY,-30
1372611371208113,"Sep 14, 2013",10:53:25 AM PDT,,Charge,,夜桜　ライブ壁紙,com.quan.lwp.fallingleaveslwp,0,,m7,TW,,806,TWD,30.00,3.344400,JPY,100
1385970468475941,"Sep 14, 2013",12:08:50 PM PDT,,Google fee,,夜桜　ライブ壁紙,com.quan.lwp.fallingleaveslwp,0,,dlxpul,TW,,235,TWD,-9.00,3.344400,JPY,-30
1385970468475941,"Sep 14, 2013",12:08:50 PM PDT,,Charge,,夜桜　ライブ壁紙,com.quan.lwp.fallingleaveslwp,0,,dlxpul,TW,,235,TWD,30.00,3.344400,JPY,100
1325359031792845,"Sep 14, 2013",5:56:38 PM PDT,,Google fee,,夜桜　ライブ壁紙,com.quan.lwp.fallingleaveslwp,0,,hwu9508,BE,,4000,EUR,-0.24,132.110000,JPY,-32
1325359031792845,"Sep 14, 2013",5:56:38 PM PDT,,Charge,,夜桜　ライブ壁紙,com.quan.lwp.fallingleaveslwp,0,,hwu9508,BE,,4000,EUR,0.81,132.110000,JPY,107
1368765762539343,"Sep 15, 2013",4:24:02 AM PDT,,Charge,,夜桜　ライブ壁紙,com.quan.lwp.fallingleaveslwp,0,,crater,TW,,110,TWD,30.00,3.344400,JPY,100
1368765762539343,"Sep 15, 2013",4:24:02 AM PDT,,Google fee,,夜桜　ライブ壁紙,com.quan.lwp.fallingleaveslwp,0,,crater,TW,,110,TWD,-9.00,3.344400,JPY,-30
1373225814868116,"Sep 15, 2013",7:59:03 AM PDT,,Google fee,,夜桜　ライブ壁紙,com.quan.lwp.fallingleaveslwp,0,,dlxub1,TW,,241,TWD,-9.00,3.344400,JPY,-30
1373225814868116,"Sep 15, 2013",7:59:03 AM PDT,,Charge,,夜桜　ライブ壁紙,com.quan.lwp.fallingleaveslwp,0,,dlxub1,TW,,241,TWD,30.00,3.344400,JPY,100
1363335133802124,"Sep 15, 2013",12:11:32 PM PDT,,Google fee,,夜桜　ライブ壁紙,com.quan.lwp.fallingleaveslwp,0,,SBM203SH,JP,,8120053,JPY,-30,1.000000,JPY,-30
1363335133802124,"Sep 15, 2013",12:11:32 PM PDT,,Charge,,夜桜　ライブ壁紙,com.quan.lwp.fallingleaveslwp,0,,SBM203SH,JP,,8120053,JPY,99,1.000000,JPY,99
1359815439937411,"Sep 16, 2013",12:39:43 AM PDT,,Charge,,夜桜　ライブ壁紙,com.quan.lwp.fallingleaveslwp,0,,m0,TW,,320,TWD,30.00,3.340300,JPY,100
1359815439937411,"Sep 16, 2013",12:39:43 AM PDT,,Google fee,,夜桜　ライブ壁紙,com.quan.lwp.fallingleaveslwp,0,,m0,TW,,320,TWD,-9.00,3.340300,JPY,-30
1357725077161539,"Sep 16, 2013",11:11:55 AM PDT,,Google fee,,夜桜　ライブ壁紙,com.quan.lwp.fallingleaveslwp,0,,GT-I9100,TW,,333,TWD,-9.00,3.346500,JPY,-30
1357725077161539,"Sep 16, 2013",11:11:55 AM PDT,,Charge,,夜桜　ライブ壁紙,com.quan.lwp.fallingleaveslwp,0,,GT-I9100,TW,,333,TWD,30.00,3.346500,JPY,100
1347245854864470,"Sep 16, 2013",3:56:52 PM PDT,,Charge,,夜桜　ライブ壁紙,com.quan.lwp.fallingleaveslwp,0,,C6802,TW,,242,TWD,30.00,3.348600,JPY,100
1347245854864470,"Sep 16, 2013",3:56:52 PM PDT,,Google fee,,夜桜　ライブ壁紙,com.quan.lwp.fallingleaveslwp,0,,C6802,TW,,242,TWD,-9.00,3.348600,JPY,-30
1358186836757920,"Sep 16, 2013",4:18:27 PM PDT,,Charge,,夜桜　ライブ壁紙,com.quan.lwp.fallingleaveslwp,0,,C6602,TW,,236,TWD,30.00,3.348600,JPY,100
1358186836757920,"Sep 16, 2013",4:18:27 PM PDT,,Google fee,,夜桜　ライブ壁紙,com.quan.lwp.fallingleaveslwp,0,,C6602,TW,,236,TWD,-9.00,3.348600,JPY,-30
1381708747076443,"Sep 16, 2013",6:24:37 PM PDT,,Google fee,,夜桜　ライブ壁紙,com.quan.lwp.fallingleaveslwp,0,,ja3g,TW,,300,TWD,-9.00,3.348000,JPY,-30
1381708747076443,"Sep 16, 2013",6:24:37 PM PDT,,Charge,,夜桜　ライブ壁紙,com.quan.lwp.fallingleaveslwp,0,,ja3g,TW,,300,TWD,30.00,3.348000,JPY,100
1351828624673274,"Sep 17, 2013",9:17:49 AM PDT,,Charge,,Cherry blossom LiveWallpaper,com.quan.lwp.fallingleaveslwp,0,,jflte,SG,,,SGD,1.31,78.802000,JPY,103
1351828624673274,"Sep 17, 2013",9:17:49 AM PDT,,Google fee,,Cherry blossom LiveWallpaper,com.quan.lwp.fallingleaveslwp,0,,jflte,SG,,,SGD,-0.39,78.802000,JPY,-31
1356317242421007,"Sep 17, 2013",11:11:34 AM PDT,,Charge,,夜桜　ライブ壁紙,com.quan.lwp.fallingleaveslwp,0,,SC-01E,JP,,679-2113,JPY,99,1.000000,JPY,99
1356317242421007,"Sep 17, 2013",11:11:34 AM PDT,,Google fee,,夜桜　ライブ壁紙,com.quan.lwp.fallingleaveslwp,0,,SC-01E,JP,,679-2113,JPY,-30,1.000000,JPY,-30
1305260920940419,"Sep 17, 2013",1:06:15 PM PDT,,Google fee,,夜桜　ライブ壁紙,com.quan.lwp.fallingleaveslwp,0,,t03g,TW,,104,TWD,-9.00,3.347300,JPY,-30
1305260920940419,"Sep 17, 2013",1:06:15 PM PDT,,Charge,,夜桜　ライブ壁紙,com.quan.lwp.fallingleaveslwp,0,,t03g,TW,,104,TWD,30.00,3.347300,JPY,100
1346277558997634,"Sep 17, 2013",1:13:19 PM PDT,,Charge,,夜桜　ライブ壁紙,com.quan.lwp.fallingleaveslwp,0,,dlxub1,TW,,324,TWD,30.00,3.347300,JPY,100
1346277558997634,"Sep 17, 2013",1:13:19 PM PDT,,Google fee,,夜桜　ライブ壁紙,com.quan.lwp.fallingleaveslwp,0,,dlxub1,TW,,324,TWD,-9.00,3.347300,JPY,-30
1333160016201363,"Sep 17, 2013",1:17:08 PM PDT,,Google fee,,夜桜　ライブ壁紙,com.quan.lwp.fallingleaveslwp,0,,t03g,TW,,231,TWD,-9.00,3.347300,JPY,-30
1333160016201363,"Sep 17, 2013",1:17:08 PM PDT,,Charge,,夜桜　ライブ壁紙,com.quan.lwp.fallingleaveslwp,0,,t03g,TW,,231,TWD,30.00,3.347300,JPY,100
1352096866965791,"Sep 17, 2013",1:30:04 PM PDT,,Google fee,,夜桜　ライブ壁紙,com.quan.lwp.fallingleaveslwp,0,,t03g,TW,,806,TWD,-9.00,3.347300,JPY,-30
1352096866965791,"Sep 17, 2013",1:30:04 PM PDT,,Charge,,夜桜　ライブ壁紙,com.quan.lwp.fallingleaveslwp,0,,t03g,TW,,806,TWD,30.00,3.347300,JPY,100
1398809829842983,"Sep 17, 2013",2:02:10 PM PDT,,Charge,,夜桜　ライブ壁紙,com.quan.lwp.fallingleaveslwp,0,,ZTE-N818,TW,,263,TWD,30.00,3.347300,JPY,100
1398809829842983,"Sep 17, 2013",2:02:10 PM PDT,,Google fee,,夜桜　ライブ壁紙,com.quan.lwp.fallingleaveslwp,0,,ZTE-N818,TW,,263,TWD,-9.00,3.347300,JPY,-30
1390209967013480,"Sep 17, 2013",3:30:35 PM PDT,,Google fee,,夜桜　ライブ壁紙,com.quan.lwp.fallingleaveslwp,0,,C6802,TW,新北市,224,TWD,-9.00,3.347300,JPY,-30
1390209967013480,"Sep 17, 2013",3:30:35 PM PDT,,Charge,,夜桜　ライブ壁紙,com.quan.lwp.fallingleaveslwp,0,,C6802,TW,新北市,224,TWD,30.00,3.347300,JPY,100
1309215061036166,"Sep 17, 2013",3:52:46 PM PDT,,Charge,,夜桜　ライブ壁紙,com.quan.lwp.fallingleaveslwp,0,,m7,TW,,22453,TWD,30.00,3.347300,JPY,100
1309215061036166,"Sep 17, 2013",3:52:46 PM PDT,,Google fee,,夜桜　ライブ壁紙,com.quan.lwp.fallingleaveslwp,0,,m7,TW,,22453,TWD,-9.00,3.347300,JPY,-30
1385524886993686,"Sep 17, 2013",5:11:58 PM PDT,,Google fee,,夜桜　ライブ壁紙,com.quan.lwp.fallingleaveslwp,0,,t03g,HK,-,,HKD,-2.44,12.784000,JPY,-31
1385524886993686,"Sep 17, 2013",5:11:58 PM PDT,,Charge,,夜桜　ライブ壁紙,com.quan.lwp.fallingleaveslwp,0,,t03g,HK,-,,HKD,8.14,12.784000,JPY,104
1301134285391183,"Sep 18, 2013",12:03:00 PM PDT,,Charge,,夜桜　ライブ壁紙,com.quan.lwp.fallingleaveslwp,0,,ME173X,TW,,220,TWD,30.00,3.344000,JPY,100
1301134285391183,"Sep 18, 2013",12:03:00 PM PDT,,Google fee,,夜桜　ライブ壁紙,com.quan.lwp.fallingleaveslwp,0,,ME173X,TW,,220,TWD,-9.00,3.344000,JPY,-30
1383691895758318,"Sep 18, 2013",4:30:07 PM PDT,,Charge,,夜桜　ライブ壁紙,com.quan.lwp.fallingleaveslwp,0,,GT-I9100,TW,,334,TWD,30.00,3.307200,JPY,99
1383691895758318,"Sep 18, 2013",4:30:07 PM PDT,,Google fee,,夜桜　ライブ壁紙,com.quan.lwp.fallingleaveslwp,0,,GT-I9100,TW,,334,TWD,-9.00,3.307200,JPY,-30
1395324370412482,"Sep 18, 2013",5:56:07 PM PDT,,Google fee,,Cherry blossom LiveWallpaper,com.quan.lwp.fallingleaveslwp,0,,C6603,MT,,,JPY,-30,1.000000,JPY,-30
1395324370412482,"Sep 18, 2013",5:56:07 PM PDT,,Charge,,Cherry blossom LiveWallpaper,com.quan.lwp.fallingleaveslwp,0,,C6603,MT,,,JPY,99,1.000000,JPY,99
1322931112602552,"Sep 18, 2013",7:37:04 PM PDT,,Google fee,,Cherry blossom LiveWallpaper,com.quan.lwp.fallingleaveslwp,0,,t03g,BG,,1336,JPY,-30,1.000000,JPY,-30
1322931112602552,"Sep 18, 2013",7:37:04 PM PDT,,Charge,,Cherry blossom LiveWallpaper,com.quan.lwp.fallingleaveslwp,0,,t03g,BG,,1336,JPY,99,1.000000,JPY,99
1305968236550635,"Sep 19, 2013",4:17:48 AM PDT,,Charge,,夜桜　ライブ壁紙,com.quan.lwp.fallingleaveslwp,0,,valentewxc9,TW,台北市,100,TWD,30.00,3.356700,JPY,101
1305968236550635,"Sep 19, 2013",4:17:48 AM PDT,,Google fee,,夜桜　ライブ壁紙,com.quan.lwp.fallingleaveslwp,0,,valentewxc9,TW,台北市,100,TWD,-9.00,3.356700,JPY,-30
1366609393591204,"Sep 19, 2013",12:29:43 PM PDT,,Google fee,,Cherry blossom LiveWallpaper,com.quan.lwp.fallingleaveslwp,0,,LT22i,AU,,2303,AUD,-0.30,93.807000,JPY,-28
1366609393591204,"Sep 19, 2013",12:29:43 PM PDT,,Charge,,Cherry blossom LiveWallpaper,com.quan.lwp.fallingleaveslwp,0,,LT22i,AU,,2303,AUD,0.99,93.807000,JPY,93
1303071096418366,"Sep 19, 2013",1:38:07 PM PDT,,Google fee,,夜桜　ライブ壁紙,com.quan.lwp.fallingleaveslwp,0,,m0,TW,,632,TWD,-9.00,3.365900,JPY,-30
1303071096418366,"Sep 19, 2013",1:38:07 PM PDT,,Charge,,夜桜　ライブ壁紙,com.quan.lwp.fallingleaveslwp,0,,m0,TW,,632,TWD,30.00,3.365900,JPY,101
1343395920750579,"Sep 19, 2013",2:38:52 PM PDT,,Charge,,夜桜　ライブ壁紙,com.quan.lwp.fallingleaveslwp,0,,tilapia,TW,,22165,TWD,30.00,3.365900,JPY,101
1343395920750579,"Sep 19, 2013",2:38:52 PM PDT,,Google fee,,夜桜　ライブ壁紙,com.quan.lwp.fallingleaveslwp,0,,tilapia,TW,,22165,TWD,-9.00,3.365900,JPY,-31
1386378492466344,"Sep 20, 2013",6:15:40 AM PDT,,Charge,,夜桜　ライブ壁紙,com.quan.lwp.fallingleaveslwp,0,,IS11CA,JP,,175-0083,JPY,99,1.000000,JPY,99
1386378492466344,"Sep 20, 2013",6:15:40 AM PDT,,Google fee,,夜桜　ライブ壁紙,com.quan.lwp.fallingleaveslwp,0,,IS11CA,JP,,175-0083,JPY,-30,1.000000,JPY,-30
1323324248181763,"Sep 20, 2013",7:54:33 AM PDT,,Charge,,夜桜　ライブ壁紙,com.quan.lwp.fallingleaveslwp,0,,t03g,TW,,708,TWD,30.00,3.367500,JPY,101
1323324248181763,"Sep 20, 2013",7:54:33 AM PDT,,Google fee,,夜桜　ライブ壁紙,com.quan.lwp.fallingleaveslwp,0,,t03g,TW,,708,TWD,-9.00,3.367500,JPY,-30
1392016735517030,"Sep 20, 2013",12:52:06 PM PDT,,Google fee,,夜桜　ライブ壁紙,com.quan.lwp.fallingleaveslwp,0,,ja3g,TW,,360,TWD,-9.00,3.362900,JPY,-30
1392016735517030,"Sep 20, 2013",12:52:06 PM PDT,,Charge,,夜桜　ライブ壁紙,com.quan.lwp.fallingleaveslwp,0,,ja3g,TW,,360,TWD,30.00,3.362900,JPY,101
1342121883308586,"Sep 20, 2013",2:02:18 PM PDT,,Charge,,夜桜　ライブ壁紙,com.quan.lwp.fallingleaveslwp,0,,C6602,TW,,221,TWD,30.00,3.361900,JPY,101
1342121883308586,"Sep 20, 2013",2:02:18 PM PDT,,Google fee,,夜桜　ライブ壁紙,com.quan.lwp.fallingleaveslwp,0,,C6602,TW,,221,TWD,-9.00,3.361900,JPY,-31
1344012070837608,"Sep 21, 2013",1:25:42 AM PDT,,Charge,,夜桜　ライブ壁紙,com.quan.lwp.fallingleaveslwp,0,,t03g,TW,,114,TWD,30.00,3.361900,JPY,101
1344012070837608,"Sep 21, 2013",1:25:42 AM PDT,,Google fee,,夜桜　ライブ壁紙,com.quan.lwp.fallingleaveslwp,0,,t03g,TW,,114,TWD,-9.00,3.361900,JPY,-30
1336065139497687,"Sep 21, 2013",2:01:37 AM PDT,,Charge,,夜桜　ライブ壁紙,com.quan.lwp.fallingleaveslwp,0,,t03g,TW,,604,TWD,30.00,3.361900,JPY,101
1336065139497687,"Sep 21, 2013",2:01:37 AM PDT,,Google fee,,夜桜　ライブ壁紙,com.quan.lwp.fallingleaveslwp,0,,t03g,TW,,604,TWD,-9.00,3.361900,JPY,-30
1374620934185340,"Sep 21, 2013",2:49:44 AM PDT,,Google fee,,夜桜　ライブ壁紙,com.quan.lwp.fallingleaveslwp,0,,enrc2b,TW,,50642,TWD,-9.00,3.361900,JPY,-31
1374620934185340,"Sep 21, 2013",2:49:44 AM PDT,,Charge,,夜桜　ライブ壁紙,com.quan.lwp.fallingleaveslwp,0,,enrc2b,TW,,50642,TWD,30.00,3.361900,JPY,101
1385250022631905,"Sep 21, 2013",11:38:18 AM PDT,,Google fee,,夜桜　ライブ壁紙,com.quan.lwp.fallingleaveslwp,0,,C6902,TW,,103,TWD,-9.00,3.361900,JPY,-31
1385250022631905,"Sep 21, 2013",11:38:18 AM PDT,,Charge,,夜桜　ライブ壁紙,com.quan.lwp.fallingleaveslwp,0,,C6902,TW,,103,TWD,30.00,3.361900,JPY,101
1322283748524979,"Sep 21, 2013",5:59:26 PM PDT,,Google fee,,夜桜　ライブ壁紙,com.quan.lwp.fallingleaveslwp,0,,dlxub1,JP,TOKYO,1920044,JPY,-30,1.000000,JPY,-30
1322283748524979,"Sep 21, 2013",5:59:26 PM PDT,,Charge,,夜桜　ライブ壁紙,com.quan.lwp.fallingleaveslwp,0,,dlxub1,JP,TOKYO,1920044,JPY,99,1.000000,JPY,99
1394128583672419,"Sep 21, 2013",10:11:13 PM PDT,,Google fee,,夜桜　ライブ壁紙,com.quan.lwp.fallingleaveslwp,0,,a10,TW,,086,TWD,-9.00,3.361900,JPY,-30
1394128583672419,"Sep 21, 2013",10:11:13 PM PDT,,Charge,,夜桜　ライブ壁紙,com.quan.lwp.fallingleaveslwp,0,,a10,TW,,086,TWD,30.00,3.361900,JPY,101
1345959515438555,"Sep 22, 2013",8:43:04 AM PDT,,Charge,,夜桜　ライブ壁紙,com.quan.lwp.fallingleaveslwp,0,,m7,TW,,811,TWD,30.00,3.361900,JPY,101
1345959515438555,"Sep 22, 2013",8:43:04 AM PDT,,Google fee,,夜桜　ライブ壁紙,com.quan.lwp.fallingleaveslwp,0,,m7,TW,,811,TWD,-9.00,3.361900,JPY,-31
1393401653097762,"Sep 22, 2013",1:51:26 PM PDT,,Charge,,夜桜　ライブ壁紙,com.quan.lwp.fallingleaveslwp,0,,m7,TW,,111,TWD,30.00,3.361900,JPY,101
1393401653097762,"Sep 22, 2013",1:51:26 PM PDT,,Google fee,,夜桜　ライブ壁紙,com.quan.lwp.fallingleaveslwp,0,,m7,TW,,111,TWD,-9.00,3.361900,JPY,-31
1366471825182553,"Sep 23, 2013",7:34:59 AM PDT,,Charge,,Cherry blossom LiveWallpaper,com.quan.lwp.fallingleaveslwp,0,,d2vzw,US,MA,01571,USD,0.99,98.800000,JPY,98
1366471825182553,"Sep 23, 2013",7:34:59 AM PDT,,Google fee,,Cherry blossom LiveWallpaper,com.quan.lwp.fallingleaveslwp,0,,d2vzw,US,MA,01571,USD,-0.30,98.800000,JPY,-30
1374900672101002,"Sep 23, 2013",8:35:35 AM PDT,,Google fee,,夜桜　ライブ壁紙,com.quan.lwp.fallingleaveslwp,0,,C6902,TW,,11661,TWD,-9.00,3.343500,JPY,-30
1374900672101002,"Sep 23, 2013",8:35:35 AM PDT,,Charge,,夜桜　ライブ壁紙,com.quan.lwp.fallingleaveslwp,0,,C6902,TW,,11661,TWD,30.00,3.343500,JPY,100
1300947334507143,"Sep 23, 2013",11:45:40 AM PDT,,Google fee,,夜桜　ライブ壁紙,com.quan.lwp.fallingleaveslwp,0,,SO-04E,JP,,8618037,JPY,-30,1.000000,JPY,-30
1300947334507143,"Sep 23, 2013",11:45:40 AM PDT,,Charge,,夜桜　ライブ壁紙,com.quan.lwp.fallingleaveslwp,0,,SO-04E,JP,,8618037,JPY,99,1.000000,JPY,99
1320429318147562,"Sep 23, 2013",12:14:58 PM PDT,,Google fee,,夜桜　ライブ壁紙,com.quan.lwp.fallingleaveslwp,0,,PadFone,TW,,420,TWD,-9.00,3.341200,JPY,-30
1320429318147562,"Sep 23, 2013",12:14:58 PM PDT,,Charge,,夜桜　ライブ壁紙,com.quan.lwp.fallingleaveslwp,0,,PadFone,TW,,420,TWD,30.00,3.341200,JPY,100
1364110483507156,"Sep 23, 2013",10:31:34 PM PDT,,Google fee,,夜桜　ライブ壁紙,com.quan.lwp.fallingleaveslwp,0,,t03g,TW,,428,TWD,-9.00,3.347300,JPY,-30
1364110483507156,"Sep 23, 2013",10:31:34 PM PDT,,Charge,,夜桜　ライブ壁紙,com.quan.lwp.fallingleaveslwp,0,,t03g,TW,,428,TWD,30.00,3.347300,JPY,100
1310691788367769,"Sep 24, 2013",12:33:46 PM PDT,,Charge,,夜桜　ライブ壁紙,com.quan.lwp.fallingleaveslwp,0,,C6602,TW,,630,TWD,30.00,3.339600,JPY,100
1310691788367769,"Sep 24, 2013",12:33:46 PM PDT,,Google fee,,夜桜　ライブ壁紙,com.quan.lwp.fallingleaveslwp,0,,C6602,TW,,630,TWD,-9.00,3.339600,JPY,-30
1368410651186070,"Sep 24, 2013",3:43:34 PM PDT,,Google fee,,夜桜　ライブ壁紙,com.quan.lwp.fallingleaveslwp,0,,C6902,TW,,330,TWD,-9.00,3.344600,JPY,-30
1368410651186070,"Sep 24, 2013",3:43:34 PM PDT,,Charge,,夜桜　ライブ壁紙,com.quan.lwp.fallingleaveslwp,0,,C6902,TW,,330,TWD,30.00,3.344600,JPY,100
1304688909960687,"Sep 24, 2013",5:40:58 PM PDT,,Charge,,夜桜　ライブ壁紙,com.quan.lwp.fallingleaveslwp,0,,m0,TW,,11279,TWD,30.00,3.344600,JPY,100
1304688909960687,"Sep 24, 2013",5:40:58 PM PDT,,Google fee,,夜桜　ライブ壁紙,com.quan.lwp.fallingleaveslwp,0,,m0,TW,,11279,TWD,-9.00,3.344600,JPY,-30
1373059108787248,"Sep 24, 2013",9:53:35 PM PDT,,Charge,,夜桜　ライブ壁紙,com.quan.lwp.fallingleaveslwp,0,,C6502,TW,,23144,TWD,30.00,3.335400,JPY,100
1373059108787248,"Sep 24, 2013",9:53:35 PM PDT,,Google fee,,夜桜　ライブ壁紙,com.quan.lwp.fallingleaveslwp,0,,C6502,TW,,23144,TWD,-9.00,3.335400,JPY,-30
1316246943243693,"Sep 25, 2013",5:55:09 AM PDT,,Google fee,,夜桜　ライブ壁紙,com.quan.lwp.fallingleaveslwp,0,,LT18i,TW,,726,TWD,-9.00,3.332200,JPY,-30
1316246943243693,"Sep 25, 2013",5:55:09 AM PDT,,Charge,,夜桜　ライブ壁紙,com.quan.lwp.fallingleaveslwp,0,,LT18i,TW,,726,TWD,30.00,3.332200,JPY,100
1371441806678219,"Sep 25, 2013",1:41:50 PM PDT,,Google fee,,夜桜　ライブ壁紙,com.quan.lwp.fallingleaveslwp,0,,C6602,TW,,247,TWD,-9.00,3.332200,JPY,-30
1371441806678219,"Sep 25, 2013",1:41:50 PM PDT,,Charge,,夜桜　ライブ壁紙,com.quan.lwp.fallingleaveslwp,0,,C6602,TW,,247,TWD,30.00,3.332200,JPY,100
1386109962875935,"Sep 25, 2013",6:20:28 PM PDT,,Charge,,夜桜　ライブ壁紙,com.quan.lwp.fallingleaveslwp,0,,A68,TW,,822,TWD,30.00,3.329700,JPY,100
1386109962875935,"Sep 25, 2013",6:20:28 PM PDT,,Google fee,,夜桜　ライブ壁紙,com.quan.lwp.fallingleaveslwp,0,,A68,TW,,822,TWD,-9.00,3.329700,JPY,-30
1356158865657576,"Sep 26, 2013",10:12:09 PM PDT,,Google fee,,夜桜　ライブ壁紙,com.quan.lwp.fallingleaveslwp,0,,t03g,TW,,807,TWD,-9.00,3.346100,JPY,-30
1356158865657576,"Sep 26, 2013",10:12:09 PM PDT,,Charge,,夜桜　ライブ壁紙,com.quan.lwp.fallingleaveslwp,0,,t03g,TW,,807,TWD,30.00,3.346100,JPY,100
1359713021797008,"Sep 27, 2013",12:58:06 AM PDT,,Charge,,夜桜　ライブ壁紙,com.quan.lwp.fallingleaveslwp,0,,C6502,TW,,975,TWD,30.00,3.336700,JPY,100
1359713021797008,"Sep 27, 2013",12:58:06 AM PDT,,Google fee,,夜桜　ライブ壁紙,com.quan.lwp.fallingleaveslwp,0,,C6502,TW,,975,TWD,-9.00,3.336700,JPY,-30
1378142392100640,"Sep 27, 2013",3:05:06 AM PDT,,Charge,,夜桜　ライブ壁紙,com.quan.lwp.fallingleaveslwp,0,,m0,TW,,741,TWD,30.00,3.340600,JPY,100
1378142392100640,"Sep 27, 2013",3:05:06 AM PDT,,Google fee,,夜桜　ライブ壁紙,com.quan.lwp.fallingleaveslwp,0,,m0,TW,,741,TWD,-9.00,3.340600,JPY,-30
1347545554660213,"Sep 27, 2013",11:26:45 PM PDT,,Charge,,Cherry blossom LiveWallpaper,com.quan.lwp.fallingleaveslwp,0,,flo,US,MO,64801,USD,0.99,98.280000,JPY,97
1347545554660213,"Sep 27, 2013",11:26:45 PM PDT,,Google fee,,Cherry blossom LiveWallpaper,com.quan.lwp.fallingleaveslwp,0,,flo,US,MO,64801,USD,-0.30,98.280000,JPY,-30
1360662659248564,"Sep 28, 2013",9:50:17 AM PDT,,Charge,,夜桜　ライブ壁紙,com.quan.lwp.fallingleaveslwp,0,,LT26ii,TW,,251,TWD,30.00,3.327600,JPY,100
1360662659248564,"Sep 28, 2013",9:50:17 AM PDT,,Google fee,,夜桜　ライブ壁紙,com.quan.lwp.fallingleaveslwp,0,,LT26ii,TW,,251,TWD,-9.00,3.327600,JPY,-30
1338978897104200,"Sep 29, 2013",12:23:40 AM PDT,,Charge,,夜桜　ライブ壁紙,com.quan.lwp.fallingleaveslwp,0,,C6902,TW,,23159,TWD,30.00,3.327600,JPY,100
1338978897104200,"Sep 29, 2013",12:23:40 AM PDT,,Google fee,,夜桜　ライブ壁紙,com.quan.lwp.fallingleaveslwp,0,,C6902,TW,,23159,TWD,-9.00,3.327600,JPY,-30
1393499326218653,"Sep 29, 2013",1:16:00 AM PDT,,Charge,,夜桜　ライブ壁紙,com.quan.lwp.fallingleaveslwp,0,,C6602,TW,,205,TWD,30.00,3.327600,JPY,100
1393499326218653,"Sep 29, 2013",1:16:00 AM PDT,,Google fee,,夜桜　ライブ壁紙,com.quan.lwp.fallingleaveslwp,0,,C6602,TW,,205,TWD,-9.00,3.327600,JPY,-30
1392670582099818,"Sep 29, 2013",10:43:38 AM PDT,,Charge,,夜桜　ライブ壁紙,com.quan.lwp.fallingleaveslwp,0,,C6902,TW,,730,TWD,30.00,3.327600,JPY,100
1392670582099818,"Sep 29, 2013",10:43:38 AM PDT,,Google fee,,夜桜　ライブ壁紙,com.quan.lwp.fallingleaveslwp,0,,C6902,TW,,730,TWD,-9.00,3.327600,JPY,-30
1365149719756869,"Sep 29, 2013",3:24:46 PM PDT,,Charge,,夜桜　ライブ壁紙,com.quan.lwp.fallingleaveslwp,0,,aries,TW,,236,TWD,30.00,3.327600,JPY,100
1365149719756869,"Sep 29, 2013",3:24:46 PM PDT,,Google fee,,夜桜　ライブ壁紙,com.quan.lwp.fallingleaveslwp,0,,aries,TW,,236,TWD,-9.00,3.327600,JPY,-30
1375290964702514,"Sep 29, 2013",3:55:42 PM PDT,,Google fee,,夜桜　ライブ壁紙,com.quan.lwp.fallingleaveslwp,0,,t03g,TW,,330,TWD,-9.00,3.327600,JPY,-30
1375290964702514,"Sep 29, 2013",3:55:42 PM PDT,,Charge,,夜桜　ライブ壁紙,com.quan.lwp.fallingleaveslwp,0,,t03g,TW,,330,TWD,30.00,3.327600,JPY,100
1335131480750650,"Sep 29, 2013",4:44:12 PM PDT,,Charge,,夜桜　ライブ壁紙,com.quan.lwp.fallingleaveslwp,0,,m7,TW,,812,TWD,30.00,3.327600,JPY,100
1335131480750650,"Sep 29, 2013",4:44:12 PM PDT,,Google fee,,夜桜　ライブ壁紙,com.quan.lwp.fallingleaveslwp,0,,m7,TW,,812,TWD,-9.00,3.327600,JPY,-30
1355978980335302,"Sep 29, 2013",8:02:50 PM PDT,,Google fee,,夜桜　ライブ壁紙,com.quan.lwp.fallingleaveslwp,0,,jflte,CH,,8637,CHF,-0.30,107.950000,JPY,-32
1355978980335302,"Sep 29, 2013",8:02:50 PM PDT,,Charge,,夜桜　ライブ壁紙,com.quan.lwp.fallingleaveslwp,0,,jflte,CH,,8637,CHF,0.99,107.950000,JPY,107
