Description,Transaction Date,Transaction Time,Tax Type,Transaction Type,Refund Type,Product Title,Product id,Product Type,Sku Id,Hardware,Buyer Country,Buyer State,Buyer Postal Code,Buyer Currency,Amount (Buyer Currency),Currency Conversion Rate,Merchant Currency,Amount (Merchant Currency)
1385864409708193,"Nov 1, 2013",1:35:15 PM PDT,,Google fee,,夜桜　ライブ壁紙,com.quan.lwp.fallingleaveslwp,0,,t6ul,TW,,807,TWD,-9.00,3.355800,JPY,-30
1385864409708193,"Nov 1, 2013",1:35:15 PM PDT,,Charge,,夜桜　ライブ壁紙,com.quan.lwp.fallingleaveslwp,0,,t6ul,TW,,807,TWD,30.00,3.355800,JPY,101
1386715025662501,"Nov 2, 2013",5:41:01 AM PDT,,Google fee,,Cherry blossom LiveWallpaper,com.quan.lwp.fallingleaveslwp,0,,GT-S5300,AU,,4305,AUD,-0.30,93.190000,JPY,-28
1386715025662501,"Nov 2, 2013",5:41:01 AM PDT,,Charge,,Cherry blossom LiveWallpaper,com.quan.lwp.fallingleaveslwp,0,,GT-S5300,AU,,4305,AUD,0.99,93.190000,JPY,92
1372052154865824,"Nov 2, 2013",7:07:10 PM PDT,,Charge,,夜桜　ライブ壁紙,com.quan.lwp.fallingleaveslwp,0,,A68,TW,,807,TWD,30.00,3.355800,JPY,101
1372052154865824,"Nov 2, 2013",7:07:10 PM PDT,,Google fee,,夜桜　ライブ壁紙,com.quan.lwp.fallingleaveslwp,0,,A68,TW,,807,TWD,-9.00,3.355800,JPY,-30
1307005146986397,"Nov 3, 2013",1:02:26 AM PDT,,Google fee,,夜桜　ライブ壁紙,com.quan.lwp.fallingleaveslwp,0,,SC-02F,JP,,142-0063,JPY,-30,1.000000,JPY,-30
1307005146986397,"Nov 3, 2013",1:02:26 AM PDT,,Charge,,夜桜　ライブ壁紙,com.quan.lwp.fallingleaveslwp,0,,SC-02F,JP,,142-0063,JPY,99,1.000000,JPY,99
1377590497127852,"Nov 3, 2013",6:55:13 PM PST,,Charge,,夜桜　ライブ壁紙,com.quan.lwp.fallingleaveslwp,0,,SO-02E,JP,茨城県,3111235,JPY,99,1.000000,JPY,99
1377590497127852,"Nov 3, 2013",6:55:13 PM PST,,Google fee,,夜桜　ライブ壁紙,com.quan.lwp.fallingleaveslwp,0,,SO-02E,JP,茨城県,3111235,JPY,-30,1.000000,JPY,-30
1317638987493809,"Nov 4, 2013",12:33:07 AM PST,,Charge,,夜桜　ライブ壁紙,com.quan.lwp.fallingleaveslwp,0,,F04E,JP,,9895605,JPY,99,1.000000,JPY,99
1317638987493809,"Nov 4, 2013",12:33:07 AM PST,,Google fee,,夜桜　ライブ壁紙,com.quan.lwp.fallingleaveslwp,0,,F04E,JP,,9895605,JPY,-30,1.000000,JPY,-30
1355100982602008,"Nov 5, 2013",5:58:36 AM PST,,Google fee,,Cherry blossom LiveWallpaper,com.quan.lwp.fallingleaveslwp,0,,jfltevzw,US,CA,92620,USD,-0.30,98.320000,JPY,-29
1355100982602008,"Nov 5, 2013",5:58:36 AM PST,,Charge,,Cherry blossom LiveWallpaper,com.quan.lwp.fallingleaveslwp,0,,jfltevzw,US,CA,92620,USD,0.99,98.320000,JPY,97
1309928983169080,"Nov 5, 2013",9:52:26 AM PST,,Charge,,夜桜　ライブ壁紙,com.quan.lwp.fallingleaveslwp,0,,KYY21,JP,,4010511,JPY,99,1.000000,JPY,99
1309928983169080,"Nov 5, 2013",9:52:26 AM PST,,Google fee,,夜桜　ライブ壁紙,com.quan.lwp.fallingleaveslwp,0,,KYY21,JP,,4010511,JPY,-30,1.000000,JPY,-30
1345807070486561,"Nov 5, 2013",11:43:31 PM PST,,Google fee,,夜桜　ライブ壁紙,com.quan.lwp.fallingleaveslwp,0,,SBM203SH,JP,,0680027,JPY,-30,1.000000,JPY,-30
1345807070486561,"Nov 5, 2013",11:43:31 PM PST,,Charge,,夜桜　ライブ壁紙,com.quan.lwp.fallingleaveslwp,0,,SBM203SH,JP,,0680027,JPY,99,1.000000,JPY,99
1351707110570004,"Nov 6, 2013",11:23:53 AM PST,,Google fee,,夜桜　ライブ壁紙,com.quan.lwp.fallingleaveslwp,0,,SBM106SH,JP,,5090124,JPY,-30,1.000000,JPY,-30
1351707110570004,"Nov 6, 2013",11:23:53 AM PST,,Charge,,夜桜　ライブ壁紙,com.quan.lwp.fallingleaveslwp,0,,SBM106SH,JP,,5090124,JPY,99,1.000000,JPY,99
1332509512807622,"Nov 7, 2013",8:15:39 AM PST,,Charge,,夜桜　ライブ壁紙,com.quan.lwp.fallingleaveslwp,0,,d2dcm,JP,,350-1124,JPY,99,1.000000,JPY,99
1332509512807622,"Nov 7, 2013",8:15:39 AM PST,,Google fee,,夜桜　ライブ壁紙,com.quan.lwp.fallingleaveslwp,0,,d2dcm,JP,,350-1124,JPY,-30,1.000000,JPY,-30
1326032655127264,"Nov 7, 2013",7:39:48 PM PST,,Charge,,Cherry blossom LiveWallpaper,com.quan.lwp.fallingleaveslwp,0,,d2can,CA,QC,H1T 1G9,CAD,0.99,93.990000,JPY,93
1326032655127264,"Nov 7, 2013",7:39:48 PM PST,,Google fee,,Cherry blossom LiveWallpaper,com.quan.lwp.fallingleaveslwp,0,,d2can,CA,QC,H1T 1G9,CAD,-0.30,93.990000,JPY,-28
1377375563770390,"Nov 7, 2013",8:21:07 PM PST,,Charge,,夜桜　ライブ壁紙,com.quan.lwp.fallingleaveslwp,0,,SBM201F,JP,,3500822,JPY,99,1.000000,JPY,99
1377375563770390,"Nov 7, 2013",8:21:07 PM PST,,Google fee,,夜桜　ライブ壁紙,com.quan.lwp.fallingleaveslwp,0,,SBM201F,JP,,3500822,JPY,-30,1.000000,JPY,-30
1371359715427716,"Nov 8, 2013",8:11:11 AM PST,,Google fee,,夜桜　ライブ壁紙,com.quan.lwp.fallingleaveslwp,0,,C6902,TW,,116,TWD,-9.00,3.351400,JPY,-30
1371359715427716,"Nov 8, 2013",8:11:11 AM PST,,Charge,,夜桜　ライブ壁紙,com.quan.lwp.fallingleaveslwp,0,,C6902,TW,,116,TWD,30.00,3.351400,JPY,101
1340012229168231,"Nov 8, 2013",9:58:37 AM PST,,Google fee,,夜桜　ライブ壁紙,com.quan.lwp.fallingleaveslwp,0,,C6602,TW,,206,TWD,-9.00,3.357500,JPY,-30
1340012229168231,"Nov 8, 2013",9:58:37 AM PST,,Charge,,夜桜　ライブ壁紙,com.quan.lwp.fallingleaveslwp,0,,C6602,TW,,206,TWD,30.00,3.357500,JPY,101
1341227199375896,"Nov 10, 2013",3:39:54 AM PST,,Charge,,夜桜　ライブ壁紙,com.quan.lwp.fallingleaveslwp,0,,SH10D,JP,,5450051,JPY,99,1.000000,JPY,99
1341227199375896,"Nov 10, 2013",3:39:54 AM PST,,Google fee,,夜桜　ライブ壁紙,com.quan.lwp.fallingleaveslwp,0,,SH10D,JP,,5450051,JPY,-30,1.000000,JPY,-30
1324998470611192,"Nov 11, 2013",2:18:49 AM PST,,Charge,,Cherry blossom LiveWallpaper,com.quan.lwp.fallingleaveslwp,0,,M727MC,US,TX,76308,USD,0.99,98.970000,JPY,98
1324998470611192,"Nov 11, 2013",2:18:49 AM PST,,Google fee,,Cherry blossom LiveWallpaper,com.quan.lwp.fallingleaveslwp,0,,M727MC,US,TX,76308,USD,-0.30,98.970000,JPY,-30
1325245614201948,"Nov 11, 2013",7:44:49 AM PST,,Google fee,,夜桜　ライブ壁紙,com.quan.lwp.fallingleaveslwp,0,,C2305,TW,,224,TWD,-9.00,3.359100,JPY,-30
1325245614201948,"Nov 11, 2013",7:44:49 AM PST,,Charge,,夜桜　ライブ壁紙,com.quan.lwp.fallingleaveslwp,0,,C2305,TW,,224,TWD,30.00,3.359100,JPY,101
1339460333810637,"Nov 11, 2013",9:43:52 AM PST,,Charge,,夜桜　ライブ壁紙,com.quan.lwp.fallingleaveslwp,0,,SH10D,JP,,723-0063,JPY,99,1.000000,JPY,99
1339460333810637,"Nov 11, 2013",9:43:52 AM PST,,Google fee,,夜桜　ライブ壁紙,com.quan.lwp.fallingleaveslwp,0,,SH10D,JP,,723-0063,JPY,-30,1.000000,JPY,-30
1357812317819265,"Nov 11, 2013",11:37:35 AM PST,,Google fee,,夜桜　ライブ壁紙,com.quan.lwp.fallingleaveslwp,0,,SBM006SH,JP,山口県,755-0241,JPY,-30,1.000000,JPY,-30
1357812317819265,"Nov 11, 2013",11:37:35 AM PST,,Charge,,夜桜　ライブ壁紙,com.quan.lwp.fallingleaveslwp,0,,SBM006SH,JP,山口県,755-0241,JPY,99,1.000000,JPY,99
1375410743966220,"Nov 12, 2013",4:55:15 AM PST,,Charge,,Cherry blossom LiveWallpaper,com.quan.lwp.fallingleaveslwp,0,,jflte,NZ,,4410,NZD,1.28,82.014000,JPY,105
1375410743966220,"Nov 12, 2013",4:55:15 AM PST,,Google fee,,Cherry blossom LiveWallpaper,com.quan.lwp.fallingleaveslwp,0,,jflte,NZ,,4410,NZD,-0.38,82.014000,JPY,-31
1302493906215829,"Nov 13, 2013",6:55:06 PM PST,,Charge,,Cherry blossom LiveWallpaper,com.quan.lwp.fallingleaveslwp,0,,C5155,US,NJ,08527,USD,0.99,99.290000,JPY,98
1302493906215829,"Nov 13, 2013",6:55:06 PM PST,,Google fee,,Cherry blossom LiveWallpaper,com.quan.lwp.fallingleaveslwp,0,,C5155,US,NJ,08527,USD,-0.30,99.290000,JPY,-30
1348321435432433,"Nov 14, 2013",9:58:15 AM PST,,Google fee,,夜桜　ライブ壁紙,com.quan.lwp.fallingleaveslwp,0,,d2dcm,JP,,5570062,JPY,-30,1.000000,JPY,-30
1348321435432433,"Nov 14, 2013",9:58:15 AM PST,,Charge,,夜桜　ライブ壁紙,com.quan.lwp.fallingleaveslwp,0,,d2dcm,JP,,5570062,JPY,99,1.000000,JPY,99
1351274925548853,"Nov 14, 2013",12:25:10 PM PST,,Google fee,,夜桜　ライブ壁紙,com.quan.lwp.fallingleaveslwp,0,,SBM203SH,JP,,184-0001,JPY,-30,1.000000,JPY,-30
1351274925548853,"Nov 14, 2013",12:25:10 PM PST,,Charge,,夜桜　ライブ壁紙,com.quan.lwp.fallingleaveslwp,0,,SBM203SH,JP,,184-0001,JPY,99,1.000000,JPY,99
1335187867971675,"Nov 14, 2013",12:34:15 PM PST,,Google fee,,夜桜　ライブ壁紙,com.quan.lwp.fallingleaveslwp,0,,SO-02E,JP,,4870034,JPY,-30,1.000000,JPY,-30
1335187867971675,"Nov 14, 2013",12:34:15 PM PST,,Charge,,夜桜　ライブ壁紙,com.quan.lwp.fallingleaveslwp,0,,SO-02E,JP,,4870034,JPY,99,1.000000,JPY,99
1359707762686356,"Nov 14, 2013",6:53:01 PM PST,,Charge,,Cherry blossom LiveWallpaper,com.quan.lwp.fallingleaveslwp,0,,d2spr,US,IA,52806,USD,0.99,100.250000,JPY,99
1359707762686356,"Nov 14, 2013",6:53:01 PM PST,,Google fee,,Cherry blossom LiveWallpaper,com.quan.lwp.fallingleaveslwp,0,,d2spr,US,IA,52806,USD,-0.30,100.250000,JPY,-30
1325487195047115,"Nov 14, 2013",11:47:16 PM PST,,Charge,,夜桜　ライブ壁紙,com.quan.lwp.fallingleaveslwp,0,,t6ul,TW,台北縣,235,TWD,30.00,3.389000,JPY,102
1325487195047115,"Nov 14, 2013",11:47:16 PM PST,,Google fee,,夜桜　ライブ壁紙,com.quan.lwp.fallingleaveslwp,0,,t6ul,TW,台北縣,235,TWD,-9.00,3.389000,JPY,-31
1316000511609985,"Nov 15, 2013",12:08:09 AM PST,,Google fee,,夜桜　ライブ壁紙,com.quan.lwp.fallingleaveslwp,0,,KYY04,JP,,675-1316,JPY,-30,1.000000,JPY,-30
1316000511609985,"Nov 15, 2013",12:08:09 AM PST,,Charge,,夜桜　ライブ壁紙,com.quan.lwp.fallingleaveslwp,0,,KYY04,JP,,675-1316,JPY,99,1.000000,JPY,99
1313198809443283,"Nov 15, 2013",7:29:24 AM PST,,Google fee,,Cherry blossom LiveWallpaper,com.quan.lwp.fallingleaveslwp,0,,N8000,US,AZ,85040,USD,-0.30,100.210000,JPY,-30
1313198809443283,"Nov 15, 2013",7:29:24 AM PST,,Charge,,Cherry blossom LiveWallpaper,com.quan.lwp.fallingleaveslwp,0,,N8000,US,AZ,85040,USD,0.99,100.210000,JPY,99
1344850596208448,"Nov 15, 2013",11:30:43 AM PST,,Charge,,夜桜　ライブ壁紙,com.quan.lwp.fallingleaveslwp,0,,SHL23,JP,,2390822,JPY,99,1.000000,JPY,99
1344850596208448,"Nov 15, 2013",11:30:43 AM PST,,Google fee,,夜桜　ライブ壁紙,com.quan.lwp.fallingleaveslwp,0,,SHL23,JP,,2390822,JPY,-30,1.000000,JPY,-30
1319252525896101,"Nov 15, 2013",1:25:44 PM PST,,Google fee,,夜桜　ライブ壁紙,com.quan.lwp.fallingleaveslwp,0,,m7,TW,,406,TWD,-9.00,3.391500,JPY,-31
1319252525896101,"Nov 15, 2013",1:25:44 PM PST,,Charge,,夜桜　ライブ壁紙,com.quan.lwp.fallingleaveslwp,0,,m7,TW,,406,TWD,30.00,3.391500,JPY,102
1356620516312739,"Nov 16, 2013",11:13:22 AM PST,,Google fee,,夜桜　ライブ壁紙,com.quan.lwp.fallingleaveslwp,0,,C6902,TW,,110,TWD,-9.00,3.391500,JPY,-31
1356620516312739,"Nov 16, 2013",11:13:22 AM PST,,Charge,,夜桜　ライブ壁紙,com.quan.lwp.fallingleaveslwp,0,,C6902,TW,,110,TWD,30.00,3.391500,JPY,102
1378292617960708,"Nov 17, 2013",10:34:36 AM PST,,Google fee,,夜桜　ライブ壁紙,com.quan.lwp.fallingleaveslwp,0,,SOL23,JP,,3270844,JPY,-30,1.000000,JPY,-30
1378292617960708,"Nov 17, 2013",10:34:36 AM PST,,Charge,,夜桜　ライブ壁紙,com.quan.lwp.fallingleaveslwp,0,,SOL23,JP,,3270844,JPY,99,1.000000,JPY,99
1337049591492712,"Nov 17, 2013",12:55:40 PM PST,,Charge,,夜桜　ライブ壁紙,com.quan.lwp.fallingleaveslwp,0,,d2dcm,JP,,190-0012,JPY,99,1.000000,JPY,99
1337049591492712,"Nov 17, 2013",12:55:40 PM PST,,Google fee,,夜桜　ライブ壁紙,com.quan.lwp.fallingleaveslwp,0,,d2dcm,JP,,190-0012,JPY,-30,1.000000,JPY,-30
1326727353712311,"Nov 17, 2013",2:10:41 PM PST,,Charge,,Cherry blossom LiveWallpaper,com.quan.lwp.fallingleaveslwp,0,,konawifi,US,NC,28574,USD,0.99,100.220000,JPY,99
1326727353712311,"Nov 17, 2013",2:10:41 PM PST,,Google fee,,Cherry blossom LiveWallpaper,com.quan.lwp.fallingleaveslwp,0,,konawifi,US,NC,28574,USD,-0.30,100.220000,JPY,-30
1356189716160516,"Nov 17, 2013",7:26:19 PM PST,,Google fee,,Cherry blossom LiveWallpaper,com.quan.lwp.fallingleaveslwp,0,,m0,GB,,AB167EG,GBP,-0.21,161.620000,JPY,-34
1356189716160516,"Nov 17, 2013",7:26:19 PM PST,,Charge,,Cherry blossom LiveWallpaper,com.quan.lwp.fallingleaveslwp,0,,m0,GB,,AB167EG,GBP,0.70,161.620000,JPY,113
1339430505291840,"Nov 17, 2013",9:25:30 PM PST,,Charge,,夜桜　ライブ壁紙,com.quan.lwp.fallingleaveslwp,0,,valentewx,JP,,123-0842,JPY,99,1.000000,JPY,99
1339430505291840,"Nov 17, 2013",9:25:30 PM PST,,Google fee,,夜桜　ライブ壁紙,com.quan.lwp.fallingleaveslwp,0,,valentewx,JP,,123-0842,JPY,-30,1.000000,JPY,-30
1389267510455268,"Nov 19, 2013",3:24:40 AM PST,,Google fee,,夜桜　ライブ壁紙,com.quan.lwp.fallingleaveslwp,0,,SO-04E,JP,,0160171,JPY,-30,1.000000,JPY,-30
1389267510455268,"Nov 19, 2013",3:24:40 AM PST,,Charge,,夜桜　ライブ壁紙,com.quan.lwp.fallingleaveslwp,0,,SO-04E,JP,,0160171,JPY,99,1.000000,JPY,99
1351869494200924,"Nov 20, 2013",4:43:57 AM PST,,Google fee,,夜桜　ライブ壁紙,com.quan.lwp.fallingleaveslwp,0,,C6902,TW,台南市,73043,TWD,-9.00,3.388700,JPY,-30
1351869494200924,"Nov 20, 2013",4:43:57 AM PST,,Charge,,夜桜　ライブ壁紙,com.quan.lwp.fallingleaveslwp,0,,C6902,TW,台南市,73043,TWD,30.00,3.388700,JPY,102
1371359042240637,"Nov 20, 2013",10:21:05 AM PST,,Google fee,,夜桜　ライブ壁紙,com.quan.lwp.fallingleaveslwp,0,,SH04E,JP,,0930501,JPY,-30,1.000000,JPY,-30
1371359042240637,"Nov 20, 2013",10:21:05 AM PST,,Charge,,夜桜　ライブ壁紙,com.quan.lwp.fallingleaveslwp,0,,SH04E,JP,,0930501,JPY,99,1.000000,JPY,99
1308205539484919,"Nov 20, 2013",10:50:24 AM PST,,Charge,,夜桜　ライブ壁紙,com.quan.lwp.fallingleaveslwp,0,,C6802,TW,,33442,TWD,30.00,3.390200,JPY,102
1308205539484919,"Nov 20, 2013",10:50:24 AM PST,,Google fee,,夜桜　ライブ壁紙,com.quan.lwp.fallingleaveslwp,0,,C6802,TW,,33442,TWD,-9.00,3.390200,JPY,-31
1311914948225176,"Nov 21, 2013",12:26:22 AM PST,,Google fee,,Crystal 1 units,com.dhearts.monsterdungeon,1,tier_1,SO-02E,VN,HÀ NỘI,,USD,-0.30,100.490000,JPY,-30
1311914948225176,"Nov 21, 2013",12:26:22 AM PST,,Charge,,Crystal 1 units,com.dhearts.monsterdungeon,1,tier_1,SO-02E,VN,HÀ NỘI,,USD,0.99,100.490000,JPY,99
1355109953750217,"Nov 22, 2013",1:35:00 PM PST,,Charge,,Cherry blossom LiveWallpaper,com.quan.lwp.fallingleaveslwp,0,,t0ltevzw,US,WA,98391,USD,0.99,101.320000,JPY,100
1355109953750217,"Nov 22, 2013",1:35:00 PM PST,,Google fee,,Cherry blossom LiveWallpaper,com.quan.lwp.fallingleaveslwp,0,,t0ltevzw,US,WA,98391,USD,-0.30,101.320000,JPY,-30
1307417816392694,"Nov 23, 2013",4:15:59 AM PST,,Charge,,夜桜　ライブ壁紙,com.quan.lwp.fallingleaveslwp,0,,C6902,TW,,505,TWD,30.00,3.425300,JPY,103
1307417816392694,"Nov 23, 2013",4:15:59 AM PST,,Google fee,,夜桜　ライブ壁紙,com.quan.lwp.fallingleaveslwp,0,,C6902,TW,,505,TWD,-9.00,3.425300,JPY,-31
1305237995584709,"Nov 23, 2013",5:05:38 AM PST,,Google fee,,夜桜　ライブ壁紙,com.quan.lwp.fallingleaveslwp,0,,p4notewifiww,TW,,100,TWD,-9.00,3.425300,JPY,-31
1305237995584709,"Nov 23, 2013",5:05:38 AM PST,,Charge,,夜桜　ライブ壁紙,com.quan.lwp.fallingleaveslwp,0,,p4notewifiww,TW,,100,TWD,30.00,3.425300,JPY,103
1331889719984705,"Nov 23, 2013",5:35:17 AM PST,,Charge,,夜桜　ライブ壁紙,com.quan.lwp.fallingleaveslwp,0,,SH03C,JP,,254-0014,JPY,99,1.000000,JPY,99
1331889719984705,"Nov 23, 2013",5:35:17 AM PST,,Google fee,,夜桜　ライブ壁紙,com.quan.lwp.fallingleaveslwp,0,,SH03C,JP,,254-0014,JPY,-30,1.000000,JPY,-30
1326671658698527,"Nov 23, 2013",8:01:12 AM PST,,Charge,,夜桜　ライブ壁紙,com.quan.lwp.fallingleaveslwp,0,,FJI11,JP,,5810802,JPY,99,1.000000,JPY,99
1326671658698527,"Nov 23, 2013",8:01:12 AM PST,,Google fee,,夜桜　ライブ壁紙,com.quan.lwp.fallingleaveslwp,0,,FJI11,JP,,5810802,JPY,-30,1.000000,JPY,-30
1366112056862786,"Nov 25, 2013",10:03:39 AM PST,,Google fee,,夜桜　ライブ壁紙,com.quan.lwp.fallingleaveslwp,0,,LT25i,TW,,243,TWD,-9.00,3.435800,JPY,-31
1366112056862786,"Nov 25, 2013",10:03:39 AM PST,,Charge,,夜桜　ライブ壁紙,com.quan.lwp.fallingleaveslwp,0,,LT25i,TW,,243,TWD,30.00,3.435800,JPY,103
1351322451981440,"Nov 25, 2013",1:06:25 PM PST,,Charge,,夜桜　ライブ壁紙,com.quan.lwp.fallingleaveslwp,0,,m0,TW,,220,TWD,30.00,3.434100,JPY,103
1351322451981440,"Nov 25, 2013",1:06:25 PM PST,,Google fee,,夜桜　ライブ壁紙,com.quan.lwp.fallingleaveslwp,0,,m0,TW,,220,TWD,-9.00,3.434100,JPY,-31
1318587591605069,"Nov 26, 2013",2:09:02 AM PST,,Google fee,,Cherry blossom LiveWallpaper,com.quan.lwp.fallingleaveslwp,0,,TF700T,US,AZ,85205,USD,-0.30,101.470000,JPY,-30
1318587591605069,"Nov 26, 2013",2:09:02 AM PST,,Charge,,Cherry blossom LiveWallpaper,com.quan.lwp.fallingleaveslwp,0,,TF700T,US,AZ,85205,USD,0.99,101.470000,JPY,100
1375334732135447,"Nov 26, 2013",8:10:10 PM PST,,Charge,,Stamina potion,com.dhearts.monter,1,sp_potion,t0ltevzw,US,CT,06029,USD,0.99,101.430000,JPY,100
1375334732135447,"Nov 26, 2013",8:10:10 PM PST,,Google fee,,Stamina potion,com.dhearts.monter,1,sp_potion,t0ltevzw,US,CT,06029,USD,-0.30,101.430000,JPY,-30
1308175366888631,"Nov 26, 2013",8:27:36 PM PST,,Charge,,HP potion,com.dhearts.monter,1,hp_potion,t0ltevzw,US,CT,06029,USD,0.99,101.430000,JPY,100
1308175366888631,"Nov 26, 2013",8:27:36 PM PST,,Google fee,,HP potion,com.dhearts.monter,1,hp_potion,t0ltevzw,US,CT,06029,USD,-0.30,101.430000,JPY,-30
1394354748251849,"Nov 26, 2013",11:21:25 PM PST,,Charge,,Crystal 1 units,com.dhearts.monter,1,tier_1,t0ltevzw,US,CT,06029,USD,0.99,101.500000,JPY,100
1394354748251849,"Nov 26, 2013",11:21:25 PM PST,,Google fee,,Crystal 1 units,com.dhearts.monter,1,tier_1,t0ltevzw,US,CT,06029,USD,-0.30,101.500000,JPY,-30
1398828187253552,"Nov 27, 2013",1:38:11 AM PST,,Google fee,,Crystal 5 units,com.dhearts.monter,1,tier_5,t0ltevzw,US,CT,06029,USD,-1.50,101.680000,JPY,-153
1398828187253552,"Nov 27, 2013",1:38:11 AM PST,,Charge,,Crystal 5 units,com.dhearts.monter,1,tier_5,t0ltevzw,US,CT,06029,USD,4.99,101.680000,JPY,507
1361372535338030,"Nov 27, 2013",2:03:11 PM PST,,Charge,,夜桜　ライブ壁紙,com.quan.lwp.fallingleaveslwp,0,,ef47s,KR,연동,000-000,KRW,1145,0.096244,JPY,110
1361372535338030,"Nov 27, 2013",2:03:11 PM PST,,Google fee,,夜桜　ライブ壁紙,com.quan.lwp.fallingleaveslwp,0,,ef47s,KR,연동,000-000,KRW,-343,0.096244,JPY,-33
1361513696699630,"Nov 28, 2013",3:01:01 PM PST,,Charge,,Crystal 1 units,com.dhearts.monter,1,tier_1,lt02lteatt,US,MN,55734,USD,0.99,102.260000,JPY,101
1361513696699630,"Nov 28, 2013",3:01:01 PM PST,,Google fee,,Crystal 1 units,com.dhearts.monter,1,tier_1,lt02lteatt,US,MN,55734,USD,-0.30,102.260000,JPY,-31
1367336326731513,"Nov 28, 2013",5:12:33 PM PST,,Google fee,,HP potion,com.dhearts.monter,1,hp_potion,t0ltevzw,US,CT,06029,USD,-0.30,102.260000,JPY,-31
1367336326731513,"Nov 28, 2013",5:12:33 PM PST,,Charge,,HP potion,com.dhearts.monter,1,hp_potion,t0ltevzw,US,CT,06029,USD,0.99,102.260000,JPY,101
1317840127475002,"Nov 29, 2013",4:05:04 AM PST,,Google fee,,夜桜　ライブ壁紙,com.quan.lwp.fallingleaveslwp,0,,meliuslte,HK,-,,HKD,-2.44,13.192000,JPY,-32
1317840127475002,"Nov 29, 2013",4:05:04 AM PST,,Charge,,夜桜　ライブ壁紙,com.quan.lwp.fallingleaveslwp,0,,meliuslte,HK,-,,HKD,8.14,13.192000,JPY,107
1326985922845003,"Nov 29, 2013",4:23:48 PM PST,,Google fee,,夜桜　ライブ壁紙,com.quan.lwp.fallingleaveslwp,0,,SBM206SH,JP,,355-0024,JPY,-30,1.000000,JPY,-30
1326985922845003,"Nov 29, 2013",4:23:48 PM PST,,Charge,,夜桜　ライブ壁紙,com.quan.lwp.fallingleaveslwp,0,,SBM206SH,JP,,355-0024,JPY,99,1.000000,JPY,99
1327053330084673,"Nov 29, 2013",7:20:19 PM PST,,Charge,,Stamina potion,com.dhearts.monter,1,sp_potion,t0ltevzw,US,CT,06029,USD,0.99,102.430000,JPY,101
1327053330084673,"Nov 29, 2013",7:20:19 PM PST,,Google fee,,Stamina potion,com.dhearts.monter,1,sp_potion,t0ltevzw,US,CT,06029,USD,-0.30,102.430000,JPY,-31
1345578667037101,"Nov 29, 2013",7:37:02 PM PST,,Google fee,,HP potion,com.dhearts.monter,1,hp_potion,t0ltevzw,US,CT,06029,USD,-0.30,102.430000,JPY,-31
1345578667037101,"Nov 29, 2013",7:37:02 PM PST,,Charge,,HP potion,com.dhearts.monter,1,hp_potion,t0ltevzw,US,CT,06029,USD,0.99,102.430000,JPY,101
1396214685458332,"Nov 30, 2013",4:49:20 AM PST,,Google fee,,Crystal 1 units,com.dhearts.monter,1,tier_1,ace,US,OK,74074,USD,-0.30,102.430000,JPY,-31
1396214685458332,"Nov 30, 2013",4:49:20 AM PST,,Charge,,Crystal 1 units,com.dhearts.monter,1,tier_1,ace,US,OK,74074,USD,0.99,102.430000,JPY,101
1342579144788199,"Nov 30, 2013",4:51:32 AM PST,,Google fee,,Crystal 1 units,com.dhearts.monter,1,tier_1,ace,US,OK,74074,USD,-0.30,102.430000,JPY,-31
1342579144788199,"Nov 30, 2013",4:51:32 AM PST,,Charge,,Crystal 1 units,com.dhearts.monter,1,tier_1,ace,US,OK,74074,USD,0.99,102.430000,JPY,101
1348558344272791,"Nov 30, 2013",4:52:11 AM PST,,Google fee,,Crystal 1 units,com.dhearts.monter,1,tier_1,ace,US,OK,74074,USD,-0.30,102.430000,JPY,-31
1348558344272791,"Nov 30, 2013",4:52:11 AM PST,,Charge,,Crystal 1 units,com.dhearts.monter,1,tier_1,ace,US,OK,74074,USD,0.99,102.430000,JPY,101
1362299487299981,"Nov 30, 2013",12:43:00 PM PST,,Charge,,Cherry blossom LiveWallpaper,com.quan.lwp.fallingleaveslwp,0,,SCH-S720C,US,NY,12972,USD,0.99,102.430000,JPY,101
1362299487299981,"Nov 30, 2013",12:43:00 PM PST,,Google fee,,Cherry blossom LiveWallpaper,com.quan.lwp.fallingleaveslwp,0,,SCH-S720C,US,NY,12972,USD,-0.30,102.430000,JPY,-31
1335278032967668,"Nov 30, 2013",9:22:06 PM PST,,Charge,,HP potion,com.dhearts.monter,1,hp_potion,t0ltevzw,US,CT,06029,USD,0.99,102.430000,JPY,101
1335278032967668,"Nov 30, 2013",9:22:06 PM PST,,Google fee,,HP potion,com.dhearts.monter,1,hp_potion,t0ltevzw,US,CT,06029,USD,-0.30,102.430000,JPY,-31
1372213456207176,"Nov 30, 2013",10:29:00 PM PST,,Charge,,HP potion,com.dhearts.monter,1,hp_potion,t0ltevzw,US,CT,06029,USD,0.99,102.430000,JPY,101
1372213456207176,"Nov 30, 2013",10:29:00 PM PST,,Google fee,,HP potion,com.dhearts.monter,1,hp_potion,t0ltevzw,US,CT,06029,USD,-0.30,102.430000,JPY,-31
