Description,Transaction Date,Transaction Time,Tax Type,Transaction Type,Refund Type,Product Title,Product id,Product Type,Sku Id,Hardware,Buyer Country,Buyer State,Buyer Postal Code,Buyer Currency,Amount (Buyer Currency),Currency Conversion Rate,Merchant Currency,Amount (Merchant Currency)
1374277443082117,"May 1, 2015",6:02:14 AM PDT,,Google fee,,夜桜　ライブ壁紙,com.quan.lwp.fallingleaveslwp,0,,htc_m8,TW,,711,TWD,-9.00,3.917000,JPY,-35
1374277443082117,"May 1, 2015",6:02:14 AM PDT,,Charge,,夜桜　ライブ壁紙,com.quan.lwp.fallingleaveslwp,0,,htc_m8,TW,,711,TWD,30.00,3.917000,JPY,118
1347596022293019,"May 1, 2015",8:18:02 AM PDT,,Google fee,,夜桜　ライブ壁紙,com.quan.lwp.fallingleaveslwp,0,,D6503,TW,,401,TWD,-9.00,3.918900,JPY,-35
1347596022293019,"May 1, 2015",8:18:02 AM PDT,,Charge,,夜桜　ライブ壁紙,com.quan.lwp.fallingleaveslwp,0,,D6503,TW,,401,TWD,30.00,3.918900,JPY,118
1310681417869559,"May 1, 2015",1:58:13 PM PDT,,Google fee,,夜桜　ライブ壁紙,com.quan.lwp.fallingleaveslwp,0,,SO-04F,JP,,2100022,JPY,-30,1.000000,JPY,-30
1310681417869559,"May 1, 2015",1:58:13 PM PDT,,Charge,,夜桜　ライブ壁紙,com.quan.lwp.fallingleaveslwp,0,,SO-04F,JP,,2100022,JPY,99,1.000000,JPY,99
1319300081487661,"May 1, 2015",6:14:46 PM PDT,,Google fee,,夜桜　ライブ壁紙,com.quan.lwp.fallingleaveslwp,0,,SGP412,JP,愛知県,454-0966,JPY,-30,1.000000,JPY,-30
1319300081487661,"May 1, 2015",6:14:46 PM PDT,,Charge,,夜桜　ライブ壁紙,com.quan.lwp.fallingleaveslwp,0,,SGP412,JP,愛知県,454-0966,JPY,99,1.000000,JPY,99
1366295279200914,"May 2, 2015",1:18:25 AM PDT,,Google fee,,夜桜　ライブ壁紙,com.quan.lwp.fallingleaveslwp,0,,401SO,JP,,290-0065,JPY,-30,1.000000,JPY,-30
1366295279200914,"May 2, 2015",1:18:25 AM PDT,,Charge,,夜桜　ライブ壁紙,com.quan.lwp.fallingleaveslwp,0,,401SO,JP,,290-0065,JPY,99,1.000000,JPY,99
1334254675733238,"May 2, 2015",7:28:55 AM PDT,,Google fee,,夜桜　ライブ壁紙,com.quan.lwp.fallingleaveslwp,0,,KYY23,JP,,5310072,JPY,-30,1.000000,JPY,-30
1334254675733238,"May 2, 2015",7:28:55 AM PDT,,Charge,,夜桜　ライブ壁紙,com.quan.lwp.fallingleaveslwp,0,,KYY23,JP,,5310072,JPY,99,1.000000,JPY,99
1336632530048159,"May 2, 2015",9:38:21 AM PDT,,Google fee,,夜桜　ライブ壁紙,com.quan.lwp.fallingleaveslwp,0,,t6ul,TW,,106,TWD,-9.00,3.908200,JPY,-35
1336632530048159,"May 2, 2015",9:38:21 AM PDT,,Charge,,夜桜　ライブ壁紙,com.quan.lwp.fallingleaveslwp,0,,t6ul,TW,,106,TWD,30.00,3.908200,JPY,117
1340268783384748,"May 2, 2015",12:11:46 PM PDT,,Google fee,,夜桜　ライブ壁紙,com.quan.lwp.fallingleaveslwp,0,,SBM200SH,JP,千葉県,275-0026,JPY,-30,1.000000,JPY,-30
1340268783384748,"May 2, 2015",12:11:46 PM PDT,,Charge,,夜桜　ライブ壁紙,com.quan.lwp.fallingleaveslwp,0,,SBM200SH,JP,千葉県,275-0026,JPY,99,1.000000,JPY,99
1365504666428573,"May 2, 2015",2:32:48 PM PDT,,Google fee,,夜桜　ライブ壁紙,com.quan.lwp.fallingleaveslwp,0,,SHL24,JP,,890-0005,JPY,-30,1.000000,JPY,-30
1365504666428573,"May 2, 2015",2:32:48 PM PDT,,Charge,,夜桜　ライブ壁紙,com.quan.lwp.fallingleaveslwp,0,,SHL24,JP,,890-0005,JPY,99,1.000000,JPY,99
1339719111447241,"May 2, 2015",10:09:31 PM PDT,,Google fee,,夜桜　ライブ壁紙,com.quan.lwp.fallingleaveslwp,0,,SC-05G,JP,愛媛県,7900813,JPY,-30,1.000000,JPY,-30
1339719111447241,"May 2, 2015",10:09:31 PM PDT,,Charge,,夜桜　ライブ壁紙,com.quan.lwp.fallingleaveslwp,0,,SC-05G,JP,愛媛県,7900813,JPY,99,1.000000,JPY,99
1322411000856635,"May 3, 2015",4:15:03 AM PDT,,Google fee,,夜桜　ライブ壁紙,com.quan.lwp.fallingleaveslwp,0,,SOL26,JP,,0361331,JPY,-30,1.000000,JPY,-30
1322411000856635,"May 3, 2015",4:15:03 AM PDT,,Charge,,夜桜　ライブ壁紙,com.quan.lwp.fallingleaveslwp,0,,SOL26,JP,,0361331,JPY,99,1.000000,JPY,99
1357066048732617,"May 3, 2015",8:47:41 AM PDT,,Google fee,,夜桜　ライブ壁紙,com.quan.lwp.fallingleaveslwp,0,,SCL24,JP,愛知県,4418087,JPY,-30,1.000000,JPY,-30
1357066048732617,"May 3, 2015",8:47:41 AM PDT,,Charge,,夜桜　ライブ壁紙,com.quan.lwp.fallingleaveslwp,0,,SCL24,JP,愛知県,4418087,JPY,99,1.000000,JPY,99
1392401802323918,"May 3, 2015",9:28:43 AM PDT,,Google fee,,夜桜　ライブ壁紙,com.quan.lwp.fallingleaveslwp,0,,htc_a5ul,TW,,503,TWD,-9.00,3.908200,JPY,-35
1392401802323918,"May 3, 2015",9:28:43 AM PDT,,Charge,,夜桜　ライブ壁紙,com.quan.lwp.fallingleaveslwp,0,,htc_a5ul,TW,,503,TWD,30.00,3.908200,JPY,117
1334663778471686,"May 4, 2015",12:31:27 AM PDT,,Google fee,,Crystal 30 units,com.dhearts.monter,1,tier_25,e0v,US,IN,47163,USD,-5.05,120.080000,JPY,-606
1334663778471686,"May 4, 2015",12:31:27 AM PDT,,Charge,,Crystal 30 units,com.dhearts.monter,1,tier_25,e0v,US,IN,47163,USD,16.82,120.080000,JPY,2020
1344249744061005,"May 4, 2015",4:35:39 AM PDT,,Google fee,,夜桜　ライブ壁紙,com.quan.lwp.fallingleaveslwp,0,,401SO,JP,,9570063,JPY,-30,1.000000,JPY,-30
1344249744061005,"May 4, 2015",4:35:39 AM PDT,,Charge,,夜桜　ライブ壁紙,com.quan.lwp.fallingleaveslwp,0,,401SO,JP,,9570063,JPY,99,1.000000,JPY,99
1351766164936313,"May 4, 2015",11:42:34 AM PDT,,Google fee,,夜桜　ライブ壁紙,com.quan.lwp.fallingleaveslwp,0,,KYY24,JP,,5660072,JPY,-30,1.000000,JPY,-30
1351766164936313,"May 4, 2015",11:42:34 AM PDT,,Charge,,夜桜　ライブ壁紙,com.quan.lwp.fallingleaveslwp,0,,KYY24,JP,,5660072,JPY,99,1.000000,JPY,99
1382952723823154,"May 4, 2015",11:55:08 AM PDT,,Google fee,,夜桜　ライブ壁紙,com.quan.lwp.fallingleaveslwp,0,,SOL25,JP,北海道,0010017,JPY,-30,1.000000,JPY,-30
1382952723823154,"May 4, 2015",11:55:08 AM PDT,,Charge,,夜桜　ライブ壁紙,com.quan.lwp.fallingleaveslwp,0,,SOL25,JP,北海道,0010017,JPY,99,1.000000,JPY,99
1357216486974588,"May 4, 2015",12:42:58 PM PDT,,Google fee,,夜桜　ライブ壁紙,com.quan.lwp.fallingleaveslwp,0,,ha3g,TW,,600,TWD,-9.00,3.916600,JPY,-35
1357216486974588,"May 4, 2015",12:42:58 PM PDT,,Charge,,夜桜　ライブ壁紙,com.quan.lwp.fallingleaveslwp,0,,ha3g,TW,,600,TWD,30.00,3.916600,JPY,117
1398907757151864,"May 4, 2015",1:58:21 PM PDT,,Google fee,,夜桜　ライブ壁紙,com.quan.lwp.fallingleaveslwp,0,,SH-06E,JP,千葉県,299-1144,JPY,-30,1.000000,JPY,-30
1398907757151864,"May 4, 2015",1:58:21 PM PDT,,Charge,,夜桜　ライブ壁紙,com.quan.lwp.fallingleaveslwp,0,,SH-06E,JP,千葉県,299-1144,JPY,99,1.000000,JPY,99
1301580862090601,"May 4, 2015",5:46:10 PM PDT,,Google fee,,夜桜　ライブ壁紙,com.quan.lwp.fallingleaveslwp,0,,g2,TW,,802,TWD,-9.00,3.910100,JPY,-35
1301580862090601,"May 4, 2015",5:46:10 PM PDT,,Charge,,夜桜　ライブ壁紙,com.quan.lwp.fallingleaveslwp,0,,g2,TW,,802,TWD,30.00,3.910100,JPY,117
1396452089760843,"May 4, 2015",8:00:16 PM PDT,,Google fee,,夜桜　ライブ壁紙,com.quan.lwp.fallingleaveslwp,0,,FJL22_jp_kdi,JP,高知県,7820046,JPY,-30,1.000000,JPY,-30
1396452089760843,"May 4, 2015",8:00:16 PM PDT,,Charge,,夜桜　ライブ壁紙,com.quan.lwp.fallingleaveslwp,0,,FJL22_jp_kdi,JP,高知県,7820046,JPY,99,1.000000,JPY,99
1341705959958904,"May 5, 2015",9:39:18 AM PDT,,Google fee,,夜桜　ライブ壁紙,com.quan.lwp.fallingleaveslwp,0,,SOL26,JP,,4160944,JPY,-30,1.000000,JPY,-30
1341705959958904,"May 5, 2015",9:39:18 AM PDT,,Charge,,夜桜　ライブ壁紙,com.quan.lwp.fallingleaveslwp,0,,SOL26,JP,,4160944,JPY,99,1.000000,JPY,99
1346453134904624,"May 5, 2015",9:54:20 AM PDT,,Google fee,,夜桜　ライブ壁紙,com.quan.lwp.fallingleaveslwp,0,,tblte,TW,,402,TWD,-9.00,3.914000,JPY,-35
1346453134904624,"May 5, 2015",9:54:20 AM PDT,,Charge,,夜桜　ライブ壁紙,com.quan.lwp.fallingleaveslwp,0,,tblte,TW,,402,TWD,30.00,3.914000,JPY,117
1301896574411293,"May 5, 2015",10:25:01 AM PDT,,Google fee,,夜桜　ライブ壁紙,com.quan.lwp.fallingleaveslwp,0,,SG402SH,JP,,4443526,JPY,-30,1.000000,JPY,-30
1301896574411293,"May 5, 2015",10:25:01 AM PDT,,Charge,,夜桜　ライブ壁紙,com.quan.lwp.fallingleaveslwp,0,,SG402SH,JP,,4443526,JPY,99,1.000000,JPY,99
1369622181359729,"May 5, 2015",1:17:44 PM PDT,,Google fee,,Cherry blossom LiveWallpaper,com.quan.lwp.fallingleaveslwp,0,,codinaMetroPCS,US,OH,44134,USD,-0.30,119.850000,JPY,-36
1369622181359729,"May 5, 2015",1:17:44 PM PDT,,Charge,,Cherry blossom LiveWallpaper,com.quan.lwp.fallingleaveslwp,0,,codinaMetroPCS,US,OH,44134,USD,0.99,119.850000,JPY,119
1360102993932210,"May 6, 2015",10:56:53 AM PDT,,Google fee,,夜桜　ライブ壁紙,com.quan.lwp.fallingleaveslwp,0,,SO-02F,JP,,252-1127,JPY,-30,1.000000,JPY,-30
1360102993932210,"May 6, 2015",10:56:53 AM PDT,,Charge,,夜桜　ライブ壁紙,com.quan.lwp.fallingleaveslwp,0,,SO-02F,JP,,252-1127,JPY,99,1.000000,JPY,99
1392935779972196,"May 6, 2015",1:18:01 PM PDT,,Google fee,,夜桜　ライブ壁紙,com.quan.lwp.fallingleaveslwp,0,,SBM202F,JP,,7540002,JPY,-30,1.000000,JPY,-30
1392935779972196,"May 6, 2015",1:18:01 PM PDT,,Charge,,夜桜　ライブ壁紙,com.quan.lwp.fallingleaveslwp,0,,SBM202F,JP,,7540002,JPY,99,1.000000,JPY,99
1394814749305104,"May 6, 2015",2:24:35 PM PDT,,Google fee,,夜桜　ライブ壁紙,com.quan.lwp.fallingleaveslwp,0,,SHL23,JP,新潟県,959-0114,JPY,-30,1.000000,JPY,-30
1394814749305104,"May 6, 2015",2:24:35 PM PDT,,Charge,,夜桜　ライブ壁紙,com.quan.lwp.fallingleaveslwp,0,,SHL23,JP,新潟県,959-0114,JPY,99,1.000000,JPY,99
1353606080334315,"May 6, 2015",3:32:48 PM PDT,,Google fee,,夜桜　ライブ壁紙,com.quan.lwp.fallingleaveslwp,0,,D6653,TW,,803,TWD,-9.00,3.906900,JPY,-35
1353606080334315,"May 6, 2015",3:32:48 PM PDT,,Charge,,夜桜　ライブ壁紙,com.quan.lwp.fallingleaveslwp,0,,D6653,TW,,803,TWD,30.00,3.906900,JPY,117
1323427969578078,"May 6, 2015",6:20:15 PM PDT,,Google fee,,夜桜　ライブ壁紙,com.quan.lwp.fallingleaveslwp,0,,hammerhead,JP,東京都,134-0083,JPY,-30,1.000000,JPY,-30
1323427969578078,"May 6, 2015",6:20:15 PM PDT,,Charge,,夜桜　ライブ壁紙,com.quan.lwp.fallingleaveslwp,0,,hammerhead,JP,東京都,134-0083,JPY,99,1.000000,JPY,99
1336994343190803,"May 6, 2015",6:37:35 PM PDT,,Google fee,,夜桜　ライブ壁紙,com.quan.lwp.fallingleaveslwp,0,,hlte,TW,,801,TWD,-9.00,3.900700,JPY,-35
1336994343190803,"May 6, 2015",6:37:35 PM PDT,,Charge,,夜桜　ライブ壁紙,com.quan.lwp.fallingleaveslwp,0,,hlte,TW,,801,TWD,30.00,3.900700,JPY,117
1369664135066029,"May 7, 2015",5:46:11 AM PDT,,Google fee,,夜桜　ライブ壁紙,com.quan.lwp.fallingleaveslwp,0,,imnj,JP,秋田県,013-0102,JPY,-30,1.000000,JPY,-30
1369664135066029,"May 7, 2015",5:46:11 AM PDT,,Charge,,夜桜　ライブ壁紙,com.quan.lwp.fallingleaveslwp,0,,imnj,JP,秋田県,013-0102,JPY,99,1.000000,JPY,99
1318529694041154,"May 7, 2015",10:06:53 PM PDT,,Google fee,,夜桜　ライブ壁紙,com.quan.lwp.fallingleaveslwp,0,,icx1237,JP,,2570002,JPY,-30,1.000000,JPY,-30
1318529694041154,"May 7, 2015",10:06:53 PM PDT,,Charge,,夜桜　ライブ壁紙,com.quan.lwp.fallingleaveslwp,0,,icx1237,JP,,2570002,JPY,99,1.000000,JPY,99
1344329446695146,"May 8, 2015",6:01:50 AM PDT,,Google fee,,夜桜　ライブ壁紙,com.quan.lwp.fallingleaveslwp,0,,gplus82_6120,TW,,330,TWD,-9.00,3.913200,JPY,-35
1344329446695146,"May 8, 2015",6:01:50 AM PDT,,Charge,,夜桜　ライブ壁紙,com.quan.lwp.fallingleaveslwp,0,,gplus82_6120,TW,,330,TWD,30.00,3.913200,JPY,117
1303148027286757,"May 8, 2015",9:53:54 AM PDT,,Google fee,,夜桜　ライブ壁紙,com.quan.lwp.fallingleaveslwp,0,,N-03E,JP,,115-0054,JPY,-30,1.000000,JPY,-30
1303148027286757,"May 8, 2015",9:53:54 AM PDT,,Charge,,夜桜　ライブ壁紙,com.quan.lwp.fallingleaveslwp,0,,N-03E,JP,,115-0054,JPY,99,1.000000,JPY,99
1374961916279282,"May 8, 2015",10:17:33 AM PDT,,Google fee,,夜桜　ライブ壁紙,com.quan.lwp.fallingleaveslwp,0,,C6502,TW,,730,TWD,-9.00,3.904800,JPY,-35
1374961916279282,"May 8, 2015",10:17:33 AM PDT,,Charge,,夜桜　ライブ壁紙,com.quan.lwp.fallingleaveslwp,0,,C6502,TW,,730,TWD,30.00,3.904800,JPY,117
1373103459500846,"May 8, 2015",10:38:33 AM PDT,,Google fee,,夜桜　ライブ壁紙,com.quan.lwp.fallingleaveslwp,0,,SH-04F,JP,,5140819,JPY,-30,1.000000,JPY,-30
1373103459500846,"May 8, 2015",10:38:33 AM PDT,,Charge,,夜桜　ライブ壁紙,com.quan.lwp.fallingleaveslwp,0,,SH-04F,JP,,5140819,JPY,99,1.000000,JPY,99
1379865557190206,"May 8, 2015",3:04:48 PM PDT,,Google fee,,夜桜　ライブ壁紙,com.quan.lwp.fallingleaveslwp,0,,SO-01G,JP,,740-0023,JPY,-30,1.000000,JPY,-30
1379865557190206,"May 8, 2015",3:04:48 PM PDT,,Charge,,夜桜　ライブ壁紙,com.quan.lwp.fallingleaveslwp,0,,SO-01G,JP,,740-0023,JPY,99,1.000000,JPY,99
1384867818070779,"May 8, 2015",3:21:42 PM PDT,,Google fee,,夜桜　ライブ壁紙,com.quan.lwp.fallingleaveslwp,0,,KYY21,JP,,891-9306,JPY,-30,1.000000,JPY,-30
1384867818070779,"May 8, 2015",3:21:42 PM PDT,,Charge,,夜桜　ライブ壁紙,com.quan.lwp.fallingleaveslwp,0,,KYY21,JP,,891-9306,JPY,99,1.000000,JPY,99
1308993533530792,"May 8, 2015",5:10:06 PM PDT,,Google fee,,夜桜　ライブ壁紙,com.quan.lwp.fallingleaveslwp,0,,SC-04F,JP,徳島県,7700923,JPY,-30,1.000000,JPY,-30
1308993533530792,"May 8, 2015",5:10:06 PM PDT,,Charge,,夜桜　ライブ壁紙,com.quan.lwp.fallingleaveslwp,0,,SC-04F,JP,徳島県,7700923,JPY,99,1.000000,JPY,99
1397684213240711,"May 9, 2015",4:08:56 AM PDT,,Google fee,,夜桜　ライブ壁紙,com.quan.lwp.fallingleaveslwp,0,,ASUS_T00G,TW,,241,TWD,-9.00,3.904600,JPY,-35
1397684213240711,"May 9, 2015",4:08:56 AM PDT,,Charge,,夜桜　ライブ壁紙,com.quan.lwp.fallingleaveslwp,0,,ASUS_T00G,TW,,241,TWD,30.00,3.904600,JPY,117
1374392853815482,"May 9, 2015",6:51:23 AM PDT,,Google fee,,夜桜　ライブ壁紙,com.quan.lwp.fallingleaveslwp,0,,ISW11SC,JP,,3000521,JPY,-30,1.000000,JPY,-30
1374392853815482,"May 9, 2015",6:51:23 AM PDT,,Charge,,夜桜　ライブ壁紙,com.quan.lwp.fallingleaveslwp,0,,ISW11SC,JP,,3000521,JPY,99,1.000000,JPY,99
1302439972887329,"May 9, 2015",9:55:41 AM PDT,,Google fee,,夜桜　ライブ壁紙,com.quan.lwp.fallingleaveslwp,0,,SO-02F,JP,,731-1704,JPY,-30,1.000000,JPY,-30
1302439972887329,"May 9, 2015",9:55:41 AM PDT,,Charge,,夜桜　ライブ壁紙,com.quan.lwp.fallingleaveslwp,0,,SO-02F,JP,,731-1704,JPY,99,1.000000,JPY,99
1320683648855083,"May 9, 2015",5:35:16 PM PDT,,Google fee,,夜桜　ライブ壁紙,com.quan.lwp.fallingleaveslwp,0,,ASUS_T00P,TW,,701,TWD,-9.00,3.904600,JPY,-35
1320683648855083,"May 9, 2015",5:35:16 PM PDT,,Charge,,夜桜　ライブ壁紙,com.quan.lwp.fallingleaveslwp,0,,ASUS_T00P,TW,,701,TWD,30.00,3.904600,JPY,117
1367977243317748,"May 9, 2015",8:03:46 PM PDT,,Google fee,,夜桜　ライブ壁紙,com.quan.lwp.fallingleaveslwp,0,,F05F,JP,,5420081,JPY,-30,1.000000,JPY,-30
1367977243317748,"May 9, 2015",8:03:46 PM PDT,,Charge,,夜桜　ライブ壁紙,com.quan.lwp.fallingleaveslwp,0,,F05F,JP,,5420081,JPY,99,1.000000,JPY,99
1300706679845875,"May 9, 2015",11:52:59 PM PDT,,Google fee,,夜桜　ライブ壁紙,com.quan.lwp.fallingleaveslwp,0,,SHL23,JP,,5460023,JPY,-30,1.000000,JPY,-30
1300706679845875,"May 9, 2015",11:52:59 PM PDT,,Charge,,夜桜　ライブ壁紙,com.quan.lwp.fallingleaveslwp,0,,SHL23,JP,,5460023,JPY,99,1.000000,JPY,99
1312647601506512,"May 10, 2015",3:32:58 AM PDT,,Google fee,,夜桜　ライブ壁紙,com.quan.lwp.fallingleaveslwp,0,,SO-02G,JP,,960-8165,JPY,-30,1.000000,JPY,-30
1312647601506512,"May 10, 2015",3:32:58 AM PDT,,Charge,,夜桜　ライブ壁紙,com.quan.lwp.fallingleaveslwp,0,,SO-02G,JP,,960-8165,JPY,99,1.000000,JPY,99
1304924928293718,"May 10, 2015",2:42:02 PM PDT,,Google fee,,夜桜　ライブ壁紙,com.quan.lwp.fallingleaveslwp,0,,C6903,TW,,300,TWD,-9.00,3.904600,JPY,-35
1304924928293718,"May 10, 2015",2:42:02 PM PDT,,Charge,,夜桜　ライブ壁紙,com.quan.lwp.fallingleaveslwp,0,,C6903,TW,,300,TWD,30.00,3.904600,JPY,117
1393300157642423,"May 11, 2015",9:20:42 AM PDT,,Google fee,,夜桜　ライブ壁紙,com.quan.lwp.fallingleaveslwp,0,,ASUS_T00G,TW,,111,TWD,-9.00,3.898500,JPY,-35
1393300157642423,"May 11, 2015",9:20:42 AM PDT,,Charge,,夜桜　ライブ壁紙,com.quan.lwp.fallingleaveslwp,0,,ASUS_T00G,TW,,111,TWD,30.00,3.898500,JPY,117
1325196010992187,"May 11, 2015",12:15:17 PM PDT,,Google fee,,夜桜　ライブ壁紙,com.quan.lwp.fallingleaveslwp,0,,SO-02G,JP,埼玉県,358-0054,JPY,-30,1.000000,JPY,-30
1325196010992187,"May 11, 2015",12:15:17 PM PDT,,Charge,,夜桜　ライブ壁紙,com.quan.lwp.fallingleaveslwp,0,,SO-02G,JP,埼玉県,358-0054,JPY,99,1.000000,JPY,99
1316944773012626,"May 11, 2015",10:23:46 PM PDT,,Google fee,,夜桜　ライブ壁紙,com.quan.lwp.fallingleaveslwp,0,,m7,TW,,243,TWD,-9.00,3.909200,JPY,-35
1316944773012626,"May 11, 2015",10:23:46 PM PDT,,Charge,,夜桜　ライブ壁紙,com.quan.lwp.fallingleaveslwp,0,,m7,TW,,243,TWD,30.00,3.909200,JPY,117
1352567358489501,"May 11, 2015",11:09:26 PM PDT,,Google fee,,夜桜　ライブ壁紙,com.quan.lwp.fallingleaveslwp,0,,hllte,TW,,812,TWD,-9.00,3.911300,JPY,-35
1352567358489501,"May 11, 2015",11:09:26 PM PDT,,Charge,,夜桜　ライブ壁紙,com.quan.lwp.fallingleaveslwp,0,,hllte,TW,,812,TWD,30.00,3.911300,JPY,117
1387170119354223,"May 12, 2015",12:36:06 AM PDT,,Google fee,,夜桜　ライブ壁紙,com.quan.lwp.fallingleaveslwp,0,,SC-04F,JP,,6650855,JPY,-30,1.000000,JPY,-30
1387170119354223,"May 12, 2015",12:36:06 AM PDT,,Charge,,夜桜　ライブ壁紙,com.quan.lwp.fallingleaveslwp,0,,SC-04F,JP,,6650855,JPY,99,1.000000,JPY,99
1347638771651040,"May 12, 2015",7:41:54 AM PDT,,Google fee,,Cherry blossom LiveWallpaper,com.quan.lwp.fallingleaveslwp,0,,D5803,LT,,50356,EUR,-0.18,134.880000,JPY,-24
1347638771651040,"May 12, 2015",7:41:54 AM PDT,,Charge,,Cherry blossom LiveWallpaper,com.quan.lwp.fallingleaveslwp,0,,D5803,LT,,50356,EUR,0.60,134.880000,JPY,81
1347696258476868,"May 12, 2015",11:33:51 AM PDT,,Google fee,,夜桜　ライブ壁紙,com.quan.lwp.fallingleaveslwp,0,,VNA,TW,,238,TWD,-9.00,3.898700,JPY,-35
1347696258476868,"May 12, 2015",11:33:51 AM PDT,,Charge,,夜桜　ライブ壁紙,com.quan.lwp.fallingleaveslwp,0,,VNA,TW,,238,TWD,30.00,3.898700,JPY,117
1359397188270325,"May 12, 2015",4:30:05 PM PDT,,Google fee,,夜桜　ライブ壁紙,com.quan.lwp.fallingleaveslwp,0,,D6503,TW,苗栗縣,351,TWD,-9.00,3.897400,JPY,-35
1359397188270325,"May 12, 2015",4:30:05 PM PDT,,Charge,,夜桜　ライブ壁紙,com.quan.lwp.fallingleaveslwp,0,,D6503,TW,苗栗縣,351,TWD,30.00,3.897400,JPY,117
1342541889013273,"May 13, 2015",12:24:05 AM PDT,,Google fee,,夜桜　ライブ壁紙,com.quan.lwp.fallingleaveslwp,0,,GT-I9100,TW,,647,TWD,-9.00,3.908400,JPY,-35
1342541889013273,"May 13, 2015",12:24:05 AM PDT,,Charge,,夜桜　ライブ壁紙,com.quan.lwp.fallingleaveslwp,0,,GT-I9100,TW,,647,TWD,30.00,3.908400,JPY,117
1358708900908626,"May 13, 2015",1:28:02 AM PDT,,Google fee,,Cherry blossom LiveWallpaper,com.quan.lwp.fallingleaveslwp,0,,falcon_cdma,US,CA,91786,USD,-0.30,119.830000,JPY,-36
1358708900908626,"May 13, 2015",1:28:02 AM PDT,,Charge,,Cherry blossom LiveWallpaper,com.quan.lwp.fallingleaveslwp,0,,falcon_cdma,US,CA,91786,USD,0.99,119.830000,JPY,119
1360519632679714,"May 13, 2015",10:31:58 AM PDT,,Google fee,,夜桜　ライブ壁紙,com.quan.lwp.fallingleaveslwp,0,,SO-04E,JP,,3191541,JPY,-30,1.000000,JPY,-30
1360519632679714,"May 13, 2015",10:31:58 AM PDT,,Charge,,夜桜　ライブ壁紙,com.quan.lwp.fallingleaveslwp,0,,SO-04E,JP,,3191541,JPY,99,1.000000,JPY,99
1381988058121065,"May 13, 2015",11:42:18 AM PDT,,Google fee,,夜桜　ライブ壁紙,com.quan.lwp.fallingleaveslwp,0,,SO-04F,JP,,9570061,JPY,-30,1.000000,JPY,-30
1381988058121065,"May 13, 2015",11:42:18 AM PDT,,Charge,,夜桜　ライブ壁紙,com.quan.lwp.fallingleaveslwp,0,,SO-04F,JP,,9570061,JPY,99,1.000000,JPY,99
1335507038532359,"May 13, 2015",4:14:25 PM PDT,,Google fee,,夜桜　ライブ壁紙,com.quan.lwp.fallingleaveslwp,0,,D6653,JP,,1970804,JPY,-30,1.000000,JPY,-30
1335507038532359,"May 13, 2015",4:14:25 PM PDT,,Charge,,夜桜　ライブ壁紙,com.quan.lwp.fallingleaveslwp,0,,D6653,JP,,1970804,JPY,99,1.000000,JPY,99
1311081527466436,"May 13, 2015",7:30:10 PM PDT,,Google fee,,夜桜　ライブ壁紙,com.quan.lwp.fallingleaveslwp,0,,trhplte,TW,,112,TWD,-9.00,3.887500,JPY,-35
1311081527466436,"May 13, 2015",7:30:10 PM PDT,,Charge,,夜桜　ライブ壁紙,com.quan.lwp.fallingleaveslwp,0,,trhplte,TW,,112,TWD,30.00,3.887500,JPY,117
1348087744624532,"May 13, 2015",10:20:18 PM PDT,,Google fee,,夜桜　ライブ壁紙,com.quan.lwp.fallingleaveslwp,0,,KYV33,JP,,2100813,JPY,-30,1.000000,JPY,-30
1348087744624532,"May 13, 2015",10:20:18 PM PDT,,Charge,,夜桜　ライブ壁紙,com.quan.lwp.fallingleaveslwp,0,,KYV33,JP,,2100813,JPY,99,1.000000,JPY,99
1313532053942413,"May 14, 2015",1:35:07 AM PDT,,Google fee,,夜桜　ライブ壁紙,com.quan.lwp.fallingleaveslwp,0,,SBM301F,JP,,9997621,JPY,-30,1.000000,JPY,-30
1313532053942413,"May 14, 2015",1:35:07 AM PDT,,Charge,,夜桜　ライブ壁紙,com.quan.lwp.fallingleaveslwp,0,,SBM301F,JP,,9997621,JPY,99,1.000000,JPY,99
1359343839909928,"May 14, 2015",3:30:41 AM PDT,,Google fee,,夜桜　ライブ壁紙,com.quan.lwp.fallingleaveslwp,0,,zeroltechn,TW,,106,TWD,-9.00,3.899900,JPY,-35
1359343839909928,"May 14, 2015",3:30:41 AM PDT,,Charge,,夜桜　ライブ壁紙,com.quan.lwp.fallingleaveslwp,0,,zeroltechn,TW,,106,TWD,30.00,3.899900,JPY,117
1332589896425183,"May 14, 2015",5:17:22 AM PDT,,Google fee,,夜桜　ライブ壁紙,com.quan.lwp.fallingleaveslwp,0,,ja3g,TW,,220,TWD,-9.00,3.906900,JPY,-35
1332589896425183,"May 14, 2015",5:17:22 AM PDT,,Charge,,夜桜　ライブ壁紙,com.quan.lwp.fallingleaveslwp,0,,ja3g,TW,,220,TWD,30.00,3.906900,JPY,117
1392285900433086,"May 14, 2015",9:34:03 AM PDT,,Google fee,,Stamina potion,com.dhearts.monter,1,sp_potion,astar-botton,US,NC,28759,USD,-0.30,119.230000,JPY,-36
1392285900433086,"May 14, 2015",9:34:03 AM PDT,,Charge,,Stamina potion,com.dhearts.monter,1,sp_potion,astar-botton,US,NC,28759,USD,0.99,119.230000,JPY,118
1339657114251986,"May 14, 2015",1:34:28 PM PDT,,Google fee,,夜桜　ライブ壁紙,com.quan.lwp.fallingleaveslwp,0,,SCV31,JP,香川県,7660004,JPY,-30,1.000000,JPY,-30
1339657114251986,"May 14, 2015",1:34:28 PM PDT,,Charge,,夜桜　ライブ壁紙,com.quan.lwp.fallingleaveslwp,0,,SCV31,JP,香川県,7660004,JPY,99,1.000000,JPY,99
1359660115739116,"May 14, 2015",2:41:48 PM PDT,,Google fee,,夜桜　ライブ壁紙,com.quan.lwp.fallingleaveslwp,0,,C6602,TW,,24299,TWD,-9.00,3.903400,JPY,-35
1359660115739116,"May 14, 2015",2:41:48 PM PDT,,Charge,,夜桜　ライブ壁紙,com.quan.lwp.fallingleaveslwp,0,,C6602,TW,,24299,TWD,30.00,3.903400,JPY,117
1321753827900598,"May 15, 2015",1:31:21 AM PDT,,Google fee,,夜桜　ライブ壁紙,com.quan.lwp.fallingleaveslwp,0,,t0ltektt,TW,,104,TWD,-9.00,3.926300,JPY,-35
1321753827900598,"May 15, 2015",1:31:21 AM PDT,,Charge,,夜桜　ライブ壁紙,com.quan.lwp.fallingleaveslwp,0,,t0ltektt,TW,,104,TWD,30.00,3.926300,JPY,118
1392212560146094,"May 15, 2015",2:43:33 AM PDT,,Google fee,,夜桜　ライブ壁紙,com.quan.lwp.fallingleaveslwp,0,,D6653,TW,,508,TWD,-9.00,3.923500,JPY,-35
1392212560146094,"May 15, 2015",2:43:33 AM PDT,,Charge,,夜桜　ライブ壁紙,com.quan.lwp.fallingleaveslwp,0,,D6653,TW,,508,TWD,30.00,3.923500,JPY,118
1308214770702011,"May 15, 2015",3:48:30 AM PDT,,Google fee,,夜桜　ライブ壁紙,com.quan.lwp.fallingleaveslwp,0,,P-03E,JP,,9592203,JPY,-30,1.000000,JPY,-30
1308214770702011,"May 15, 2015",3:48:30 AM PDT,,Charge,,夜桜　ライブ壁紙,com.quan.lwp.fallingleaveslwp,0,,P-03E,JP,,9592203,JPY,99,1.000000,JPY,99
1320509103097842,"May 15, 2015",4:45:33 AM PDT,,Google fee,,夜桜　ライブ壁紙,com.quan.lwp.fallingleaveslwp,0,,ASUS_T00P,TW,,608,TWD,-9.00,3.929100,JPY,-35
1320509103097842,"May 15, 2015",4:45:33 AM PDT,,Charge,,夜桜　ライブ壁紙,com.quan.lwp.fallingleaveslwp,0,,ASUS_T00P,TW,,608,TWD,30.00,3.929100,JPY,118
1321127432003575,"May 15, 2015",5:12:26 AM PDT,,Google fee,,夜桜　ライブ壁紙,com.quan.lwp.fallingleaveslwp,0,,htc_b2ul,TW,,731,TWD,-9.00,3.933400,JPY,-35
1321127432003575,"May 15, 2015",5:12:26 AM PDT,,Charge,,夜桜　ライブ壁紙,com.quan.lwp.fallingleaveslwp,0,,htc_b2ul,TW,,731,TWD,30.00,3.933400,JPY,118
1356252812731329,"May 15, 2015",8:55:46 PM PDT,,Google fee,,夜桜　ライブ壁紙,com.quan.lwp.fallingleaveslwp,0,,zeroltechn,TW,台南縣,710,TWD,-9.00,3.924200,JPY,-35
1356252812731329,"May 15, 2015",8:55:46 PM PDT,,Charge,,夜桜　ライブ壁紙,com.quan.lwp.fallingleaveslwp,0,,zeroltechn,TW,台南縣,710,TWD,30.00,3.924200,JPY,118
1343140686336359,"May 16, 2015",6:57:56 PM PDT,,Google fee,,夜桜　ライブ壁紙,com.quan.lwp.fallingleaveslwp,0,,401SO,JP,,3480057,JPY,-30,1.000000,JPY,-30
1343140686336359,"May 16, 2015",6:57:56 PM PDT,,Charge,,夜桜　ライブ壁紙,com.quan.lwp.fallingleaveslwp,0,,401SO,JP,,3480057,JPY,99,1.000000,JPY,99
1355649607146284,"May 16, 2015",11:11:32 PM PDT,,Google fee,,夜桜　ライブ壁紙,com.quan.lwp.fallingleaveslwp,0,,D6653,JP,,1970804,JPY,-30,1.000000,JPY,-30
1355649607146284,"May 16, 2015",11:11:32 PM PDT,,Charge,,夜桜　ライブ壁紙,com.quan.lwp.fallingleaveslwp,0,,D6653,JP,,1970804,JPY,99,1.000000,JPY,99
1393813403759529,"May 17, 2015",8:20:13 AM PDT,,Google fee,,夜桜　ライブ壁紙,com.quan.lwp.fallingleaveslwp,0,,F01F,HK,-,,HKD,-2.44,15.396000,JPY,-38
1393813403759529,"May 17, 2015",8:20:13 AM PDT,,Charge,,夜桜　ライブ壁紙,com.quan.lwp.fallingleaveslwp,0,,F01F,HK,-,,HKD,8.14,15.396000,JPY,125
1348486904636449,"May 17, 2015",11:16:15 AM PDT,,Google fee,,夜桜　ライブ壁紙,com.quan.lwp.fallingleaveslwp,0,,ferrari,TW,,241,TWD,-9.00,3.924200,JPY,-35
1348486904636449,"May 17, 2015",11:16:15 AM PDT,,Charge,,夜桜　ライブ壁紙,com.quan.lwp.fallingleaveslwp,0,,ferrari,TW,,241,TWD,30.00,3.924200,JPY,118
1311413169787629,"May 18, 2015",12:32:48 AM PDT,,Google fee,,Crystal 1 units,com.dhearts.monter,1,tier_1,kltetmo,US,AL,36368,USD,-0.30,119.630000,JPY,-36
1311413169787629,"May 18, 2015",12:32:48 AM PDT,,Charge,,Crystal 1 units,com.dhearts.monter,1,tier_1,kltetmo,US,AL,36368,USD,0.99,119.630000,JPY,118
1346724559154291,"May 18, 2015",5:16:36 AM PDT,,Google fee,,夜桜　ライブ壁紙,com.quan.lwp.fallingleaveslwp,0,,M210,TW,,300,TWD,-9.00,3.930800,JPY,-35
1346724559154291,"May 18, 2015",5:16:36 AM PDT,,Charge,,夜桜　ライブ壁紙,com.quan.lwp.fallingleaveslwp,0,,M210,TW,,300,TWD,30.00,3.930800,JPY,118
1365082513587890,"May 18, 2015",3:07:18 PM PDT,,Google fee,,夜桜　ライブ壁紙,com.quan.lwp.fallingleaveslwp,0,,trhplte,HK,新界,,HKD,-2.44,15.482000,JPY,-38
1365082513587890,"May 18, 2015",3:07:18 PM PDT,,Charge,,夜桜　ライブ壁紙,com.quan.lwp.fallingleaveslwp,0,,trhplte,HK,新界,,HKD,8.14,15.482000,JPY,126
1396630523832582,"May 18, 2015",9:07:00 PM PDT,,Google fee,,夜桜　ライブ壁紙,com.quan.lwp.fallingleaveslwp,0,,F01F,JP,,399-8101,JPY,-30,1.000000,JPY,-30
1396630523832582,"May 18, 2015",9:07:00 PM PDT,,Charge,,夜桜　ライブ壁紙,com.quan.lwp.fallingleaveslwp,0,,F01F,JP,,399-8101,JPY,99,1.000000,JPY,99
1376259894946834,"May 19, 2015",1:09:16 AM PDT,,Google fee,,夜桜　ライブ壁紙,com.quan.lwp.fallingleaveslwp,0,,victorlte,TW,,247,TWD,-9.00,3.941600,JPY,-35
1376259894946834,"May 19, 2015",1:09:16 AM PDT,,Charge,,夜桜　ライブ壁紙,com.quan.lwp.fallingleaveslwp,0,,victorlte,TW,,247,TWD,30.00,3.941600,JPY,118
1374936217335206,"May 19, 2015",9:13:53 AM PDT,,Google fee,,夜桜　ライブ壁紙,com.quan.lwp.fallingleaveslwp,0,,SC-02E,JP,,028-8602,JPY,-30,1.000000,JPY,-30
1374936217335206,"May 19, 2015",9:13:53 AM PDT,,Charge,,夜桜　ライブ壁紙,com.quan.lwp.fallingleaveslwp,0,,SC-02E,JP,,028-8602,JPY,99,1.000000,JPY,99
1302442788677582,"May 20, 2015",4:59:33 AM PDT,,Google fee,,夜桜　ライブ壁紙,com.quan.lwp.fallingleaveslwp,0,,dlxpul,TW,,710,TWD,-9.00,3.960700,JPY,-36
1302442788677582,"May 20, 2015",4:59:33 AM PDT,,Charge,,夜桜　ライブ壁紙,com.quan.lwp.fallingleaveslwp,0,,dlxpul,TW,,710,TWD,30.00,3.960700,JPY,119
1310789158660056,"May 20, 2015",11:39:54 AM PDT,,Google fee,,夜桜　ライブ壁紙,com.quan.lwp.fallingleaveslwp,0,,SOL25,JP,,6512276,JPY,-30,1.000000,JPY,-30
1310789158660056,"May 20, 2015",11:39:54 AM PDT,,Charge,,夜桜　ライブ壁紙,com.quan.lwp.fallingleaveslwp,0,,SOL25,JP,,6512276,JPY,99,1.000000,JPY,99
1368698695780273,"May 20, 2015",12:38:49 PM PDT,,Google fee,,夜桜　ライブ壁紙,com.quan.lwp.fallingleaveslwp,0,,htc_m8,TW,,333,TWD,-9.00,3.971600,JPY,-36
1368698695780273,"May 20, 2015",12:38:49 PM PDT,,Charge,,夜桜　ライブ壁紙,com.quan.lwp.fallingleaveslwp,0,,htc_m8,TW,,333,TWD,30.00,3.971600,JPY,119
1329799676332775,"May 20, 2015",2:15:24 PM PDT,,Google fee,,夜桜　ライブ壁紙,com.quan.lwp.fallingleaveslwp,0,,SCL22,JP,,272-0802,JPY,-30,1.000000,JPY,-30
1329799676332775,"May 20, 2015",2:15:24 PM PDT,,Charge,,夜桜　ライブ壁紙,com.quan.lwp.fallingleaveslwp,0,,SCL22,JP,,272-0802,JPY,99,1.000000,JPY,99
1378689836000168,"May 20, 2015",3:31:26 PM PDT,,Google fee,,夜桜　ライブ壁紙,com.quan.lwp.fallingleaveslwp,0,,D6503,TW,,334,TWD,-9.00,3.983200,JPY,-36
1378689836000168,"May 20, 2015",3:31:26 PM PDT,,Charge,,夜桜　ライブ壁紙,com.quan.lwp.fallingleaveslwp,0,,D6503,TW,,334,TWD,30.00,3.983200,JPY,119
1300120923627704,"May 21, 2015",3:01:25 AM PDT,,Google fee,,Crystal 1 units,com.dhearts.monter,1,tier_1,kltetmo,US,AL,36368,USD,-0.30,120.860000,JPY,-36
1300120923627704,"May 21, 2015",3:01:25 AM PDT,,Charge,,Crystal 1 units,com.dhearts.monter,1,tier_1,kltetmo,US,AL,36368,USD,0.99,120.860000,JPY,120
1363007810060587,"May 21, 2015",5:54:45 PM PDT,,Google fee,,夜桜　ライブ壁紙,com.quan.lwp.fallingleaveslwp,0,,D6503,TW,,433,TWD,-9.00,3.978100,JPY,-36
1363007810060587,"May 21, 2015",5:54:45 PM PDT,,Charge,,夜桜　ライブ壁紙,com.quan.lwp.fallingleaveslwp,0,,D6503,TW,,433,TWD,30.00,3.978100,JPY,119
1376499523524611,"May 22, 2015",1:29:53 PM PDT,,Google fee,,夜桜　ライブ壁紙,com.quan.lwp.fallingleaveslwp,0,,D5833,HK,九龍,,HKD,-2.44,15.680000,JPY,-38
1376499523524611,"May 22, 2015",1:29:53 PM PDT,,Charge,,夜桜　ライブ壁紙,com.quan.lwp.fallingleaveslwp,0,,D5833,HK,九龍,,HKD,8.14,15.680000,JPY,128
1349874623406395,"May 22, 2015",11:30:47 PM PDT,,Google fee,,夜桜　ライブ壁紙,com.quan.lwp.fallingleaveslwp,0,,F02G,JP,,4700373,JPY,-30,1.000000,JPY,-30
1349874623406395,"May 22, 2015",11:30:47 PM PDT,,Charge,,夜桜　ライブ壁紙,com.quan.lwp.fallingleaveslwp,0,,F02G,JP,,4700373,JPY,99,1.000000,JPY,99
1371678269798629,"May 23, 2015",12:25:46 AM PDT,,Google fee,,夜桜　ライブ壁紙,com.quan.lwp.fallingleaveslwp,0,,SO-02F,JP,,3291324,JPY,-30,1.000000,JPY,-30
1371678269798629,"May 23, 2015",12:25:46 AM PDT,,Charge,,夜桜　ライブ壁紙,com.quan.lwp.fallingleaveslwp,0,,SO-02F,JP,,3291324,JPY,99,1.000000,JPY,99
1391194214268349,"May 23, 2015",1:17:34 AM PDT,,Google fee,,夜桜　ライブ壁紙,com.quan.lwp.fallingleaveslwp,0,,SO-02E,JP,,1920375,JPY,-30,1.000000,JPY,-30
1391194214268349,"May 23, 2015",1:17:34 AM PDT,,Charge,,夜桜　ライブ壁紙,com.quan.lwp.fallingleaveslwp,0,,SO-02E,JP,,1920375,JPY,99,1.000000,JPY,99
1383608988439961,"May 23, 2015",5:07:23 AM PDT,,Google fee,,夜桜　ライブ壁紙,com.quan.lwp.fallingleaveslwp,0,,htc_m8,TW,,744,TWD,-9.00,3.992400,JPY,-36
1383608988439961,"May 23, 2015",5:07:23 AM PDT,,Charge,,夜桜　ライブ壁紙,com.quan.lwp.fallingleaveslwp,0,,htc_m8,TW,,744,TWD,30.00,3.992400,JPY,120
1358599486072644,"May 23, 2015",10:55:34 AM PDT,,Google fee,,夜桜　ライブ壁紙,com.quan.lwp.fallingleaveslwp,0,,hlte,TW,,811,TWD,-9.00,3.992400,JPY,-36
1358599486072644,"May 23, 2015",10:55:34 AM PDT,,Charge,,夜桜　ライブ壁紙,com.quan.lwp.fallingleaveslwp,0,,hlte,TW,,811,TWD,30.00,3.992400,JPY,120
1337980555159058,"May 23, 2015",1:47:39 PM PDT,,Google fee,,夜桜　ライブ壁紙,com.quan.lwp.fallingleaveslwp,0,,t03g,TW,,709,TWD,-9.00,3.992400,JPY,-36
1337980555159058,"May 23, 2015",1:47:39 PM PDT,,Charge,,夜桜　ライブ壁紙,com.quan.lwp.fallingleaveslwp,0,,t03g,TW,,709,TWD,30.00,3.992400,JPY,120
1306663658032679,"May 23, 2015",2:20:42 PM PDT,,Google fee,,夜桜　ライブ壁紙,com.quan.lwp.fallingleaveslwp,0,,F01F,JP,,6660035,JPY,-30,1.000000,JPY,-30
1306663658032679,"May 23, 2015",2:20:42 PM PDT,,Charge,,夜桜　ライブ壁紙,com.quan.lwp.fallingleaveslwp,0,,F01F,JP,,6660035,JPY,99,1.000000,JPY,99
1380582345535046,"May 23, 2015",2:48:40 PM PDT,,Google fee,,夜桜　ライブ壁紙,com.quan.lwp.fallingleaveslwp,0,,SO-02E,JP,,981-2116,JPY,-30,1.000000,JPY,-30
1380582345535046,"May 23, 2015",2:48:40 PM PDT,,Charge,,夜桜　ライブ壁紙,com.quan.lwp.fallingleaveslwp,0,,SO-02E,JP,,981-2116,JPY,99,1.000000,JPY,99
1355380971855871,"May 23, 2015",4:55:04 PM PDT,,Google fee,,夜桜　ライブ壁紙,com.quan.lwp.fallingleaveslwp,0,,hwu9700L,JP,,1680063,JPY,-30,1.000000,JPY,-30
1355380971855871,"May 23, 2015",4:55:04 PM PDT,,Charge,,夜桜　ライブ壁紙,com.quan.lwp.fallingleaveslwp,0,,hwu9700L,JP,,1680063,JPY,99,1.000000,JPY,99
1373363217107682,"May 24, 2015",3:16:28 AM PDT,,Google fee,,夜桜　ライブ壁紙,com.quan.lwp.fallingleaveslwp,0,,ASUS_T00G,TW,,204,TWD,-9.00,3.992400,JPY,-36
1373363217107682,"May 24, 2015",3:16:28 AM PDT,,Charge,,夜桜　ライブ壁紙,com.quan.lwp.fallingleaveslwp,0,,ASUS_T00G,TW,,204,TWD,30.00,3.992400,JPY,120
1318668042118097,"May 24, 2015",1:39:41 PM PDT,,Google fee,,KING　ライブ壁紙,com.dhearts.kinglivewallpaper,0,,grouper,JP,,5120934,JPY,-30,1.000000,JPY,-30
1318668042118097,"May 24, 2015",1:39:41 PM PDT,,Charge,,KING　ライブ壁紙,com.dhearts.kinglivewallpaper,0,,grouper,JP,,5120934,JPY,99,1.000000,JPY,99
1398827497144858,"May 24, 2015",11:29:45 PM PDT,,Google fee,,夜桜　ライブ壁紙,com.quan.lwp.fallingleaveslwp,0,,g3,JP,,4310103,JPY,-30,1.000000,JPY,-30
1398827497144858,"May 24, 2015",11:29:45 PM PDT,,Charge,,夜桜　ライブ壁紙,com.quan.lwp.fallingleaveslwp,0,,g3,JP,,4310103,JPY,99,1.000000,JPY,99
1345633830923764,"May 25, 2015",4:01:49 PM PDT,,Google fee,,Crystal 5 units,com.dhearts.monter,1,tier_5,kltetmo,US,AL,36368,USD,-1.50,121.520000,JPY,-182
1345633830923764,"May 25, 2015",4:01:49 PM PDT,,Charge,,Crystal 5 units,com.dhearts.monter,1,tier_5,kltetmo,US,AL,36368,USD,4.99,121.520000,JPY,606
1380695165682086,"May 26, 2015",2:10:21 AM PDT,,Google fee,,夜桜　ライブ壁紙,com.quan.lwp.fallingleaveslwp,0,,SHL22,JP,,573-1113,JPY,-30,1.000000,JPY,-30
1380695165682086,"May 26, 2015",2:10:21 AM PDT,,Charge,,夜桜　ライブ壁紙,com.quan.lwp.fallingleaveslwp,0,,SHL22,JP,,573-1113,JPY,99,1.000000,JPY,99
1366948480379604,"May 26, 2015",4:01:40 AM PDT,,Google fee,,夜桜　ライブ壁紙,com.quan.lwp.fallingleaveslwp,0,,ja3g,TW,,804,TWD,-9.00,4.009200,JPY,-36
1366948480379604,"May 26, 2015",4:01:40 AM PDT,,Charge,,夜桜　ライブ壁紙,com.quan.lwp.fallingleaveslwp,0,,ja3g,TW,,804,TWD,30.00,4.009200,JPY,120
1308486460845567,"May 26, 2015",11:35:55 AM PDT,,Google fee,,Cherry blossom LiveWallpaper,com.quan.lwp.fallingleaveslwp,0,,umts_spyder,SA,,,SAR,-1.20,32.820000,JPY,-39
1308486460845567,"May 26, 2015",11:35:55 AM PDT,,Charge,,Cherry blossom LiveWallpaper,com.quan.lwp.fallingleaveslwp,0,,umts_spyder,SA,,,SAR,4.00,32.820000,JPY,131
1357750016086187,"May 26, 2015",4:19:23 PM PDT,,Google fee,,夜桜　ライブ壁紙,com.quan.lwp.fallingleaveslwp,0,,zeroltechn,TW,,811,TWD,-9.00,4.014700,JPY,-36
1357750016086187,"May 26, 2015",4:19:23 PM PDT,,Charge,,夜桜　ライブ壁紙,com.quan.lwp.fallingleaveslwp,0,,zeroltechn,TW,,811,TWD,30.00,4.014700,JPY,120
1310409878392736,"May 26, 2015",8:21:22 PM PDT,,Google fee,,Stamina potion,com.dhearts.monter,1,sp_potion,klte,DE,,38477,EUR,-0.19,133.800000,JPY,-25
1310409878392736,"May 26, 2015",8:21:22 PM PDT,,Charge,,Stamina potion,com.dhearts.monter,1,sp_potion,klte,DE,,38477,EUR,0.62,133.800000,JPY,83
1311840358286278,"May 27, 2015",2:44:13 AM PDT,,Google fee,,夜桜　ライブ壁紙,com.quan.lwp.fallingleaveslwp,0,,trhplte,TW,,235,TWD,-9.00,4.017700,JPY,-36
1311840358286278,"May 27, 2015",2:44:13 AM PDT,,Charge,,夜桜　ライブ壁紙,com.quan.lwp.fallingleaveslwp,0,,trhplte,TW,,235,TWD,30.00,4.017700,JPY,121
1307960838852240,"May 27, 2015",9:05:16 AM PDT,,Google fee,,夜桜　ライブ壁紙,com.quan.lwp.fallingleaveslwp,0,,htc_a51tuhl,TW,,235,TWD,-9.00,4.034400,JPY,-36
1307960838852240,"May 27, 2015",9:05:16 AM PDT,,Charge,,夜桜　ライブ壁紙,com.quan.lwp.fallingleaveslwp,0,,htc_a51tuhl,TW,,235,TWD,30.00,4.034400,JPY,121
1315176974860618,"May 28, 2015",6:14:19 AM PDT,,Google fee,,夜桜　ライブ壁紙,com.quan.lwp.fallingleaveslwp,0,,SO-02G,JP,,1450065,JPY,-30,1.000000,JPY,-30
1315176974860618,"May 28, 2015",6:14:19 AM PDT,,Charge,,夜桜　ライブ壁紙,com.quan.lwp.fallingleaveslwp,0,,SO-02G,JP,,1450065,JPY,99,1.000000,JPY,99
1354318345609480,"May 28, 2015",10:08:32 AM PDT,,Google fee,,夜桜　ライブ壁紙,com.quan.lwp.fallingleaveslwp,0,,SH10D,JP,,3280033,JPY,-30,1.000000,JPY,-30
1354318345609480,"May 28, 2015",10:08:32 AM PDT,,Charge,,夜桜　ライブ壁紙,com.quan.lwp.fallingleaveslwp,0,,SH10D,JP,,3280033,JPY,99,1.000000,JPY,99
1306841577186016,"May 28, 2015",11:28:17 AM PDT,,Google fee,,夜桜　ライブ壁紙,com.quan.lwp.fallingleaveslwp,0,,SOT21,JP,,4510025,JPY,-30,1.000000,JPY,-30
1306841577186016,"May 28, 2015",11:28:17 AM PDT,,Charge,,夜桜　ライブ壁紙,com.quan.lwp.fallingleaveslwp,0,,SOT21,JP,,4510025,JPY,99,1.000000,JPY,99
1363175436408363,"May 28, 2015",1:14:30 PM PDT,,Google fee,,Crystal 30 units,com.dhearts.monter,1,tier_25,GT-S6802B,US,OR,97534,USD,-6.16,123.890000,JPY,-763
1363175436408363,"May 28, 2015",1:14:30 PM PDT,,Charge,,Crystal 30 units,com.dhearts.monter,1,tier_25,GT-S6802B,US,OR,97534,USD,20.52,123.890000,JPY,2542
1353200056939428,"May 29, 2015",2:10:34 AM PDT,,Google fee,,夜桜　ライブ壁紙,com.quan.lwp.fallingleaveslwp,0,,D6653,TW,,235,TWD,-9.00,4.031500,JPY,-36
1353200056939428,"May 29, 2015",2:10:34 AM PDT,,Charge,,夜桜　ライブ壁紙,com.quan.lwp.fallingleaveslwp,0,,D6653,TW,,235,TWD,30.00,4.031500,JPY,121
1303402539946055,"May 29, 2015",1:31:46 PM PDT,,Google fee,,夜桜　ライブ壁紙,com.quan.lwp.fallingleaveslwp,0,,F01F,JP,,9813624,JPY,-30,1.000000,JPY,-30
1303402539946055,"May 29, 2015",1:31:46 PM PDT,,Charge,,夜桜　ライブ壁紙,com.quan.lwp.fallingleaveslwp,0,,F01F,JP,,9813624,JPY,99,1.000000,JPY,99
1353455078656695,"May 29, 2015",4:40:43 PM PDT,,Google fee,,Crystal 10 units,com.dhearts.monter,1,tier_10,kltetmo,US,AL,36368,USD,-2.22,124.120000,JPY,-276
1353455078656695,"May 29, 2015",4:40:43 PM PDT,,Charge,,Crystal 10 units,com.dhearts.monter,1,tier_10,kltetmo,US,AL,36368,USD,7.39,124.120000,JPY,917
1323114941475705,"May 30, 2015",2:17:09 AM PDT,,Google fee,,夜桜　ライブ壁紙,com.quan.lwp.fallingleaveslwp,0,,SO-03F,JP,,0970024,JPY,-30,1.000000,JPY,-30
1323114941475705,"May 30, 2015",2:17:09 AM PDT,,Charge,,夜桜　ライブ壁紙,com.quan.lwp.fallingleaveslwp,0,,SO-03F,JP,,0970024,JPY,99,1.000000,JPY,99
1392492773760926,"May 30, 2015",3:30:25 AM PDT,,Google fee,,夜桜　ライブ壁紙,com.quan.lwp.fallingleaveslwp,0,,SG305SH,JP,,5960802,JPY,-30,1.000000,JPY,-30
1392492773760926,"May 30, 2015",3:30:25 AM PDT,,Charge,,夜桜　ライブ壁紙,com.quan.lwp.fallingleaveslwp,0,,SG305SH,JP,,5960802,JPY,99,1.000000,JPY,99
1300484090370163,"May 30, 2015",1:47:34 PM PDT,,Google fee,,夜桜　ライブ壁紙,com.quan.lwp.fallingleaveslwp,0,,N-04E,JP,,1730003,JPY,-30,1.000000,JPY,-30
1300484090370163,"May 30, 2015",1:47:34 PM PDT,,Charge,,夜桜　ライブ壁紙,com.quan.lwp.fallingleaveslwp,0,,N-04E,JP,,1730003,JPY,99,1.000000,JPY,99
1344731695514571,"May 30, 2015",8:08:16 PM PDT,,Google fee,,夜桜　ライブ壁紙,com.quan.lwp.fallingleaveslwp,0,,Z00A,JP,,1830001,JPY,-30,1.000000,JPY,-30
1344731695514571,"May 30, 2015",8:08:16 PM PDT,,Charge,,夜桜　ライブ壁紙,com.quan.lwp.fallingleaveslwp,0,,Z00A,JP,,1830001,JPY,99,1.000000,JPY,99
1350720469287030,"May 31, 2015",3:33:10 AM PDT,,Google fee,,夜桜　ライブ壁紙,com.quan.lwp.fallingleaveslwp,0,,SOL26,JP,,3730815,JPY,-30,1.000000,JPY,-30
1350720469287030,"May 31, 2015",3:33:10 AM PDT,,Charge,,夜桜　ライブ壁紙,com.quan.lwp.fallingleaveslwp,0,,SOL26,JP,,3730815,JPY,99,1.000000,JPY,99
1310258685175297,"May 31, 2015",9:06:04 AM PDT,,Google fee,,夜桜　ライブ壁紙,com.quan.lwp.fallingleaveslwp,0,,F04G,JP,福岡県,831-0041,JPY,-30,1.000000,JPY,-30
1310258685175297,"May 31, 2015",9:06:04 AM PDT,,Charge,,夜桜　ライブ壁紙,com.quan.lwp.fallingleaveslwp,0,,F04G,JP,福岡県,831-0041,JPY,99,1.000000,JPY,99
1332458021852186,"May 31, 2015",5:42:32 PM PDT,,Google fee,,夜桜　ライブ壁紙,com.quan.lwp.fallingleaveslwp,0,,SOL23,JP,,8200021,JPY,-30,1.000000,JPY,-30
1332458021852186,"May 31, 2015",5:42:32 PM PDT,,Charge,,夜桜　ライブ壁紙,com.quan.lwp.fallingleaveslwp,0,,SOL23,JP,,8200021,JPY,99,1.000000,JPY,99
