Description,Transaction Date,Transaction Time,Tax Type,Transaction Type,Refund Type,Product Title,Product id,Product Type,Sku Id,Hardware,Buyer Country,Buyer State,Buyer Postal Code,Buyer Currency,Amount (Buyer Currency),Currency Conversion Rate,Merchant Currency,Amount (Merchant Currency)
1336883005177739,"Oct 1, 2014",8:37:53 AM PDT,,Google fee,,夜桜　ライブ壁紙,com.quan.lwp.fallingleaveslwp,0,,hltejs01tw,TW,,333,TWD,-9.00,3.601500,JPY,-32
1336883005177739,"Oct 1, 2014",8:37:53 AM PDT,,Charge,,夜桜　ライブ壁紙,com.quan.lwp.fallingleaveslwp,0,,hltejs01tw,TW,,333,TWD,30.00,3.601500,JPY,108
1390062027909040,"Oct 1, 2014",8:52:35 AM PDT,,Google fee,,夜桜　ライブ壁紙,com.quan.lwp.fallingleaveslwp,0,,m7,TW,,002,TWD,-9.00,3.601500,JPY,-32
1390062027909040,"Oct 1, 2014",8:52:35 AM PDT,,Charge,,夜桜　ライブ壁紙,com.quan.lwp.fallingleaveslwp,0,,m7,TW,,002,TWD,30.00,3.601500,JPY,108
1320925436111921,"Oct 3, 2014",4:13:15 PM PDT,,Google fee,,夜桜　ライブ壁紙,com.quan.lwp.fallingleaveslwp,0,,klte,TW,,710,TWD,-9.00,3.597300,JPY,-32
1320925436111921,"Oct 3, 2014",4:13:15 PM PDT,,Charge,,夜桜　ライブ壁紙,com.quan.lwp.fallingleaveslwp,0,,klte,TW,,710,TWD,30.00,3.597300,JPY,108
1337037323074159,"Oct 4, 2014",10:59:00 AM PDT,,Google fee,,夜桜　ライブ壁紙,com.quan.lwp.fallingleaveslwp,0,,C6502,JP,Tokyo,107-8006,JPY,-30,1.000000,JPY,-30
1337037323074159,"Oct 4, 2014",10:59:00 AM PDT,,Charge,,夜桜　ライブ壁紙,com.quan.lwp.fallingleaveslwp,0,,C6502,JP,Tokyo,107-8006,JPY,99,1.000000,JPY,99
1334271063448595,"Oct 4, 2014",1:42:57 PM PDT,,Google fee,,夜桜　ライブ壁紙,com.quan.lwp.fallingleaveslwp,0,,SBM200SH,JP,,8140171,JPY,-30,1.000000,JPY,-30
1334271063448595,"Oct 4, 2014",1:42:57 PM PDT,,Charge,,夜桜　ライブ壁紙,com.quan.lwp.fallingleaveslwp,0,,SBM200SH,JP,,8140171,JPY,99,1.000000,JPY,99
1360823751578629,"Oct 5, 2014",8:03:21 AM PDT,,Google fee,,夜桜　ライブ壁紙,com.quan.lwp.fallingleaveslwp,0,,t03g,TW,桃園縣,33458,TWD,-9.00,3.597300,JPY,-32
1360823751578629,"Oct 5, 2014",8:03:21 AM PDT,,Charge,,夜桜　ライブ壁紙,com.quan.lwp.fallingleaveslwp,0,,t03g,TW,桃園縣,33458,TWD,30.00,3.597300,JPY,108
1359427062625541,"Oct 6, 2014",1:36:20 AM PDT,,Google fee,,Cherry blossom LiveWallpaper,com.quan.lwp.fallingleaveslwp,0,,SGH-T989,US,UT,84721,USD,-0.30,109.410000,JPY,-33
1359427062625541,"Oct 6, 2014",1:36:20 AM PDT,,Charge,,Cherry blossom LiveWallpaper,com.quan.lwp.fallingleaveslwp,0,,SGH-T989,US,UT,84721,USD,0.99,109.410000,JPY,108
1383635669276424,"Oct 6, 2014",11:25:44 AM PDT,,Google fee,,KING　ライブ壁紙,com.dhearts.kinglivewallpaper,0,,htc_b2wlj,JP,,5660035,JPY,-30,1.000000,JPY,-30
1383635669276424,"Oct 6, 2014",11:25:44 AM PDT,,Charge,,KING　ライブ壁紙,com.dhearts.kinglivewallpaper,0,,htc_b2wlj,JP,,5660035,JPY,99,1.000000,JPY,99
1330653202502942,"Oct 6, 2014",6:53:32 PM PDT,,Google fee,,夜桜　ライブ壁紙,com.quan.lwp.fallingleaveslwp,0,,ha3g,TW,,411,TWD,-9.00,3.576200,JPY,-32
1330653202502942,"Oct 6, 2014",6:53:32 PM PDT,,Charge,,夜桜　ライブ壁紙,com.quan.lwp.fallingleaveslwp,0,,ha3g,TW,,411,TWD,30.00,3.576200,JPY,107
1380933313915280,"Oct 7, 2014",4:31:37 AM PDT,,Google fee,,夜桜　ライブ壁紙,com.quan.lwp.fallingleaveslwp,0,,SOL25,JP,,9011117,JPY,-30,1.000000,JPY,-30
1380933313915280,"Oct 7, 2014",4:31:37 AM PDT,,Charge,,夜桜　ライブ壁紙,com.quan.lwp.fallingleaveslwp,0,,SOL25,JP,,9011117,JPY,99,1.000000,JPY,99
1359870844608748,"Oct 7, 2014",4:49:54 PM PDT,,Google fee,,夜桜　ライブ壁紙,com.quan.lwp.fallingleaveslwp,0,,htc_m8,TW,,237,TWD,-9.00,3.556900,JPY,-32
1359870844608748,"Oct 7, 2014",4:49:54 PM PDT,,Charge,,夜桜　ライブ壁紙,com.quan.lwp.fallingleaveslwp,0,,htc_m8,TW,,237,TWD,30.00,3.556900,JPY,107
1300318625858210,"Oct 7, 2014",5:21:03 PM PDT,,Google fee,,Cherry blossom LiveWallpaper,com.quan.lwp.fallingleaveslwp,0,,kltevzw,US,FL,32539,USD,-0.30,108.040000,JPY,-32
1300318625858210,"Oct 7, 2014",5:21:03 PM PDT,,Charge,,Cherry blossom LiveWallpaper,com.quan.lwp.fallingleaveslwp,0,,kltevzw,US,FL,32539,USD,0.99,108.040000,JPY,107
1303993244349128,"Oct 8, 2014",4:17:11 AM PDT,,Google fee,,夜桜　ライブ壁紙,com.quan.lwp.fallingleaveslwp,0,,htc_a5ul,TW,,717,TWD,-9.00,3.556700,JPY,-32
1303993244349128,"Oct 8, 2014",4:17:11 AM PDT,,Charge,,夜桜　ライブ壁紙,com.quan.lwp.fallingleaveslwp,0,,htc_a5ul,TW,,717,TWD,30.00,3.556700,JPY,107
1319250601977291,"Oct 8, 2014",7:48:22 PM PDT,,Google fee,,Crystal 1 units,com.dhearts.monter,1,tier_1,golden,FR,,75110,EUR,-0.22,137.700000,JPY,-30
1319250601977291,"Oct 8, 2014",7:48:22 PM PDT,,Charge,,Crystal 1 units,com.dhearts.monter,1,tier_1,golden,FR,,75110,EUR,0.74,137.700000,JPY,102
1351161467181626,"Oct 9, 2014",2:49:59 AM PDT,,Google fee,,夜桜　ライブ壁紙,com.quan.lwp.fallingleaveslwp,0,,D6653,TW,,709,TWD,-9.00,3.549100,JPY,-32
1351161467181626,"Oct 9, 2014",2:49:59 AM PDT,,Charge,,夜桜　ライブ壁紙,com.quan.lwp.fallingleaveslwp,0,,D6653,TW,,709,TWD,30.00,3.549100,JPY,106
1384386133160123,"Oct 9, 2014",1:42:49 PM PDT,,Google fee,,夜桜　ライブ壁紙,com.quan.lwp.fallingleaveslwp,0,,m7,TW,,244,TWD,-9.00,3.549200,JPY,-32
1384386133160123,"Oct 9, 2014",1:42:49 PM PDT,,Charge,,夜桜　ライブ壁紙,com.quan.lwp.fallingleaveslwp,0,,m7,TW,,244,TWD,30.00,3.549200,JPY,106
1362666129689138,"Oct 10, 2014",9:19:04 AM PDT,,Google fee,,夜桜　ライブ壁紙,com.quan.lwp.fallingleaveslwp,0,,SO-02F,JP,,9880816,JPY,-30,1.000000,JPY,-30
1362666129689138,"Oct 10, 2014",9:19:04 AM PDT,,Charge,,夜桜　ライブ壁紙,com.quan.lwp.fallingleaveslwp,0,,SO-02F,JP,,9880816,JPY,99,1.000000,JPY,99
1316359651523855,"Oct 10, 2014",6:30:31 PM PDT,,Google fee,,夜桜　ライブ壁紙,com.quan.lwp.fallingleaveslwp,0,,C6903,TW,,829,TWD,-9.00,3.541000,JPY,-32
1316359651523855,"Oct 10, 2014",6:30:31 PM PDT,,Charge,,夜桜　ライブ壁紙,com.quan.lwp.fallingleaveslwp,0,,C6903,TW,,829,TWD,30.00,3.541000,JPY,106
1331985138615344,"Oct 11, 2014",6:10:02 AM PDT,,Google fee,,夜桜　ライブ壁紙,com.quan.lwp.fallingleaveslwp,0,,A68,TW,,521,TWD,-9.00,3.541000,JPY,-32
1331985138615344,"Oct 11, 2014",6:10:02 AM PDT,,Charge,,夜桜　ライブ壁紙,com.quan.lwp.fallingleaveslwp,0,,A68,TW,,521,TWD,30.00,3.541000,JPY,106
1374646102284942,"Oct 11, 2014",9:48:25 AM PDT,,Google fee,,夜桜　ライブ壁紙,com.quan.lwp.fallingleaveslwp,0,,K00G,TW,,238,TWD,-9.00,3.541000,JPY,-32
1374646102284942,"Oct 11, 2014",9:48:25 AM PDT,,Charge,,夜桜　ライブ壁紙,com.quan.lwp.fallingleaveslwp,0,,K00G,TW,,238,TWD,30.00,3.541000,JPY,106
1379685078093680,"Oct 11, 2014",12:09:59 PM PDT,,Google fee,,夜桜　ライブ壁紙,com.quan.lwp.fallingleaveslwp,0,,valentewx,JP,,0431111,JPY,-30,1.000000,JPY,-30
1379685078093680,"Oct 11, 2014",12:09:59 PM PDT,,Charge,,夜桜　ライブ壁紙,com.quan.lwp.fallingleaveslwp,0,,valentewx,JP,,0431111,JPY,99,1.000000,JPY,99
1389270201556950,"Oct 12, 2014",4:33:58 PM PDT,,Google fee,,夜桜　ライブ壁紙,com.quan.lwp.fallingleaveslwp,0,,KYY21,JP,,9000024,JPY,-30,1.000000,JPY,-30
1389270201556950,"Oct 12, 2014",4:33:58 PM PDT,,Charge,,夜桜　ライブ壁紙,com.quan.lwp.fallingleaveslwp,0,,KYY21,JP,,9000024,JPY,99,1.000000,JPY,99
1353611711272108,"Oct 13, 2014",5:25:33 AM PDT,,Google fee,,夜桜　ライブ壁紙,com.quan.lwp.fallingleaveslwp,0,,C6802,TW,,334,TWD,-9.00,3.533100,JPY,-32
1353611711272108,"Oct 13, 2014",5:25:33 AM PDT,,Charge,,夜桜　ライブ壁紙,com.quan.lwp.fallingleaveslwp,0,,C6802,TW,,334,TWD,30.00,3.533100,JPY,106
1383701922145378,"Oct 14, 2014",1:14:48 PM PDT,,Google fee,,夜桜　ライブ壁紙,com.quan.lwp.fallingleaveslwp,0,,ms013g,TW,,242,TWD,-9.00,3.514100,JPY,-32
1383701922145378,"Oct 14, 2014",1:14:48 PM PDT,,Charge,,夜桜　ライブ壁紙,com.quan.lwp.fallingleaveslwp,0,,ms013g,TW,,242,TWD,30.00,3.514100,JPY,105
1307001835558157,"Oct 14, 2014",3:07:26 PM PDT,,Google fee,,夜桜　ライブ壁紙,com.quan.lwp.fallingleaveslwp,0,,htc_b2ul,TW,,104,TWD,-9.00,3.516100,JPY,-32
1307001835558157,"Oct 14, 2014",3:07:26 PM PDT,,Charge,,夜桜　ライブ壁紙,com.quan.lwp.fallingleaveslwp,0,,htc_b2ul,TW,,104,TWD,30.00,3.516100,JPY,105
1370184888276572,"Oct 14, 2014",4:04:07 PM PDT,,Google fee,,Cherry blossom LiveWallpaper,com.quan.lwp.fallingleaveslwp,0,,k2ul,GR,,15235,EUR,-0.24,135.430000,JPY,-33
1370184888276572,"Oct 14, 2014",4:04:07 PM PDT,,Charge,,Cherry blossom LiveWallpaper,com.quan.lwp.fallingleaveslwp,0,,k2ul,GR,,15235,EUR,0.81,135.430000,JPY,110
1363727698408164,"Oct 15, 2014",1:04:32 AM PDT,,Google fee,,夜桜　ライブ壁紙,com.quan.lwp.fallingleaveslwp,0,,SC-04F,JP,,4980808,JPY,-30,1.000000,JPY,-30
1363727698408164,"Oct 15, 2014",1:04:32 AM PDT,,Charge,,夜桜　ライブ壁紙,com.quan.lwp.fallingleaveslwp,0,,SC-04F,JP,,4980808,JPY,99,1.000000,JPY,99
1342947363366557,"Oct 15, 2014",8:45:40 AM PDT,,Google fee,,夜桜　ライブ壁紙,com.quan.lwp.fallingleaveslwp,0,,sunfire,JP,大阪府,560-0026,JPY,-30,1.000000,JPY,-30
1342947363366557,"Oct 15, 2014",8:45:40 AM PDT,,Charge,,夜桜　ライブ壁紙,com.quan.lwp.fallingleaveslwp,0,,sunfire,JP,大阪府,560-0026,JPY,99,1.000000,JPY,99
1313254317246601,"Oct 15, 2014",6:16:26 PM PDT,,Google fee,,夜桜　ライブ壁紙,com.quan.lwp.fallingleaveslwp,0,,HM2013023,TW,,807,TWD,-9.00,3.489100,JPY,-31
1313254317246601,"Oct 15, 2014",6:16:26 PM PDT,,Charge,,夜桜　ライブ壁紙,com.quan.lwp.fallingleaveslwp,0,,HM2013023,TW,,807,TWD,30.00,3.489100,JPY,105
1395431522533212,"Oct 16, 2014",4:19:04 PM PDT,,Google fee,,夜桜　ライブ壁紙,com.quan.lwp.fallingleaveslwp,0,,F05F,JP,,2830101,JPY,-30,1.000000,JPY,-30
1395431522533212,"Oct 16, 2014",4:19:04 PM PDT,,Charge,,夜桜　ライブ壁紙,com.quan.lwp.fallingleaveslwp,0,,F05F,JP,,2830101,JPY,99,1.000000,JPY,99
1342820997490870,"Oct 17, 2014",12:01:30 PM PDT,,Google fee,,夜桜　ライブ壁紙,com.quan.lwp.fallingleaveslwp,0,,D6653,TW,,704,TWD,-9.00,3.513000,JPY,-32
1342820997490870,"Oct 17, 2014",12:01:30 PM PDT,,Charge,,夜桜　ライブ壁紙,com.quan.lwp.fallingleaveslwp,0,,D6653,TW,,704,TWD,30.00,3.513000,JPY,105
1368960201491320,"Oct 17, 2014",9:55:00 PM PDT,,Google fee,,Stamina potion,com.dhearts.monter,1,sp_potion,klteattactive,US,AK,99645,USD,-0.30,106.920000,JPY,-32
1368960201491320,"Oct 17, 2014",9:55:00 PM PDT,,Charge,,Stamina potion,com.dhearts.monter,1,sp_potion,klteattactive,US,AK,99645,USD,0.99,106.920000,JPY,106
1314603930775639,"Oct 17, 2014",9:59:50 PM PDT,,Google fee,,Chain-breaker,com.dhearts.monter,1,chain_breaker,klteattactive,US,AK,99645,USD,-0.30,106.920000,JPY,-32
1314603930775639,"Oct 17, 2014",9:59:50 PM PDT,,Charge,,Chain-breaker,com.dhearts.monter,1,chain_breaker,klteattactive,US,AK,99645,USD,0.99,106.920000,JPY,106
1364570060118310,"Oct 17, 2014",10:09:42 PM PDT,,Google fee,,Crystal 1 units,com.dhearts.monter,1,tier_1,klteattactive,US,AK,99645,USD,-0.30,106.920000,JPY,-32
1364570060118310,"Oct 17, 2014",10:09:42 PM PDT,,Charge,,Crystal 1 units,com.dhearts.monter,1,tier_1,klteattactive,US,AK,99645,USD,0.99,106.920000,JPY,106
1360544071481748,"Oct 17, 2014",10:18:08 PM PDT,,Google fee,,Crystal 5 units,com.dhearts.monter,1,tier_5,klteattactive,US,AK,99645,USD,-1.50,106.920000,JPY,-160
1360544071481748,"Oct 17, 2014",10:18:08 PM PDT,,Charge,,Crystal 5 units,com.dhearts.monter,1,tier_5,klteattactive,US,AK,99645,USD,4.99,106.920000,JPY,534
1348884279211537,"Oct 18, 2014",2:22:34 AM PDT,,Google fee,,夜桜　ライブ壁紙,com.quan.lwp.fallingleaveslwp,0,,SHL25,JP,宮城県,9811517,JPY,-30,1.000000,JPY,-30
1348884279211537,"Oct 18, 2014",2:22:34 AM PDT,,Charge,,夜桜　ライブ壁紙,com.quan.lwp.fallingleaveslwp,0,,SHL25,JP,宮城県,9811517,JPY,99,1.000000,JPY,99
1337907639491130,"Oct 18, 2014",1:58:43 PM PDT,,Google fee,,夜桜　ライブ壁紙,com.quan.lwp.fallingleaveslwp,0,,D5833,TW,,300,TWD,-9.00,3.519500,JPY,-32
1337907639491130,"Oct 18, 2014",1:58:43 PM PDT,,Charge,,夜桜　ライブ壁紙,com.quan.lwp.fallingleaveslwp,0,,D5833,TW,,300,TWD,30.00,3.519500,JPY,106
1373935886627340,"Oct 18, 2014",7:08:18 PM PDT,,Google fee,,夜桜　ライブ壁紙,com.quan.lwp.fallingleaveslwp,0,,SOL23,JP,,7390047,JPY,-30,1.000000,JPY,-30
1373935886627340,"Oct 18, 2014",7:08:18 PM PDT,,Charge,,夜桜　ライブ壁紙,com.quan.lwp.fallingleaveslwp,0,,SOL23,JP,,7390047,JPY,99,1.000000,JPY,99
1398129165209642,"Oct 19, 2014",12:11:47 PM PDT,,Google fee,,夜桜　ライブ壁紙,com.quan.lwp.fallingleaveslwp,0,,SH-06F,JP,,9940002,JPY,-30,1.000000,JPY,-30
1398129165209642,"Oct 19, 2014",12:11:47 PM PDT,,Charge,,夜桜　ライブ壁紙,com.quan.lwp.fallingleaveslwp,0,,SH-06F,JP,,9940002,JPY,99,1.000000,JPY,99
1378533682786857,"Oct 19, 2014",8:26:07 PM PDT,,Google fee,,Cherry blossom LiveWallpaper,com.quan.lwp.fallingleaveslwp,0,,kltevzw,US,AZ,85086,USD,-0.30,107.120000,JPY,-32
1378533682786857,"Oct 19, 2014",8:26:07 PM PDT,,Charge,,Cherry blossom LiveWallpaper,com.quan.lwp.fallingleaveslwp,0,,kltevzw,US,AZ,85086,USD,0.99,107.120000,JPY,106
1303400649894138,"Oct 20, 2014",12:08:32 AM PDT,,Google fee,,夜桜　ライブ壁紙,com.quan.lwp.fallingleaveslwp,0,,t03g,TW,,104,TWD,-9.00,3.538600,JPY,-32
1303400649894138,"Oct 20, 2014",12:08:32 AM PDT,,Charge,,夜桜　ライブ壁紙,com.quan.lwp.fallingleaveslwp,0,,t03g,TW,,104,TWD,30.00,3.538600,JPY,106
1334186897434959,"Oct 20, 2014",1:11:45 AM PDT,,Google fee,,夜桜　ライブ壁紙,com.quan.lwp.fallingleaveslwp,0,,dlxub1,TW,,700,TWD,-9.00,3.534500,JPY,-32
1334186897434959,"Oct 20, 2014",1:11:45 AM PDT,,Charge,,夜桜　ライブ壁紙,com.quan.lwp.fallingleaveslwp,0,,dlxub1,TW,,700,TWD,30.00,3.534500,JPY,106
1382341605634459,"Oct 20, 2014",6:13:57 AM PDT,,Google fee,,Crystal 10 units,com.dhearts.monter,1,tier_10,SM-N900S,FR,,34070,EUR,-1.39,136.610000,JPY,-190
1382341605634459,"Oct 20, 2014",6:13:57 AM PDT,,Charge,,Crystal 10 units,com.dhearts.monter,1,tier_10,SM-N900S,FR,,34070,EUR,4.63,136.610000,JPY,633
1396495680156462,"Oct 20, 2014",6:14:46 AM PDT,,Google fee,,Crystal 50 units,com.dhearts.monter,1,tier_42,SM-N900S,FR,,34070,EUR,-6.48,136.610000,JPY,-885
1396495680156462,"Oct 20, 2014",6:14:46 AM PDT,,Charge,,Crystal 50 units,com.dhearts.monter,1,tier_42,SM-N900S,FR,,34070,EUR,21.61,136.610000,JPY,2952
1321372396539946,"Oct 20, 2014",6:16:17 AM PDT,,Google fee,,Crystal 50 units,com.dhearts.monter,1,tier_42,SM-N900S,FR,,34070,EUR,-6.48,136.610000,JPY,-885
1321372396539946,"Oct 20, 2014",6:16:17 AM PDT,,Charge,,Crystal 50 units,com.dhearts.monter,1,tier_42,SM-N900S,FR,,34070,EUR,21.61,136.610000,JPY,2952
1379145218318774,"Oct 20, 2014",8:52:08 PM PDT,,Google fee,,夜桜　ライブ壁紙,com.quan.lwp.fallingleaveslwp,0,,SC-02G,JP,,3510115,JPY,-30,1.000000,JPY,-30
1379145218318774,"Oct 20, 2014",8:52:08 PM PDT,,Charge,,夜桜　ライブ壁紙,com.quan.lwp.fallingleaveslwp,0,,SC-02G,JP,,3510115,JPY,99,1.000000,JPY,99
1317906633184266,"Oct 21, 2014",7:12:29 AM PDT,,Google fee,,夜桜　ライブ壁紙,com.quan.lwp.fallingleaveslwp,0,,dlxpul,TW,,300,TWD,-9.00,3.515000,JPY,-32
1317906633184266,"Oct 21, 2014",7:12:29 AM PDT,,Charge,,夜桜　ライブ壁紙,com.quan.lwp.fallingleaveslwp,0,,dlxpul,TW,,300,TWD,30.00,3.515000,JPY,105
1329353063889242,"Oct 21, 2014",11:17:30 AM PDT,,Google fee,,夜桜　ライブ壁紙,com.quan.lwp.fallingleaveslwp,0,,D5833,JP,,668-0371,JPY,-30,1.000000,JPY,-30
1329353063889242,"Oct 21, 2014",11:17:30 AM PDT,,Charge,,夜桜　ライブ壁紙,com.quan.lwp.fallingleaveslwp,0,,D5833,JP,,668-0371,JPY,99,1.000000,JPY,99
1362983058380123,"Oct 21, 2014",11:58:24 AM PDT,,Google fee,,夜桜　ライブ壁紙,com.quan.lwp.fallingleaveslwp,0,,C5302,TW,,241,TWD,-9.00,3.512500,JPY,-32
1362983058380123,"Oct 21, 2014",11:58:24 AM PDT,,Charge,,夜桜　ライブ壁紙,com.quan.lwp.fallingleaveslwp,0,,C5302,TW,,241,TWD,30.00,3.512500,JPY,105
1399099865988404,"Oct 21, 2014",1:30:16 PM PDT,,Google fee,,夜桜　ライブ壁紙,com.quan.lwp.fallingleaveslwp,0,,D6653,TW,,302,TWD,-9.00,3.518300,JPY,-32
1399099865988404,"Oct 21, 2014",1:30:16 PM PDT,,Charge,,夜桜　ライブ壁紙,com.quan.lwp.fallingleaveslwp,0,,D6653,TW,,302,TWD,30.00,3.518300,JPY,106
1397655863405187,"Oct 21, 2014",4:20:38 PM PDT,,Google fee,,夜桜　ライブ壁紙,com.quan.lwp.fallingleaveslwp,0,,D5833,TW,,238,TWD,-9.00,3.519900,JPY,-32
1397655863405187,"Oct 21, 2014",4:20:38 PM PDT,,Charge,,夜桜　ライブ壁紙,com.quan.lwp.fallingleaveslwp,0,,D5833,TW,,238,TWD,30.00,3.519900,JPY,106
1388030385678902,"Oct 21, 2014",5:19:24 PM PDT,,Google fee,,夜桜　ライブ壁紙,com.quan.lwp.fallingleaveslwp,0,,trhplte,TW,,235,TWD,-9.00,3.519900,JPY,-32
1388030385678902,"Oct 21, 2014",5:19:24 PM PDT,,Charge,,夜桜　ライブ壁紙,com.quan.lwp.fallingleaveslwp,0,,trhplte,TW,,235,TWD,30.00,3.519900,JPY,106
1399581720910684,"Oct 22, 2014",7:34:03 AM PDT,,Google fee,,Cherry blossom LiveWallpaper,com.quan.lwp.fallingleaveslwp,0,,trelte,KW,,,USD,-0.28,107.280000,JPY,-30
1399581720910684,"Oct 22, 2014",7:34:03 AM PDT,,Charge,,Cherry blossom LiveWallpaper,com.quan.lwp.fallingleaveslwp,0,,trelte,KW,,,USD,0.93,107.280000,JPY,100
1374279963023112,"Oct 22, 2014",10:58:36 AM PDT,,Google fee,,Cherry blossom LiveWallpaper,com.quan.lwp.fallingleaveslwp,0,,g2,US,NY,10024,USD,-0.30,107.330000,JPY,-32
1374279963023112,"Oct 22, 2014",10:58:36 AM PDT,,Charge,,Cherry blossom LiveWallpaper,com.quan.lwp.fallingleaveslwp,0,,g2,US,NY,10024,USD,0.99,107.330000,JPY,106
1335637152445287,"Oct 22, 2014",3:22:36 PM PDT,,Google fee,,夜桜　ライブ壁紙,com.quan.lwp.fallingleaveslwp,0,,D5833,TW,台北市,108,TWD,-9.00,3.524000,JPY,-32
1335637152445287,"Oct 22, 2014",3:22:36 PM PDT,,Charge,,夜桜　ライブ壁紙,com.quan.lwp.fallingleaveslwp,0,,D5833,TW,台北市,108,TWD,30.00,3.524000,JPY,106
1369334896067044,"Oct 23, 2014",9:57:58 AM PDT,,Google fee,,夜桜　ライブ壁紙,com.quan.lwp.fallingleaveslwp,0,,SC-04F,JP,,594-0031,JPY,-30,1.000000,JPY,-30
1369334896067044,"Oct 23, 2014",9:57:58 AM PDT,,Charge,,夜桜　ライブ壁紙,com.quan.lwp.fallingleaveslwp,0,,SC-04F,JP,,594-0031,JPY,99,1.000000,JPY,99
1314425298616300,"Oct 24, 2014",4:33:49 AM PDT,,Google fee,,夜桜　ライブ壁紙,com.quan.lwp.fallingleaveslwp,0,,hlte,TW,,104,TWD,-9.00,3.560700,JPY,-32
1314425298616300,"Oct 24, 2014",4:33:49 AM PDT,,Charge,,夜桜　ライブ壁紙,com.quan.lwp.fallingleaveslwp,0,,hlte,TW,,104,TWD,30.00,3.560700,JPY,107
1365466256015844,"Oct 24, 2014",1:34:11 PM PDT,,Google fee,,夜桜　ライブ壁紙,com.quan.lwp.fallingleaveslwp,0,,F06E,JP,,2490004,JPY,-30,1.000000,JPY,-30
1365466256015844,"Oct 24, 2014",1:34:11 PM PDT,,Charge,,夜桜　ライブ壁紙,com.quan.lwp.fallingleaveslwp,0,,F06E,JP,,2490004,JPY,99,1.000000,JPY,99
1322412118096366,"Oct 24, 2014",9:49:29 PM PDT,,Google fee,,Crystal 50 units,com.dhearts.monter,1,tier_42,SM-N900S,FR,,34070,EUR,-9.26,136.970000,JPY,-1268
1322412118096366,"Oct 24, 2014",9:49:29 PM PDT,,Charge,,Crystal 50 units,com.dhearts.monter,1,tier_42,SM-N900S,FR,,34070,EUR,30.87,136.970000,JPY,4228
1310850278371522,"Oct 25, 2014",7:49:44 AM PDT,,Google fee,,夜桜　ライブ壁紙,com.quan.lwp.fallingleaveslwp,0,,SO-01G,JP,,5290425,JPY,-30,1.000000,JPY,-30
1310850278371522,"Oct 25, 2014",7:49:44 AM PDT,,Charge,,夜桜　ライブ壁紙,com.quan.lwp.fallingleaveslwp,0,,SO-01G,JP,,5290425,JPY,99,1.000000,JPY,99
1333409507051966,"Oct 25, 2014",10:11:24 AM PDT,,Google fee,,夜桜　ライブ壁紙,com.quan.lwp.fallingleaveslwp,0,,D6563,TW,新北市,235,TWD,-9.00,3.558600,JPY,-32
1333409507051966,"Oct 25, 2014",10:11:24 AM PDT,,Charge,,夜桜　ライブ壁紙,com.quan.lwp.fallingleaveslwp,0,,D6563,TW,新北市,235,TWD,30.00,3.558600,JPY,107
1305610429784718,"Oct 25, 2014",10:36:09 AM PDT,,Google fee,,夜桜　ライブ壁紙,com.quan.lwp.fallingleaveslwp,0,,htc_m8,TW,,104,TWD,-9.00,3.558600,JPY,-32
1305610429784718,"Oct 25, 2014",10:36:09 AM PDT,,Charge,,夜桜　ライブ壁紙,com.quan.lwp.fallingleaveslwp,0,,htc_m8,TW,,104,TWD,30.00,3.558600,JPY,107
1395210177392390,"Oct 25, 2014",5:42:56 PM PDT,,Google fee,,夜桜　ライブ壁紙,com.quan.lwp.fallingleaveslwp,0,,ME371MG,TW,,511,TWD,-9.00,3.558600,JPY,-32
1395210177392390,"Oct 25, 2014",5:42:56 PM PDT,,Charge,,夜桜　ライブ壁紙,com.quan.lwp.fallingleaveslwp,0,,ME371MG,TW,,511,TWD,30.00,3.558600,JPY,107
1316585266264524,"Oct 26, 2014",9:29:04 PM PDT,,Google fee,,Crystal 1 units,com.dhearts.monter,1,tier_1,thunderbird,US,AZ,85323,USD,-0.30,107.980000,JPY,-32
1316585266264524,"Oct 26, 2014",9:29:04 PM PDT,,Charge,,Crystal 1 units,com.dhearts.monter,1,tier_1,thunderbird,US,AZ,85323,USD,0.99,107.980000,JPY,107
1334844672333800,"Oct 27, 2014",12:18:09 PM PDT,,Google fee,,夜桜　ライブ壁紙,com.quan.lwp.fallingleaveslwp,0,,D5833,TW,,220,TWD,-9.00,3.545600,JPY,-32
1334844672333800,"Oct 27, 2014",12:18:09 PM PDT,,Charge,,夜桜　ライブ壁紙,com.quan.lwp.fallingleaveslwp,0,,D5833,TW,,220,TWD,30.00,3.545600,JPY,106
1394092938879868,"Oct 27, 2014",1:06:39 PM PDT,,Google fee,,夜桜　ライブ壁紙,com.quan.lwp.fallingleaveslwp,0,,ja3g,TW,,702,TWD,-9.00,3.543600,JPY,-32
1394092938879868,"Oct 27, 2014",1:06:39 PM PDT,,Charge,,夜桜　ライブ壁紙,com.quan.lwp.fallingleaveslwp,0,,ja3g,TW,,702,TWD,30.00,3.543600,JPY,106
1321512576404248,"Oct 27, 2014",1:15:41 PM PDT,,Google fee,,夜桜　ライブ壁紙,com.quan.lwp.fallingleaveslwp,0,,D6653,TW,,540,TWD,-9.00,3.543600,JPY,-32
1321512576404248,"Oct 27, 2014",1:15:41 PM PDT,,Charge,,夜桜　ライブ壁紙,com.quan.lwp.fallingleaveslwp,0,,D6653,TW,,540,TWD,30.00,3.543600,JPY,106
1330612886176644,"Oct 27, 2014",4:59:22 PM PDT,,Google fee,,夜桜　ライブ壁紙,com.quan.lwp.fallingleaveslwp,0,,serranolte,AT,,5204,EUR,-0.24,136.950000,JPY,-33
1330612886176644,"Oct 27, 2014",4:59:22 PM PDT,,Charge,,夜桜　ライブ壁紙,com.quan.lwp.fallingleaveslwp,0,,serranolte,AT,,5204,EUR,0.81,136.950000,JPY,111
1320729483641531,"Oct 28, 2014",8:38:50 AM PDT,,Google fee,,夜桜　ライブ壁紙,com.quan.lwp.fallingleaveslwp,0,,SOL23,JP,,8820003,JPY,-30,1.000000,JPY,-30
1320729483641531,"Oct 28, 2014",8:38:50 AM PDT,,Charge,,夜桜　ライブ壁紙,com.quan.lwp.fallingleaveslwp,0,,SOL23,JP,,8820003,JPY,99,1.000000,JPY,99
1314853803572167,"Oct 28, 2014",5:06:24 PM PDT,,Google fee,,夜桜　ライブ壁紙,com.quan.lwp.fallingleaveslwp,0,,ASUS_T00P,TW,,330,TWD,-9.00,3.558200,JPY,-32
1314853803572167,"Oct 28, 2014",5:06:24 PM PDT,,Charge,,夜桜　ライブ壁紙,com.quan.lwp.fallingleaveslwp,0,,ASUS_T00P,TW,,330,TWD,30.00,3.558200,JPY,107
1354152785314167,"Oct 29, 2014",4:52:06 AM PDT,,Google fee,,Cherry blossom LiveWallpaper,com.quan.lwp.fallingleaveslwp,0,,obake-maxx,US,TX,76705,USD,-0.30,108.070000,JPY,-32
1354152785314167,"Oct 29, 2014",4:52:06 AM PDT,,Charge,,Cherry blossom LiveWallpaper,com.quan.lwp.fallingleaveslwp,0,,obake-maxx,US,TX,76705,USD,0.99,108.070000,JPY,107
1368304581799805,"Oct 29, 2014",10:11:00 AM PDT,,Google fee,,夜桜　ライブ壁紙,com.quan.lwp.fallingleaveslwp,0,,hlte,TW,,104,TWD,-9.00,3.566600,JPY,-32
1368304581799805,"Oct 29, 2014",10:11:00 AM PDT,,Charge,,夜桜　ライブ壁紙,com.quan.lwp.fallingleaveslwp,0,,hlte,TW,,104,TWD,30.00,3.566600,JPY,107
1302148043738882,"Oct 29, 2014",9:10:49 PM PDT,,Google fee,,夜桜　ライブ壁紙,com.quan.lwp.fallingleaveslwp,0,,SOL24,JP,,6794124,JPY,-30,1.000000,JPY,-30
1302148043738882,"Oct 29, 2014",9:10:49 PM PDT,,Charge,,夜桜　ライブ壁紙,com.quan.lwp.fallingleaveslwp,0,,SOL24,JP,,6794124,JPY,99,1.000000,JPY,99
1353607265006526,"Oct 29, 2014",11:44:42 PM PDT,,Google fee,,夜桜　ライブ壁紙,com.quan.lwp.fallingleaveslwp,0,,LT28i,TW,,115,TWD,-9.00,3.595400,JPY,-32
1353607265006526,"Oct 29, 2014",11:44:42 PM PDT,,Charge,,夜桜　ライブ壁紙,com.quan.lwp.fallingleaveslwp,0,,LT28i,TW,,115,TWD,30.00,3.595400,JPY,108
1318797502546844,"Oct 30, 2014",6:21:56 AM PDT,,Google fee,,夜桜　ライブ壁紙,com.quan.lwp.fallingleaveslwp,0,,ASUS_T00F,TW,,320,TWD,-9.00,3.584400,JPY,-32
1318797502546844,"Oct 30, 2014",6:21:56 AM PDT,,Charge,,夜桜　ライブ壁紙,com.quan.lwp.fallingleaveslwp,0,,ASUS_T00F,TW,,320,TWD,30.00,3.584400,JPY,108
1334867279753077,"Oct 30, 2014",11:09:40 AM PDT,,Google fee,,夜桜　ライブ壁紙,com.quan.lwp.fallingleaveslwp,0,,C6502,TW,雲林縣,64058,TWD,-9.00,3.586000,JPY,-32
1334867279753077,"Oct 30, 2014",11:09:40 AM PDT,,Charge,,夜桜　ライブ壁紙,com.quan.lwp.fallingleaveslwp,0,,C6502,TW,雲林縣,64058,TWD,30.00,3.586000,JPY,108
1341816449431440,"Oct 30, 2014",3:14:55 PM PDT,,Google fee,,夜桜　ライブ壁紙,com.quan.lwp.fallingleaveslwp,0,,SC-03D,JP,神奈川県,243-0805,JPY,-30,1.000000,JPY,-30
1341816449431440,"Oct 30, 2014",3:14:55 PM PDT,,Charge,,夜桜　ライブ壁紙,com.quan.lwp.fallingleaveslwp,0,,SC-03D,JP,神奈川県,243-0805,JPY,99,1.000000,JPY,99
1367100221427767,"Oct 31, 2014",3:28:36 AM PDT,,Google fee,,Cherry blossom LiveWallpaper,com.quan.lwp.fallingleaveslwp,0,,l1v,US,FL,32828,USD,-0.30,111.500000,JPY,-33
1367100221427767,"Oct 31, 2014",3:28:36 AM PDT,,Charge,,Cherry blossom LiveWallpaper,com.quan.lwp.fallingleaveslwp,0,,l1v,US,FL,32828,USD,0.99,111.500000,JPY,110
1399962141731958,"Oct 31, 2014",4:56:10 AM PDT,,Google fee,,Cherry blossom LiveWallpaper,com.quan.lwp.fallingleaveslwp,0,,hltetmo,US,TX,77503,USD,-0.30,111.610000,JPY,-33
1399962141731958,"Oct 31, 2014",4:56:10 AM PDT,,Charge,,Cherry blossom LiveWallpaper,com.quan.lwp.fallingleaveslwp,0,,hltetmo,US,TX,77503,USD,0.99,111.610000,JPY,110
1357550510665748,"Oct 31, 2014",11:03:03 PM PDT,,Google fee,,夜桜　ライブ壁紙,com.quan.lwp.fallingleaveslwp,0,,P-02E,JP,,3892101,JPY,-30,1.000000,JPY,-30
1357550510665748,"Oct 31, 2014",11:03:03 PM PDT,,Charge,,夜桜　ライブ壁紙,com.quan.lwp.fallingleaveslwp,0,,P-02E,JP,,3892101,JPY,99,1.000000,JPY,99
