Description,Transaction Date,Transaction Time,Tax Type,Transaction Type,Refund Type,Product Title,Product id,Product Type,Sku Id,Hardware,Buyer Country,Buyer State,Buyer Postal Code,Buyer Currency,Amount (Buyer Currency),Currency Conversion Rate,Merchant Currency,Amount (Merchant Currency)
1323178850157779,"May 1, 2014",1:32:30 AM PDT,,Google fee,,夜桜　ライブ壁紙,com.quan.lwp.fallingleaveslwp,0,,SH06D,JP,,3290511,JPY,-30,1.000000,JPY,-30
1323178850157779,"May 1, 2014",1:32:30 AM PDT,,Charge,,夜桜　ライブ壁紙,com.quan.lwp.fallingleaveslwp,0,,SH06D,JP,,3290511,JPY,99,1.000000,JPY,99
1321881784611281,"May 1, 2014",8:25:50 AM PDT,,Google fee,,夜桜　ライブ壁紙,com.quan.lwp.fallingleaveslwp,0,,F01F,JP,,3750012,JPY,-30,1.000000,JPY,-30
1321881784611281,"May 1, 2014",8:25:50 AM PDT,,Charge,,夜桜　ライブ壁紙,com.quan.lwp.fallingleaveslwp,0,,F01F,JP,,3750012,JPY,99,1.000000,JPY,99
1340592169913792,"May 1, 2014",2:01:45 PM PDT,,Google fee,,Crystal 10 units,com.dhearts.monter,1,tier_10,GT-S6802B,US,OR,97534,USD,-2.69,102.300000,JPY,-275
1340592169913792,"May 1, 2014",2:01:45 PM PDT,,Charge,,Crystal 10 units,com.dhearts.monter,1,tier_10,GT-S6802B,US,OR,97534,USD,8.96,102.300000,JPY,917
1308437664910025,"May 1, 2014",2:04:32 PM PDT,,Google fee,,Crystal 10 units,com.dhearts.monter,1,tier_10,GT-S6802B,US,OR,97534,USD,-2.69,102.300000,JPY,-275
1308437664910025,"May 1, 2014",2:04:32 PM PDT,,Charge,,Crystal 10 units,com.dhearts.monter,1,tier_10,GT-S6802B,US,OR,97534,USD,8.96,102.300000,JPY,917
1362982833665047,"May 1, 2014",2:07:47 PM PDT,,Google fee,,Crystal 10 units,com.dhearts.monter,1,tier_10,GT-S6802B,US,OR,97534,USD,-2.69,102.300000,JPY,-275
1362982833665047,"May 1, 2014",2:07:47 PM PDT,,Charge,,Crystal 10 units,com.dhearts.monter,1,tier_10,GT-S6802B,US,OR,97534,USD,8.96,102.300000,JPY,917
1359541449305995,"May 1, 2014",3:59:26 PM PDT,,Google fee,,夜桜　ライブ壁紙,com.quan.lwp.fallingleaveslwp,0,,KYL21,JP,,0708758,JPY,-30,1.000000,JPY,-30
1359541449305995,"May 1, 2014",3:59:26 PM PDT,,Charge,,夜桜　ライブ壁紙,com.quan.lwp.fallingleaveslwp,0,,KYL21,JP,,0708758,JPY,99,1.000000,JPY,99
1315900201238662,"May 1, 2014",10:03:36 PM PDT,,Google fee,,夜桜　ライブ壁紙,com.quan.lwp.fallingleaveslwp,0,,SOL23,JP,,3770815,JPY,-30,1.000000,JPY,-30
1315900201238662,"May 1, 2014",10:03:36 PM PDT,,Charge,,夜桜　ライブ壁紙,com.quan.lwp.fallingleaveslwp,0,,SOL23,JP,,3770815,JPY,99,1.000000,JPY,99
1371812495566353,"May 1, 2014",11:05:25 PM PDT,,Google fee,,夜桜　ライブ壁紙,com.quan.lwp.fallingleaveslwp,0,,SHL21,JP,,7293103,JPY,-30,1.000000,JPY,-30
1371812495566353,"May 1, 2014",11:05:25 PM PDT,,Charge,,夜桜　ライブ壁紙,com.quan.lwp.fallingleaveslwp,0,,SHL21,JP,,7293103,JPY,99,1.000000,JPY,99
1378718306153045,"May 2, 2014",1:53:34 AM PDT,,Google fee,,Crystal 10 units,com.dhearts.monter,1,tier_10,fx1,US,CA,91766,USD,-2.69,102.480000,JPY,-276
1378718306153045,"May 2, 2014",1:53:34 AM PDT,,Charge,,Crystal 10 units,com.dhearts.monter,1,tier_10,fx1,US,CA,91766,USD,8.96,102.480000,JPY,918
1303005701955173,"May 2, 2014",1:54:13 AM PDT,,Google fee,,Crystal 5 units,com.dhearts.monter,1,tier_5,fx1,US,CA,91766,USD,-1.50,102.480000,JPY,-154
1303005701955173,"May 2, 2014",1:54:13 AM PDT,,Charge,,Crystal 5 units,com.dhearts.monter,1,tier_5,fx1,US,CA,91766,USD,4.99,102.480000,JPY,511
1386066379067225,"May 2, 2014",7:42:30 AM PDT,,Google fee,,夜桜　ライブ壁紙,com.quan.lwp.fallingleaveslwp,0,,m0,TW,,908,TWD,-9.00,3.406700,JPY,-31
1386066379067225,"May 2, 2014",7:42:30 AM PDT,,Charge,,夜桜　ライブ壁紙,com.quan.lwp.fallingleaveslwp,0,,m0,TW,,908,TWD,30.00,3.406700,JPY,102
1334222961193941,"May 2, 2014",12:01:18 PM PDT,,Google fee,,夜桜　ライブ壁紙,com.quan.lwp.fallingleaveslwp,0,,t03g,TW,,326,TWD,-9.00,3.392400,JPY,-31
1334222961193941,"May 2, 2014",12:01:18 PM PDT,,Charge,,夜桜　ライブ壁紙,com.quan.lwp.fallingleaveslwp,0,,t03g,TW,,326,TWD,30.00,3.392400,JPY,102
1312813937373831,"May 2, 2014",1:26:57 PM PDT,,Google fee,,夜桜　ライブ壁紙,com.quan.lwp.fallingleaveslwp,0,,SO-01F,JP,,2700157,JPY,-30,1.000000,JPY,-30
1312813937373831,"May 2, 2014",1:26:57 PM PDT,,Charge,,夜桜　ライブ壁紙,com.quan.lwp.fallingleaveslwp,0,,SO-01F,JP,,2700157,JPY,99,1.000000,JPY,99
1310036765718351,"May 2, 2014",10:07:31 PM PDT,,Google fee,,夜桜　ライブ壁紙,com.quan.lwp.fallingleaveslwp,0,,SC-02E,JP,,3070001,JPY,-30,1.000000,JPY,-30
1310036765718351,"May 2, 2014",10:07:31 PM PDT,,Charge,,夜桜　ライブ壁紙,com.quan.lwp.fallingleaveslwp,0,,SC-02E,JP,,3070001,JPY,99,1.000000,JPY,99
1340681149255331,"May 3, 2014",3:01:31 AM PDT,,Google fee,,夜桜　ライブ壁紙,com.quan.lwp.fallingleaveslwp,0,,SOL22,JP,,0800838,JPY,-30,1.000000,JPY,-30
1340681149255331,"May 3, 2014",3:01:31 AM PDT,,Charge,,夜桜　ライブ壁紙,com.quan.lwp.fallingleaveslwp,0,,SOL22,JP,,0800838,JPY,99,1.000000,JPY,99
1365159048542752,"May 3, 2014",10:56:19 AM PDT,,Google fee,,夜桜　ライブ壁紙,com.quan.lwp.fallingleaveslwp,0,,SH-01F,JP,,3440011,JPY,-30,1.000000,JPY,-30
1365159048542752,"May 3, 2014",10:56:19 AM PDT,,Charge,,夜桜　ライブ壁紙,com.quan.lwp.fallingleaveslwp,0,,SH-01F,JP,,3440011,JPY,99,1.000000,JPY,99
1359371477919807,"May 3, 2014",7:35:22 PM PDT,,Google fee,,Package 4,com.dhearts.ninjalegend,1,diamond100,jflte,NL,,1402PA,EUR,-2.80,141.820000,JPY,-397
1359371477919807,"May 3, 2014",7:35:22 PM PDT,,Charge,,Package 4,com.dhearts.ninjalegend,1,diamond100,jflte,NL,,1402PA,EUR,9.33,141.820000,JPY,1323
1352271574857219,"May 3, 2014",8:27:22 PM PDT,,Google fee,,Crystal 5 units,com.dhearts.monter,1,tier_5,jflte,FR,,95570,EUR,-1.11,141.820000,JPY,-157
1352271574857219,"May 3, 2014",8:27:22 PM PDT,,Charge,,Crystal 5 units,com.dhearts.monter,1,tier_5,jflte,FR,,95570,EUR,3.71,141.820000,JPY,526
1334448369691471,"May 3, 2014",8:51:03 PM PDT,,Google fee,,Package 2,com.dhearts.ninjalegend,1,diamond15,t03g,CR,,1830,CRC,-297,0.185220,JPY,-55
1334448369691471,"May 3, 2014",8:51:03 PM PDT,,Charge,,Package 2,com.dhearts.ninjalegend,1,diamond15,t03g,CR,,1830,CRC,990,0.185220,JPY,183
1361032568502716,"May 3, 2014",8:51:29 PM PDT,,Google fee,,Package 6,com.dhearts.ninjalegend,1,diamond320,t03g,CR,,1830,CRC,-6270,0.185220,JPY,-1161
1361032568502716,"May 3, 2014",8:51:29 PM PDT,,Charge,,Package 6,com.dhearts.ninjalegend,1,diamond320,t03g,CR,,1830,CRC,20899,0.185220,JPY,3871
1392062341883608,"May 4, 2014",1:54:02 AM PDT,,Google fee,,夜桜　ライブ壁紙,com.quan.lwp.fallingleaveslwp,0,,d2dcm,JP,愛知県,4760015,JPY,-30,1.000000,JPY,-30
1392062341883608,"May 4, 2014",1:54:02 AM PDT,,Charge,,夜桜　ライブ壁紙,com.quan.lwp.fallingleaveslwp,0,,d2dcm,JP,愛知県,4760015,JPY,99,1.000000,JPY,99
1368312176052324,"May 4, 2014",3:46:46 AM PDT,,Google fee,,夜桜　ライブ壁紙,com.quan.lwp.fallingleaveslwp,0,,imnj,JP,,058-0421,JPY,-30,1.000000,JPY,-30
1368312176052324,"May 4, 2014",3:46:46 AM PDT,,Charge,,夜桜　ライブ壁紙,com.quan.lwp.fallingleaveslwp,0,,imnj,JP,,058-0421,JPY,99,1.000000,JPY,99
1373793453267182,"May 4, 2014",10:19:34 AM PDT,,Google fee,,夜桜　ライブ壁紙,com.quan.lwp.fallingleaveslwp,0,,blaze,JP,,5460041,JPY,-30,1.000000,JPY,-30
1373793453267182,"May 4, 2014",10:19:34 AM PDT,,Charge,,夜桜　ライブ壁紙,com.quan.lwp.fallingleaveslwp,0,,blaze,JP,,5460041,JPY,99,1.000000,JPY,99
1347930794400286,"May 4, 2014",1:06:38 PM PDT,,Google fee,,夜桜　ライブ壁紙,com.quan.lwp.fallingleaveslwp,0,,SC-04E,JP,,500-8452,JPY,-30,1.000000,JPY,-30
1347930794400286,"May 4, 2014",1:06:38 PM PDT,,Charge,,夜桜　ライブ壁紙,com.quan.lwp.fallingleaveslwp,0,,SC-04E,JP,,500-8452,JPY,99,1.000000,JPY,99
1316592628336846,"May 4, 2014",1:50:57 PM PDT,,Google fee,,夜桜　ライブ壁紙,com.quan.lwp.fallingleaveslwp,0,,SC-04E,JP,神奈川県,2410802,JPY,-30,1.000000,JPY,-30
1316592628336846,"May 4, 2014",1:50:57 PM PDT,,Charge,,夜桜　ライブ壁紙,com.quan.lwp.fallingleaveslwp,0,,SC-04E,JP,神奈川県,2410802,JPY,99,1.000000,JPY,99
1362371476928353,"May 4, 2014",3:07:44 PM PDT,,Google fee,,Crystal 10 units,com.dhearts.monter,1,tier_10,GT-S6802B,US,OR,97534,USD,-2.69,102.240000,JPY,-275
1362371476928353,"May 4, 2014",3:07:44 PM PDT,,Charge,,Crystal 10 units,com.dhearts.monter,1,tier_10,GT-S6802B,US,OR,97534,USD,8.96,102.240000,JPY,916
1332342119486446,"May 4, 2014",3:10:49 PM PDT,,Google fee,,Crystal 10 units,com.dhearts.monter,1,tier_10,GT-S6802B,US,OR,97534,USD,-2.69,102.240000,JPY,-275
1332342119486446,"May 4, 2014",3:10:49 PM PDT,,Charge,,Crystal 10 units,com.dhearts.monter,1,tier_10,GT-S6802B,US,OR,97534,USD,8.96,102.240000,JPY,916
1381573857064950,"May 4, 2014",4:05:28 PM PDT,,Google fee,,Crystal 10 units,com.dhearts.monter,1,tier_10,GT-S6802B,US,OR,97534,USD,-2.69,102.240000,JPY,-275
1381573857064950,"May 4, 2014",4:05:28 PM PDT,,Charge,,Crystal 10 units,com.dhearts.monter,1,tier_10,GT-S6802B,US,OR,97534,USD,8.96,102.240000,JPY,916
1327247266983772,"May 4, 2014",4:17:24 PM PDT,,Google fee,,Crystal 10 units,com.dhearts.monter,1,tier_10,GT-S6802B,US,OR,97534,USD,-2.69,102.240000,JPY,-275
1327247266983772,"May 4, 2014",4:17:24 PM PDT,,Charge,,Crystal 10 units,com.dhearts.monter,1,tier_10,GT-S6802B,US,OR,97534,USD,8.96,102.240000,JPY,916
1340478750486552,"May 4, 2014",4:48:47 PM PDT,,Google fee,,Crystal 5 units,com.dhearts.monter,1,tier_5,jflte,FR,,95570,EUR,-1.11,141.820000,JPY,-157
1340478750486552,"May 4, 2014",4:48:47 PM PDT,,Charge,,Crystal 5 units,com.dhearts.monter,1,tier_5,jflte,FR,,95570,EUR,3.71,141.820000,JPY,526
1380529847512833,"May 4, 2014",4:55:11 PM PDT,,Google fee,,Crystal 5 units,com.dhearts.monter,1,tier_5,jflte,FR,,95570,EUR,-1.11,141.820000,JPY,-157
1380529847512833,"May 4, 2014",4:55:11 PM PDT,,Charge,,Crystal 5 units,com.dhearts.monter,1,tier_5,jflte,FR,,95570,EUR,3.71,141.820000,JPY,526
1316949479407135,"May 4, 2014",6:11:36 PM PDT,,Google fee,,Crystal 30 units,com.dhearts.monter,1,tier_25,GT-S6802B,US,OR,97534,USD,-7.50,102.210000,JPY,-767
1316949479407135,"May 4, 2014",6:11:36 PM PDT,,Charge,,Crystal 30 units,com.dhearts.monter,1,tier_25,GT-S6802B,US,OR,97534,USD,24.99,102.210000,JPY,2554
1303206175079744,"May 4, 2014",6:16:30 PM PDT,,Google fee,,Crystal 5 units,com.dhearts.monter,1,tier_5,jflte,FR,,95570,EUR,-1.11,141.790000,JPY,-157
1303206175079744,"May 4, 2014",6:16:30 PM PDT,,Charge,,Crystal 5 units,com.dhearts.monter,1,tier_5,jflte,FR,,95570,EUR,3.71,141.790000,JPY,526
1365048810039914,"May 4, 2014",8:46:09 PM PDT,,Google fee,,夜桜　ライブ壁紙,com.quan.lwp.fallingleaveslwp,0,,SOL23,JP,,5160021,JPY,-30,1.000000,JPY,-30
1365048810039914,"May 4, 2014",8:46:09 PM PDT,,Charge,,夜桜　ライブ壁紙,com.quan.lwp.fallingleaveslwp,0,,SOL23,JP,,5160021,JPY,99,1.000000,JPY,99
1331803000948472,"May 5, 2014",2:14:53 AM PDT,,Google fee,,Cherry blossom LiveWallpaper,com.quan.lwp.fallingleaveslwp,0,,coeus,US,NC,28403,USD,-0.30,102.070000,JPY,-31
1331803000948472,"May 5, 2014",2:14:53 AM PDT,,Charge,,Cherry blossom LiveWallpaper,com.quan.lwp.fallingleaveslwp,0,,coeus,US,NC,28403,USD,0.99,102.070000,JPY,101
1354223001012259,"May 5, 2014",7:56:56 AM PDT,,Google fee,,夜桜　ライブ壁紙,com.quan.lwp.fallingleaveslwp,0,,SO-03D,JP,,3002424,JPY,-30,1.000000,JPY,-30
1354223001012259,"May 5, 2014",7:56:56 AM PDT,,Charge,,夜桜　ライブ壁紙,com.quan.lwp.fallingleaveslwp,0,,SO-03D,JP,,3002424,JPY,99,1.000000,JPY,99
1323094014868202,"May 5, 2014",8:49:45 AM PDT,,Google fee,,夜桜　ライブ壁紙,com.quan.lwp.fallingleaveslwp,0,,D6503,TW,,412,TWD,-9.00,3.386800,JPY,-30
1323094014868202,"May 5, 2014",8:49:45 AM PDT,,Charge,,夜桜　ライブ壁紙,com.quan.lwp.fallingleaveslwp,0,,D6503,TW,,412,TWD,30.00,3.386800,JPY,102
1372861049918944,"May 5, 2014",1:59:37 PM PDT,,Google fee,,夜桜　ライブ壁紙,com.quan.lwp.fallingleaveslwp,0,,t0lte,HK,,,HKD,-2.44,13.173000,JPY,-32
1372861049918944,"May 5, 2014",1:59:37 PM PDT,,Charge,,夜桜　ライブ壁紙,com.quan.lwp.fallingleaveslwp,0,,t0lte,HK,,,HKD,8.14,13.173000,JPY,107
1306135501519225,"May 5, 2014",6:48:49 PM PDT,,Google fee,,Crystal 5 units,com.dhearts.monter,1,tier_5,jflte,FR,,95570,EUR,-1.11,141.710000,JPY,-157
1306135501519225,"May 5, 2014",6:48:49 PM PDT,,Charge,,Crystal 5 units,com.dhearts.monter,1,tier_5,jflte,FR,,95570,EUR,3.71,141.710000,JPY,526
1397266070222263,"May 5, 2014",9:29:51 PM PDT,,Google fee,,夜桜　ライブ壁紙,com.quan.lwp.fallingleaveslwp,0,,icx1227,JP,,395-0822,JPY,-30,1.000000,JPY,-30
1397266070222263,"May 5, 2014",9:29:51 PM PDT,,Charge,,夜桜　ライブ壁紙,com.quan.lwp.fallingleaveslwp,0,,icx1227,JP,,395-0822,JPY,99,1.000000,JPY,99
1301447323975226,"May 6, 2014",3:11:54 AM PDT,,Google fee,,Cherry blossom LiveWallpaper,com.quan.lwp.fallingleaveslwp,0,,d2vzw,US,MN,55961,USD,-0.30,101.990000,JPY,-31
1301447323975226,"May 6, 2014",3:11:54 AM PDT,,Charge,,Cherry blossom LiveWallpaper,com.quan.lwp.fallingleaveslwp,0,,d2vzw,US,MN,55961,USD,0.99,101.990000,JPY,101
1389030089614125,"May 6, 2014",4:06:46 AM PDT,,Google fee,,Crystal 10 units,com.dhearts.monter,1,tier_10,GT-S6802B,US,OR,97534,USD,-2.69,101.990000,JPY,-274
1389030089614125,"May 6, 2014",4:06:46 AM PDT,,Charge,,Crystal 10 units,com.dhearts.monter,1,tier_10,GT-S6802B,US,OR,97534,USD,8.96,101.990000,JPY,914
1322577063603609,"May 6, 2014",8:36:51 AM PDT,,Google fee,,夜桜　ライブ壁紙,com.quan.lwp.fallingleaveslwp,0,,FJL22_jp_kdi,JP,,311-2112,JPY,-30,1.000000,JPY,-30
1322577063603609,"May 6, 2014",8:36:51 AM PDT,,Charge,,夜桜　ライブ壁紙,com.quan.lwp.fallingleaveslwp,0,,FJL22_jp_kdi,JP,,311-2112,JPY,99,1.000000,JPY,99
1362726084987232,"May 6, 2014",6:51:39 PM PDT,,Google fee,,夜桜　ライブ壁紙,com.quan.lwp.fallingleaveslwp,0,,FJL22_jp_kdi,JP,,0368161,JPY,-30,1.000000,JPY,-30
1362726084987232,"May 6, 2014",6:51:39 PM PDT,,Charge,,夜桜　ライブ壁紙,com.quan.lwp.fallingleaveslwp,0,,FJL22_jp_kdi,JP,,0368161,JPY,99,1.000000,JPY,99
1302492402118063,"May 6, 2014",7:16:44 PM PDT,,Google fee,,Crystal 1 units,com.dhearts.monter,1,tier_1,fx1,US,CA,91766,USD,-0.30,101.610000,JPY,-30
1302492402118063,"May 6, 2014",7:16:44 PM PDT,,Charge,,Crystal 1 units,com.dhearts.monter,1,tier_1,fx1,US,CA,91766,USD,0.99,101.610000,JPY,101
1350807732132498,"May 7, 2014",1:22:44 AM PDT,,Google fee,,夜桜　ライブ壁紙,com.quan.lwp.fallingleaveslwp,0,,SO-04E,JP,,2750016,JPY,-30,1.000000,JPY,-30
1350807732132498,"May 7, 2014",1:22:44 AM PDT,,Charge,,夜桜　ライブ壁紙,com.quan.lwp.fallingleaveslwp,0,,SO-04E,JP,,2750016,JPY,99,1.000000,JPY,99
1302428944120451,"May 7, 2014",4:35:11 AM PDT,,Google fee,,夜桜　ライブ壁紙,com.quan.lwp.fallingleaveslwp,0,,SH02E,JP,,4550874,JPY,-30,1.000000,JPY,-30
1302428944120451,"May 7, 2014",4:35:11 AM PDT,,Charge,,夜桜　ライブ壁紙,com.quan.lwp.fallingleaveslwp,0,,SH02E,JP,,4550874,JPY,99,1.000000,JPY,99
1369113685956361,"May 7, 2014",10:44:46 AM PDT,,Google fee,,Crystal 5 units,com.dhearts.monter,1,tier_5,jflte,FR,,95570,EUR,-1.11,141.580000,JPY,-157
1369113685956361,"May 7, 2014",10:44:46 AM PDT,,Charge,,Crystal 5 units,com.dhearts.monter,1,tier_5,jflte,FR,,95570,EUR,3.71,141.580000,JPY,525
1355295293209652,"May 7, 2014",10:47:46 AM PDT,,Google fee,,Crystal 5 units,com.dhearts.monter,1,tier_5,jflte,FR,,95570,EUR,-1.11,141.580000,JPY,-157
1355295293209652,"May 7, 2014",10:47:46 AM PDT,,Charge,,Crystal 5 units,com.dhearts.monter,1,tier_5,jflte,FR,,95570,EUR,3.71,141.580000,JPY,525
1347424836861309,"May 7, 2014",12:02:17 PM PDT,,Google fee,,夜桜　ライブ壁紙,com.quan.lwp.fallingleaveslwp,0,,SH-07E,JP,,6480211,JPY,-30,1.000000,JPY,-30
1347424836861309,"May 7, 2014",12:02:17 PM PDT,,Charge,,夜桜　ライブ壁紙,com.quan.lwp.fallingleaveslwp,0,,SH-07E,JP,,6480211,JPY,99,1.000000,JPY,99
1389691641793035,"May 7, 2014",12:25:13 PM PDT,,Google fee,,夜桜　ライブ壁紙,com.quan.lwp.fallingleaveslwp,0,,hammerhead,JP,,1920088,JPY,-30,1.000000,JPY,-30
1389691641793035,"May 7, 2014",12:25:13 PM PDT,,Charge,,夜桜　ライブ壁紙,com.quan.lwp.fallingleaveslwp,0,,hammerhead,JP,,1920088,JPY,99,1.000000,JPY,99
1341238282745822,"May 7, 2014",12:27:03 PM PDT,,Google fee,,Crystal 50 units,com.dhearts.monter,1,tier_42,jfltetmo,US,WA,98026,USD,-12.90,101.730000,JPY,-1312
1341238282745822,"May 7, 2014",12:27:03 PM PDT,,Charge,,Crystal 50 units,com.dhearts.monter,1,tier_42,jfltetmo,US,WA,98026,USD,42.99,101.730000,JPY,4373
1377717105266613,"May 7, 2014",12:38:12 PM PDT,,Google fee,,Crystal 50 units,com.dhearts.monter,1,tier_42,jfltetmo,US,WA,98026,USD,-12.90,101.730000,JPY,-1312
1377717105266613,"May 7, 2014",12:38:12 PM PDT,,Charge,,Crystal 50 units,com.dhearts.monter,1,tier_42,jfltetmo,US,WA,98026,USD,42.99,101.730000,JPY,4373
1331843557763849,"May 7, 2014",1:21:07 PM PDT,,Google fee,,夜桜　ライブ壁紙,com.quan.lwp.fallingleaveslwp,0,,ha3g,TW,,135,TWD,-9.00,3.378600,JPY,-30
1331843557763849,"May 7, 2014",1:21:07 PM PDT,,Charge,,夜桜　ライブ壁紙,com.quan.lwp.fallingleaveslwp,0,,ha3g,TW,,135,TWD,30.00,3.378600,JPY,101
1393528060494417,"May 7, 2014",2:32:34 PM PDT,,Google fee,,夜桜　ライブ壁紙,com.quan.lwp.fallingleaveslwp,0,,P-02E,JP,,0100821,JPY,-30,1.000000,JPY,-30
1393528060494417,"May 7, 2014",2:32:34 PM PDT,,Charge,,夜桜　ライブ壁紙,com.quan.lwp.fallingleaveslwp,0,,P-02E,JP,,0100821,JPY,99,1.000000,JPY,99
1377650246922361,"May 7, 2014",2:54:09 PM PDT,,Google fee,,夜桜　ライブ壁紙,com.quan.lwp.fallingleaveslwp,0,,ISW11SC,JP,,5691039,JPY,-30,1.000000,JPY,-30
1377650246922361,"May 7, 2014",2:54:09 PM PDT,,Charge,,夜桜　ライブ壁紙,com.quan.lwp.fallingleaveslwp,0,,ISW11SC,JP,,5691039,JPY,99,1.000000,JPY,99
1362784485895229,"May 7, 2014",4:32:28 PM PDT,,Google fee,,夜桜　ライブ壁紙,com.quan.lwp.fallingleaveslwp,0,,SCL22,JP,,491-0015,JPY,-30,1.000000,JPY,-30
1362784485895229,"May 7, 2014",4:32:28 PM PDT,,Charge,,夜桜　ライブ壁紙,com.quan.lwp.fallingleaveslwp,0,,SCL22,JP,,491-0015,JPY,99,1.000000,JPY,99
1302056823210306,"May 7, 2014",9:45:11 PM PDT,,Google fee,,Crystal 5 units,com.dhearts.monter,1,tier_5,jflte,FR,,95570,EUR,-1.11,141.600000,JPY,-157
1302056823210306,"May 7, 2014",9:45:11 PM PDT,,Charge,,Crystal 5 units,com.dhearts.monter,1,tier_5,jflte,FR,,95570,EUR,3.71,141.600000,JPY,525
1395944447508139,"May 8, 2014",8:10:11 AM PDT,,Google fee,,夜桜　ライブ壁紙,com.quan.lwp.fallingleaveslwp,0,,PadFone,TW,,24871,TWD,-9.00,3.384700,JPY,-30
1395944447508139,"May 8, 2014",8:10:11 AM PDT,,Charge,,夜桜　ライブ壁紙,com.quan.lwp.fallingleaveslwp,0,,PadFone,TW,,24871,TWD,30.00,3.384700,JPY,102
1375583686607001,"May 8, 2014",8:18:31 AM PDT,,Google fee,,夜桜　ライブ壁紙,com.quan.lwp.fallingleaveslwp,0,,SOL23,JP,,510-0834,JPY,-30,1.000000,JPY,-30
1375583686607001,"May 8, 2014",8:18:31 AM PDT,,Charge,,夜桜　ライブ壁紙,com.quan.lwp.fallingleaveslwp,0,,SOL23,JP,,510-0834,JPY,99,1.000000,JPY,99
1385937138078753,"May 8, 2014",3:14:46 PM PDT,,Google fee,,Crystal 5 units,com.dhearts.monter,1,tier_5,jflte,FR,,95570,EUR,-1.11,140.590000,JPY,-156
1385937138078753,"May 8, 2014",3:14:46 PM PDT,,Charge,,Crystal 5 units,com.dhearts.monter,1,tier_5,jflte,FR,,95570,EUR,3.71,140.590000,JPY,522
1364129648567799,"May 8, 2014",4:10:22 PM PDT,,Google fee,,夜桜　ライブ壁紙,com.quan.lwp.fallingleaveslwp,0,,SOL23,JP,,6400414,JPY,-30,1.000000,JPY,-30
1364129648567799,"May 8, 2014",4:10:22 PM PDT,,Charge,,夜桜　ライブ壁紙,com.quan.lwp.fallingleaveslwp,0,,SOL23,JP,,6400414,JPY,99,1.000000,JPY,99
1383035591777385,"May 8, 2014",6:48:04 PM PDT,,Google fee,,Package 3,com.dhearts.ninjalegend,1,diamond40,NX008HD8G,US,NJ,07060,USD,-1.46,101.490000,JPY,-148
1383035591777385,"May 8, 2014",6:48:04 PM PDT,,Charge,,Package 3,com.dhearts.ninjalegend,1,diamond40,NX008HD8G,US,NJ,07060,USD,4.88,101.490000,JPY,495
1306940857355072,"May 8, 2014",6:50:27 PM PDT,,Google fee,,Package 1,com.dhearts.ninjalegend,1,diamond7,NX008HD8G,US,NJ,07060,USD,-0.30,101.490000,JPY,-30
1306940857355072,"May 8, 2014",6:50:27 PM PDT,,Charge,,Package 1,com.dhearts.ninjalegend,1,diamond7,NX008HD8G,US,NJ,07060,USD,0.99,101.490000,JPY,100
1385660570180606,"May 8, 2014",6:50:34 PM PDT,,Google fee,,Package 2,com.dhearts.ninjalegend,1,diamond15,NX008HD8G,US,NJ,07060,USD,-0.59,101.490000,JPY,-60
1385660570180606,"May 8, 2014",6:50:34 PM PDT,,Charge,,Package 2,com.dhearts.ninjalegend,1,diamond15,NX008HD8G,US,NJ,07060,USD,1.95,101.490000,JPY,198
1324091548834638,"May 8, 2014",7:06:39 PM PDT,,Google fee,,Package 2,com.dhearts.ninjalegend,1,diamond15,NX008HD8G,US,NJ,07060,USD,-0.59,101.590000,JPY,-60
1324091548834638,"May 8, 2014",7:06:39 PM PDT,,Charge,,Package 2,com.dhearts.ninjalegend,1,diamond15,NX008HD8G,US,NJ,07060,USD,1.95,101.590000,JPY,198
1385664507914779,"May 9, 2014",12:14:20 AM PDT,,Google fee,,Crystal 1 units,com.dhearts.monter,1,tier_1,K00G,DE,,01139,EUR,-0.22,140.720000,JPY,-31
1385664507914779,"May 9, 2014",12:14:20 AM PDT,,Charge,,Crystal 1 units,com.dhearts.monter,1,tier_1,K00G,DE,,01139,EUR,0.74,140.720000,JPY,104
1331296355092007,"May 9, 2014",10:15:39 AM PDT,,Google fee,,Cherry blossom LiveWallpaper,com.quan.lwp.fallingleaveslwp,0,,hlte,TW,,79924,TWD,-9.00,3.376800,JPY,-30
1331296355092007,"May 9, 2014",10:15:39 AM PDT,,Charge,,Cherry blossom LiveWallpaper,com.quan.lwp.fallingleaveslwp,0,,hlte,TW,,79924,TWD,30.00,3.376800,JPY,101
1352568127637127,"May 9, 2014",11:56:55 AM PDT,,Google fee,,Package 3,com.dhearts.ninjalegend,1,diamond40,NX008HD8G,US,NJ,07060,USD,-1.46,101.750000,JPY,-149
1352568127637127,"May 9, 2014",11:56:55 AM PDT,,Charge,,Package 3,com.dhearts.ninjalegend,1,diamond40,NX008HD8G,US,NJ,07060,USD,4.88,101.750000,JPY,497
1302843701845737,"May 10, 2014",2:05:49 AM PDT,,Google fee,,Crystal 10 units,com.dhearts.monter,1,tier_10,SGH-I577,US,FL,32909,USD,-2.69,101.790000,JPY,-274
1302843701845737,"May 10, 2014",2:05:49 AM PDT,,Charge,,Crystal 10 units,com.dhearts.monter,1,tier_10,SGH-I577,US,FL,32909,USD,8.96,101.790000,JPY,912
1346671544961203,"May 10, 2014",1:42:01 PM PDT,,Google fee,,夜桜　ライブ壁紙,com.quan.lwp.fallingleaveslwp,0,,SHL22,JP,,4650035,JPY,-30,1.000000,JPY,-30
1346671544961203,"May 10, 2014",1:42:01 PM PDT,,Charge,,夜桜　ライブ壁紙,com.quan.lwp.fallingleaveslwp,0,,SHL22,JP,,4650035,JPY,99,1.000000,JPY,99
1334220066342816,"May 10, 2014",5:01:11 PM PDT,,Google fee,,Crystal 30 units,com.dhearts.monter,1,tier_25,GT-S6802B,US,OR,97534,USD,-7.50,101.790000,JPY,-763
1334220066342816,"May 10, 2014",5:01:11 PM PDT,,Charge,,Crystal 30 units,com.dhearts.monter,1,tier_25,GT-S6802B,US,OR,97534,USD,24.99,101.790000,JPY,2544
1335880993501874,"May 10, 2014",5:09:22 PM PDT,,Google fee,,Crystal 30 units,com.dhearts.monter,1,tier_25,GT-S6802B,US,OR,97534,USD,-7.50,101.790000,JPY,-763
1335880993501874,"May 10, 2014",5:09:22 PM PDT,,Charge,,Crystal 30 units,com.dhearts.monter,1,tier_25,GT-S6802B,US,OR,97534,USD,24.99,101.790000,JPY,2544
1306044186098824,"May 11, 2014",4:51:47 AM PDT,,Google fee,,Cherry blossom LiveWallpaper,com.quan.lwp.fallingleaveslwp,0,,t03g,MY,12,88828,MYR,-1.05,31.529000,JPY,-33
1306044186098824,"May 11, 2014",4:51:47 AM PDT,,Charge,,Cherry blossom LiveWallpaper,com.quan.lwp.fallingleaveslwp,0,,t03g,MY,12,88828,MYR,3.50,31.529000,JPY,110
1335240122676440,"May 11, 2014",10:31:12 AM PDT,,Google fee,,夜桜　ライブ壁紙,com.quan.lwp.fallingleaveslwp,0,,d2dcm,JP,,2160024,JPY,-30,1.000000,JPY,-30
1335240122676440,"May 11, 2014",10:31:12 AM PDT,,Charge,,夜桜　ライブ壁紙,com.quan.lwp.fallingleaveslwp,0,,d2dcm,JP,,2160024,JPY,99,1.000000,JPY,99
1392201699160456,"May 11, 2014",10:38:15 AM PDT,,Google fee,,夜桜　ライブ壁紙,com.quan.lwp.fallingleaveslwp,0,,SH-06E,JP,,9050016,JPY,-30,1.000000,JPY,-30
1392201699160456,"May 11, 2014",10:38:15 AM PDT,,Charge,,夜桜　ライブ壁紙,com.quan.lwp.fallingleaveslwp,0,,SH-06E,JP,,9050016,JPY,99,1.000000,JPY,99
1320747837861989,"May 11, 2014",1:01:05 PM PDT,,Google fee,,夜桜　ライブ壁紙,com.quan.lwp.fallingleaveslwp,0,,SOL22,JP,,0930213,JPY,-30,1.000000,JPY,-30
1320747837861989,"May 11, 2014",1:01:05 PM PDT,,Charge,,夜桜　ライブ壁紙,com.quan.lwp.fallingleaveslwp,0,,SOL22,JP,,0930213,JPY,99,1.000000,JPY,99
1319798365477242,"May 11, 2014",1:27:10 PM PDT,,Google fee,,夜桜　ライブ壁紙,com.quan.lwp.fallingleaveslwp,0,,FJL22_jp_kdi,JP,,0110909,JPY,-30,1.000000,JPY,-30
1319798365477242,"May 11, 2014",1:27:10 PM PDT,,Charge,,夜桜　ライブ壁紙,com.quan.lwp.fallingleaveslwp,0,,FJL22_jp_kdi,JP,,0110909,JPY,99,1.000000,JPY,99
1341525801059499,"May 11, 2014",11:43:16 PM PDT,,Google fee,,夜桜　ライブ壁紙,com.quan.lwp.fallingleaveslwp,0,,SO-02F,JP,,4710075,JPY,-30,1.000000,JPY,-30
1341525801059499,"May 11, 2014",11:43:16 PM PDT,,Charge,,夜桜　ライブ壁紙,com.quan.lwp.fallingleaveslwp,0,,SO-02F,JP,,4710075,JPY,99,1.000000,JPY,99
1368611277551454,"May 12, 2014",6:54:30 AM PDT,,Google fee,,Cherry blossom LiveWallpaper,com.quan.lwp.fallingleaveslwp,0,,D5503,US,WA,98433,USD,-0.30,101.920000,JPY,-31
1368611277551454,"May 12, 2014",6:54:30 AM PDT,,Charge,,Cherry blossom LiveWallpaper,com.quan.lwp.fallingleaveslwp,0,,D5503,US,WA,98433,USD,0.99,101.920000,JPY,101
1336397854663338,"May 12, 2014",11:40:19 AM PDT,,Google fee,,Cherry blossom LiveWallpaper,com.quan.lwp.fallingleaveslwp,0,,SGH-I577,US,NY,10469,USD,-0.30,102.110000,JPY,-31
1336397854663338,"May 12, 2014",11:40:19 AM PDT,,Charge,,Cherry blossom LiveWallpaper,com.quan.lwp.fallingleaveslwp,0,,SGH-I577,US,NY,10469,USD,0.99,102.110000,JPY,101
1328411882997044,"May 12, 2014",4:16:15 PM PDT,,Google fee,,夜桜　ライブ壁紙,com.quan.lwp.fallingleaveslwp,0,,SH02E,JP,,1870002,JPY,-30,1.000000,JPY,-30
1328411882997044,"May 12, 2014",4:16:15 PM PDT,,Charge,,夜桜　ライブ壁紙,com.quan.lwp.fallingleaveslwp,0,,SH02E,JP,,1870002,JPY,99,1.000000,JPY,99
1307517436534712,"May 13, 2014",5:06:12 AM PDT,,Google fee,,夜桜　ライブ壁紙,com.quan.lwp.fallingleaveslwp,0,,dlxub1,TW,,269,TWD,-9.00,3.388000,JPY,-30
1307517436534712,"May 13, 2014",5:06:12 AM PDT,,Charge,,夜桜　ライブ壁紙,com.quan.lwp.fallingleaveslwp,0,,dlxub1,TW,,269,TWD,30.00,3.388000,JPY,102
1381873799555693,"May 13, 2014",11:58:55 AM PDT,,Google fee,,夜桜　ライブ壁紙,com.quan.lwp.fallingleaveslwp,0,,L05E,JP,,5032121,JPY,-30,1.000000,JPY,-30
1381873799555693,"May 13, 2014",11:58:55 AM PDT,,Charge,,夜桜　ライブ壁紙,com.quan.lwp.fallingleaveslwp,0,,L05E,JP,,5032121,JPY,99,1.000000,JPY,99
1348691641974400,"May 13, 2014",12:20:08 PM PDT,,Google fee,,夜桜　ライブ壁紙,com.quan.lwp.fallingleaveslwp,0,,SOL23,JP,,6660145,JPY,-30,1.000000,JPY,-30
1348691641974400,"May 13, 2014",12:20:08 PM PDT,,Charge,,夜桜　ライブ壁紙,com.quan.lwp.fallingleaveslwp,0,,SOL23,JP,,6660145,JPY,99,1.000000,JPY,99
1355703212845173,"May 13, 2014",7:35:48 PM PDT,,Google fee,,Cherry blossom LiveWallpaper,com.quan.lwp.fallingleaveslwp,0,,kltetmo,US,TX,76010,USD,-0.30,102.240000,JPY,-31
1355703212845173,"May 13, 2014",7:35:48 PM PDT,,Charge,,Cherry blossom LiveWallpaper,com.quan.lwp.fallingleaveslwp,0,,kltetmo,US,TX,76010,USD,0.99,102.240000,JPY,101
1305520166025879,"May 14, 2014",4:55:02 AM PDT,,Google fee,,夜桜　ライブ壁紙,com.quan.lwp.fallingleaveslwp,0,,SO-01F,JP,,8791507,JPY,-30,1.000000,JPY,-30
1305520166025879,"May 14, 2014",4:55:02 AM PDT,,Charge,,夜桜　ライブ壁紙,com.quan.lwp.fallingleaveslwp,0,,SO-01F,JP,,8791507,JPY,99,1.000000,JPY,99
1324690534825493,"May 14, 2014",5:08:08 AM PDT,,Google fee,,Cherry blossom LiveWallpaper,com.quan.lwp.fallingleaveslwp,0,,grouper,US,CA,90815,USD,-0.30,101.850000,JPY,-31
1324690534825493,"May 14, 2014",5:08:08 AM PDT,,Charge,,Cherry blossom LiveWallpaper,com.quan.lwp.fallingleaveslwp,0,,grouper,US,CA,90815,USD,0.99,101.850000,JPY,101
1339739119935932,"May 14, 2014",8:23:55 AM PDT,,Google fee,,夜桜　ライブ壁紙,com.quan.lwp.fallingleaveslwp,0,,SOL24,JP,,3220301,JPY,-30,1.000000,JPY,-30
1339739119935932,"May 14, 2014",8:23:55 AM PDT,,Charge,,夜桜　ライブ壁紙,com.quan.lwp.fallingleaveslwp,0,,SOL24,JP,,3220301,JPY,99,1.000000,JPY,99
1358747881614404,"May 14, 2014",12:43:16 PM PDT,,Google fee,,夜桜　ライブ壁紙,com.quan.lwp.fallingleaveslwp,0,,202K,JP,,7060014,JPY,-30,1.000000,JPY,-30
1358747881614404,"May 14, 2014",12:43:16 PM PDT,,Charge,,夜桜　ライブ壁紙,com.quan.lwp.fallingleaveslwp,0,,202K,JP,,7060014,JPY,99,1.000000,JPY,99
1346244325659563,"May 14, 2014",8:11:00 PM PDT,,Google fee,,Crystal 1 units,com.dhearts.monter,1,tier_1,C6903,DE,,86688,EUR,-0.22,139.660000,JPY,-31
1346244325659563,"May 14, 2014",8:11:00 PM PDT,,Charge,,Crystal 1 units,com.dhearts.monter,1,tier_1,C6903,DE,,86688,EUR,0.74,139.660000,JPY,103
1364874821665682,"May 14, 2014",8:19:57 PM PDT,,Google fee,,Crystal 1 units,com.dhearts.monter,1,tier_1,C6903,DE,,86688,EUR,-0.22,139.660000,JPY,-31
1364874821665682,"May 14, 2014",8:19:57 PM PDT,,Charge,,Crystal 1 units,com.dhearts.monter,1,tier_1,C6903,DE,,86688,EUR,0.74,139.660000,JPY,103
1369425325276385,"May 14, 2014",10:18:28 PM PDT,,Google fee,,Cherry blossom LiveWallpaper,com.quan.lwp.fallingleaveslwp,0,,meliuslteMetroPCS,US,LA,71107,USD,-0.30,101.860000,JPY,-31
1369425325276385,"May 14, 2014",10:18:28 PM PDT,,Charge,,Cherry blossom LiveWallpaper,com.quan.lwp.fallingleaveslwp,0,,meliuslteMetroPCS,US,LA,71107,USD,0.99,101.860000,JPY,101
1373702506666658,"May 15, 2014",12:16:15 AM PDT,,Google fee,,夜桜　ライブ壁紙,com.quan.lwp.fallingleaveslwp,0,,geehdc,JP,,9600801,JPY,-30,1.000000,JPY,-30
1373702506666658,"May 15, 2014",12:16:15 AM PDT,,Charge,,夜桜　ライブ壁紙,com.quan.lwp.fallingleaveslwp,0,,geehdc,JP,,9600801,JPY,99,1.000000,JPY,99
1383525092057439,"May 15, 2014",9:34:44 AM PDT,,Google fee,,夜桜　ライブ壁紙,com.quan.lwp.fallingleaveslwp,0,,SHL22,JP,,761-0122,JPY,-30,1.000000,JPY,-30
1383525092057439,"May 15, 2014",9:34:44 AM PDT,,Charge,,夜桜　ライブ壁紙,com.quan.lwp.fallingleaveslwp,0,,SHL22,JP,,761-0122,JPY,99,1.000000,JPY,99
1303835401848127,"May 15, 2014",12:16:41 PM PDT,,Google fee,,Crystal 10 units,com.dhearts.monter,1,tier_10,GT-S6802B,US,OR,97534,USD,-2.69,101.440000,JPY,-273
1303835401848127,"May 15, 2014",12:16:41 PM PDT,,Charge,,Crystal 10 units,com.dhearts.monter,1,tier_10,GT-S6802B,US,OR,97534,USD,8.96,101.440000,JPY,909
1360410015630697,"May 15, 2014",1:30:42 PM PDT,,Google fee,,Crystal 10 units,com.dhearts.monter,1,tier_10,SGH-T769,US,WA,98040,USD,-2.69,101.440000,JPY,-273
1360410015630697,"May 15, 2014",1:30:42 PM PDT,,Charge,,Crystal 10 units,com.dhearts.monter,1,tier_10,SGH-T769,US,WA,98040,USD,8.96,101.440000,JPY,909
1350174053616487,"May 15, 2014",1:31:00 PM PDT,,Google fee,,Crystal 10 units,com.dhearts.monter,1,tier_10,SGH-T769,US,WA,98040,USD,-2.69,101.440000,JPY,-273
1350174053616487,"May 15, 2014",1:31:00 PM PDT,,Charge,,Crystal 10 units,com.dhearts.monter,1,tier_10,SGH-T769,US,WA,98040,USD,8.96,101.440000,JPY,909
1373160897833723,"May 15, 2014",1:52:09 PM PDT,,Google fee,,夜桜　ライブ壁紙,com.quan.lwp.fallingleaveslwp,0,,dlxj,JP,福島県,963-8012,JPY,-30,1.000000,JPY,-30
1373160897833723,"May 15, 2014",1:52:09 PM PDT,,Charge,,夜桜　ライブ壁紙,com.quan.lwp.fallingleaveslwp,0,,dlxj,JP,福島県,963-8012,JPY,99,1.000000,JPY,99
1371600146529716,"May 15, 2014",7:18:27 PM PDT,,Google fee,,夜桜　ライブ壁紙,com.quan.lwp.fallingleaveslwp,0,,F01F,JP,,4360004,JPY,-30,1.000000,JPY,-30
1371600146529716,"May 15, 2014",7:18:27 PM PDT,,Charge,,夜桜　ライブ壁紙,com.quan.lwp.fallingleaveslwp,0,,F01F,JP,,4360004,JPY,99,1.000000,JPY,99
1364411763592333,"May 16, 2014",3:07:26 AM PDT,,Google fee,,夜桜　ライブ壁紙,com.quan.lwp.fallingleaveslwp,0,,C6602,TW,,811,TWD,-9.00,3.368000,JPY,-30
1364411763592333,"May 16, 2014",3:07:26 AM PDT,,Charge,,夜桜　ライブ壁紙,com.quan.lwp.fallingleaveslwp,0,,C6602,TW,,811,TWD,30.00,3.368000,JPY,101
1373794233152015,"May 16, 2014",4:22:37 AM PDT,,Google fee,,Cherry blossom LiveWallpaper,com.quan.lwp.fallingleaveslwp,0,,ducati,CA,BC,V3W0Z3,CAD,-0.30,93.376000,JPY,-28
1373794233152015,"May 16, 2014",4:22:37 AM PDT,,Charge,,Cherry blossom LiveWallpaper,com.quan.lwp.fallingleaveslwp,0,,ducati,CA,BC,V3W0Z3,CAD,0.99,93.376000,JPY,92
1370174550739168,"May 16, 2014",9:41:39 AM PDT,,Google fee,,夜桜　ライブ壁紙,com.quan.lwp.fallingleaveslwp,0,,SH06D,JP,,7330821,JPY,-30,1.000000,JPY,-30
1370174550739168,"May 16, 2014",9:41:39 AM PDT,,Charge,,夜桜　ライブ壁紙,com.quan.lwp.fallingleaveslwp,0,,SH06D,JP,,7330821,JPY,99,1.000000,JPY,99
1333111573794052,"May 16, 2014",11:07:34 AM PDT,,Google fee,,夜桜　ライブ壁紙,com.quan.lwp.fallingleaveslwp,0,,F07E,JP,,3160004,JPY,-30,1.000000,JPY,-30
1333111573794052,"May 16, 2014",11:07:34 AM PDT,,Charge,,夜桜　ライブ壁紙,com.quan.lwp.fallingleaveslwp,0,,F07E,JP,,3160004,JPY,99,1.000000,JPY,99
1322273149594792,"May 16, 2014",11:18:29 AM PDT,,Google fee,,夜桜　ライブ壁紙,com.quan.lwp.fallingleaveslwp,0,,SBM303SH,JP,,963-7701,JPY,-30,1.000000,JPY,-30
1322273149594792,"May 16, 2014",11:18:29 AM PDT,,Charge,,夜桜　ライブ壁紙,com.quan.lwp.fallingleaveslwp,0,,SBM303SH,JP,,963-7701,JPY,99,1.000000,JPY,99
1313133174674072,"May 16, 2014",11:42:39 AM PDT,,Google fee,,Cherry blossom LiveWallpaper,com.quan.lwp.fallingleaveslwp,0,,toro,US,IN,47348,USD,-0.30,101.500000,JPY,-30
1313133174674072,"May 16, 2014",11:42:39 AM PDT,,Charge,,Cherry blossom LiveWallpaper,com.quan.lwp.fallingleaveslwp,0,,toro,US,IN,47348,USD,0.99,101.500000,JPY,100
1304521854539212,"May 16, 2014",12:39:46 PM PDT,,Google fee,,夜桜　ライブ壁紙,com.quan.lwp.fallingleaveslwp,0,,SO-01F,JP,,027-0421,JPY,-30,1.000000,JPY,-30
1304521854539212,"May 16, 2014",12:39:46 PM PDT,,Charge,,夜桜　ライブ壁紙,com.quan.lwp.fallingleaveslwp,0,,SO-01F,JP,,027-0421,JPY,99,1.000000,JPY,99
1372873394754696,"May 16, 2014",1:33:18 PM PDT,,Google fee,,Crystal 5 units,com.dhearts.monter,1,tier_5,SGH-T769,US,WA,98040,USD,-1.50,101.520000,JPY,-152
1372873394754696,"May 16, 2014",1:33:18 PM PDT,,Charge,,Crystal 5 units,com.dhearts.monter,1,tier_5,SGH-T769,US,WA,98040,USD,4.99,101.520000,JPY,507
1329232543914234,"May 16, 2014",1:37:51 PM PDT,,Google fee,,夜桜　ライブ壁紙,com.quan.lwp.fallingleaveslwp,0,,SHL24,JP,,9042243,JPY,-30,1.000000,JPY,-30
1329232543914234,"May 16, 2014",1:37:51 PM PDT,,Charge,,夜桜　ライブ壁紙,com.quan.lwp.fallingleaveslwp,0,,SHL24,JP,,9042243,JPY,99,1.000000,JPY,99
1326705174764294,"May 16, 2014",4:02:57 PM PDT,,Google fee,,夜桜　ライブ壁紙,com.quan.lwp.fallingleaveslwp,0,,SHL22,JP,,1340084,JPY,-30,1.000000,JPY,-30
1326705174764294,"May 16, 2014",4:02:57 PM PDT,,Charge,,夜桜　ライブ壁紙,com.quan.lwp.fallingleaveslwp,0,,SHL22,JP,,1340084,JPY,99,1.000000,JPY,99
1320511715606640,"May 16, 2014",9:27:38 PM PDT,,Google fee,,Crystal 1 units,com.dhearts.monter,1,tier_1,SGH-T769,US,WA,98040,USD,-0.30,101.520000,JPY,-30
1320511715606640,"May 16, 2014",9:27:38 PM PDT,,Charge,,Crystal 1 units,com.dhearts.monter,1,tier_1,SGH-T769,US,WA,98040,USD,0.99,101.520000,JPY,101
1384962959057093,"May 17, 2014",6:02:58 AM PDT,,Google fee,,夜桜　ライブ壁紙,com.quan.lwp.fallingleaveslwp,0,,WX10K,JP,,252-0011,JPY,-30,1.000000,JPY,-30
1384962959057093,"May 17, 2014",6:02:58 AM PDT,,Charge,,夜桜　ライブ壁紙,com.quan.lwp.fallingleaveslwp,0,,WX10K,JP,,252-0011,JPY,99,1.000000,JPY,99
1340952974707977,"May 17, 2014",9:35:36 AM PDT,,Google fee,,夜桜　ライブ壁紙,com.quan.lwp.fallingleaveslwp,0,,KYY22,JP,,6460062,JPY,-30,1.000000,JPY,-30
1340952974707977,"May 17, 2014",9:35:36 AM PDT,,Charge,,夜桜　ライブ壁紙,com.quan.lwp.fallingleaveslwp,0,,KYY22,JP,,6460062,JPY,99,1.000000,JPY,99
1343299227148774,"May 17, 2014",11:22:22 AM PDT,,Google fee,,夜桜　ライブ壁紙,com.quan.lwp.fallingleaveslwp,0,,t6ul,TW,,557,TWD,-9.00,3.370500,JPY,-30
1343299227148774,"May 17, 2014",11:22:22 AM PDT,,Charge,,夜桜　ライブ壁紙,com.quan.lwp.fallingleaveslwp,0,,t6ul,TW,,557,TWD,30.00,3.370500,JPY,101
1386929926944113,"May 17, 2014",3:45:16 PM PDT,,Google fee,,夜桜　ライブ壁紙,com.quan.lwp.fallingleaveslwp,0,,g2,HK,新界,,HKD,-2.44,13.096000,JPY,-32
1386929926944113,"May 17, 2014",3:45:16 PM PDT,,Charge,,夜桜　ライブ壁紙,com.quan.lwp.fallingleaveslwp,0,,g2,HK,新界,,HKD,8.14,13.096000,JPY,107
1365106453469606,"May 17, 2014",5:54:05 PM PDT,,Google fee,,夜桜　ライブ壁紙,com.quan.lwp.fallingleaveslwp,0,,SOL24,JP,,1330057,JPY,-30,1.000000,JPY,-30
1365106453469606,"May 17, 2014",5:54:05 PM PDT,,Charge,,夜桜　ライブ壁紙,com.quan.lwp.fallingleaveslwp,0,,SOL24,JP,,1330057,JPY,99,1.000000,JPY,99
1367391285790458,"May 17, 2014",9:44:53 PM PDT,,Google fee,,Crystal 10 units,com.dhearts.monter,1,tier_10,d2spr,US,KS,66062,USD,-2.69,101.520000,JPY,-273
1367391285790458,"May 17, 2014",9:44:53 PM PDT,,Charge,,Crystal 10 units,com.dhearts.monter,1,tier_10,d2spr,US,KS,66062,USD,8.96,101.520000,JPY,910
1378792274798104,"May 18, 2014",12:09:33 AM PDT,,Google fee,,夜桜　ライブ壁紙,com.quan.lwp.fallingleaveslwp,0,,SC-04F,JP,京都府,6210028,JPY,-30,1.000000,JPY,-30
1378792274798104,"May 18, 2014",12:09:33 AM PDT,,Charge,,夜桜　ライブ壁紙,com.quan.lwp.fallingleaveslwp,0,,SC-04F,JP,京都府,6210028,JPY,99,1.000000,JPY,99
1322835553220161,"May 18, 2014",1:16:07 AM PDT,,Google fee,,夜桜　ライブ壁紙,com.quan.lwp.fallingleaveslwp,0,,SBM200SH,JP,,472‐0043,JPY,-30,1.000000,JPY,-30
1322835553220161,"May 18, 2014",1:16:07 AM PDT,,Charge,,夜桜　ライブ壁紙,com.quan.lwp.fallingleaveslwp,0,,SBM200SH,JP,,472‐0043,JPY,99,1.000000,JPY,99
1361141541618300,"May 18, 2014",12:12:42 PM PDT,,Google fee,,Cherry blossom LiveWallpaper,com.quan.lwp.fallingleaveslwp,0,,t0ltespr,US,OH,45420,USD,-0.30,101.520000,JPY,-30
1361141541618300,"May 18, 2014",12:12:42 PM PDT,,Charge,,Cherry blossom LiveWallpaper,com.quan.lwp.fallingleaveslwp,0,,t0ltespr,US,OH,45420,USD,0.99,101.520000,JPY,101
1378826424854379,"May 18, 2014",1:25:34 PM PDT,,Google fee,,夜桜　ライブ壁紙,com.quan.lwp.fallingleaveslwp,0,,C6602,TW,,806,TWD,-9.00,3.370500,JPY,-30
1378826424854379,"May 18, 2014",1:25:34 PM PDT,,Charge,,夜桜　ライブ壁紙,com.quan.lwp.fallingleaveslwp,0,,C6602,TW,,806,TWD,30.00,3.370500,JPY,101
1391464978669742,"May 18, 2014",1:28:40 PM PDT,,Google fee,,夜桜　ライブ壁紙,com.quan.lwp.fallingleaveslwp,0,,SAE,TW,,204,TWD,-9.00,3.370500,JPY,-30
1391464978669742,"May 18, 2014",1:28:40 PM PDT,,Charge,,夜桜　ライブ壁紙,com.quan.lwp.fallingleaveslwp,0,,SAE,TW,,204,TWD,30.00,3.370500,JPY,101
1395976824919192,"May 18, 2014",2:28:09 PM PDT,,Google fee,,夜桜　ライブ壁紙,com.quan.lwp.fallingleaveslwp,0,,SH-06E,JP,,0993232,JPY,-30,1.000000,JPY,-30
1395976824919192,"May 18, 2014",2:28:09 PM PDT,,Charge,,夜桜　ライブ壁紙,com.quan.lwp.fallingleaveslwp,0,,SH-06E,JP,,0993232,JPY,99,1.000000,JPY,99
1377299794875958,"May 18, 2014",3:50:32 PM PDT,,Google fee,,夜桜　ライブ壁紙,com.quan.lwp.fallingleaveslwp,0,,grouper,JP,,9270434,JPY,-30,1.000000,JPY,-30
1377299794875958,"May 18, 2014",3:50:32 PM PDT,,Charge,,夜桜　ライブ壁紙,com.quan.lwp.fallingleaveslwp,0,,grouper,JP,,9270434,JPY,99,1.000000,JPY,99
1369470021262486,"May 18, 2014",4:56:23 PM PDT,,Google fee,,Cherry blossom LiveWallpaper,com.quan.lwp.fallingleaveslwp,0,,C6506,CA,ON,N5A 5C5,CAD,-0.30,93.429000,JPY,-28
1369470021262486,"May 18, 2014",4:56:23 PM PDT,,Charge,,Cherry blossom LiveWallpaper,com.quan.lwp.fallingleaveslwp,0,,C6506,CA,ON,N5A 5C5,CAD,0.99,93.429000,JPY,92
1370626197332305,"May 18, 2014",9:23:22 PM PDT,,Google fee,,Crystal 30 units,com.dhearts.monter,1,tier_25,GT-S6802B,US,OR,97534,USD,-7.50,101.540000,JPY,-762
1370626197332305,"May 18, 2014",9:23:22 PM PDT,,Charge,,Crystal 30 units,com.dhearts.monter,1,tier_25,GT-S6802B,US,OR,97534,USD,24.99,101.540000,JPY,2537
1303611719707060,"May 18, 2014",10:24:07 PM PDT,,Google fee,,Package 3,com.dhearts.ninjalegend,1,diamond40,NX008HD8G,US,NJ,07060,USD,-1.46,101.540000,JPY,-148
1303611719707060,"May 18, 2014",10:24:07 PM PDT,,Charge,,Package 3,com.dhearts.ninjalegend,1,diamond40,NX008HD8G,US,NJ,07060,USD,4.88,101.540000,JPY,496
1396409177795768,"May 18, 2014",10:24:35 PM PDT,,Google fee,,Package 1,com.dhearts.ninjalegend,1,diamond7,NX008HD8G,US,NJ,07060,USD,-0.30,101.540000,JPY,-30
1396409177795768,"May 18, 2014",10:24:35 PM PDT,,Charge,,Package 1,com.dhearts.ninjalegend,1,diamond7,NX008HD8G,US,NJ,07060,USD,0.99,101.540000,JPY,101
1376108322516476,"May 19, 2014",4:05:52 AM PDT,,Google fee,,夜桜　ライブ壁紙,com.quan.lwp.fallingleaveslwp,0,,F01F,JP,,9200268,JPY,-30,1.000000,JPY,-30
1376108322516476,"May 19, 2014",4:05:52 AM PDT,,Charge,,夜桜　ライブ壁紙,com.quan.lwp.fallingleaveslwp,0,,F01F,JP,,9200268,JPY,99,1.000000,JPY,99
1371525641487705,"May 19, 2014",3:16:35 PM PDT,,Google fee,,夜桜　ライブ壁紙,com.quan.lwp.fallingleaveslwp,0,,ja3g,MX,MEX,52987,MXN,-4.03,7.861800,JPY,-32
1371525641487705,"May 19, 2014",3:16:35 PM PDT,,Charge,,夜桜　ライブ壁紙,com.quan.lwp.fallingleaveslwp,0,,ja3g,MX,MEX,52987,MXN,13.42,7.861800,JPY,106
1379489476313930,"May 19, 2014",4:50:53 PM PDT,,Google fee,,夜桜　ライブ壁紙,com.quan.lwp.fallingleaveslwp,0,,SO-02E,JP,,3740026,JPY,-30,1.000000,JPY,-30
1379489476313930,"May 19, 2014",4:50:53 PM PDT,,Charge,,夜桜　ライブ壁紙,com.quan.lwp.fallingleaveslwp,0,,SO-02E,JP,,3740026,JPY,99,1.000000,JPY,99
1306763040388665,"May 19, 2014",5:55:32 PM PDT,,Google fee,,Crystal 30 units,com.dhearts.monter,1,tier_25,m0,DE,,37077,EUR,-5.57,138.940000,JPY,-774
1306763040388665,"May 19, 2014",5:55:32 PM PDT,,Charge,,Crystal 30 units,com.dhearts.monter,1,tier_25,m0,DE,,37077,EUR,18.57,138.940000,JPY,2580
1313072743902371,"May 20, 2014",2:21:29 AM PDT,,Google fee,,夜桜　ライブ壁紙,com.quan.lwp.fallingleaveslwp,0,,F10D,JP,,3230034,JPY,-30,1.000000,JPY,-30
1313072743902371,"May 20, 2014",2:21:29 AM PDT,,Charge,,夜桜　ライブ壁紙,com.quan.lwp.fallingleaveslwp,0,,F10D,JP,,3230034,JPY,99,1.000000,JPY,99
1357454465149642,"May 20, 2014",6:39:42 AM PDT,,Google fee,,夜桜　ライブ壁紙,com.quan.lwp.fallingleaveslwp,0,,ASUS-A80,US,NY,10014,USD,-0.30,101.320000,JPY,-30
1357454465149642,"May 20, 2014",6:39:42 AM PDT,,Charge,,夜桜　ライブ壁紙,com.quan.lwp.fallingleaveslwp,0,,ASUS-A80,US,NY,10014,USD,0.99,101.320000,JPY,100
1395803333378939,"May 20, 2014",7:54:08 AM PDT,,Google fee,,Cherry blossom LiveWallpaper,com.quan.lwp.fallingleaveslwp,0,,kltecan,CA,AB,T5P0R1,CAD,-0.30,93.076000,JPY,-28
1395803333378939,"May 20, 2014",7:54:08 AM PDT,,Charge,,Cherry blossom LiveWallpaper,com.quan.lwp.fallingleaveslwp,0,,kltecan,CA,AB,T5P0R1,CAD,0.99,93.076000,JPY,92
1387202837469403,"May 20, 2014",8:34:52 AM PDT,,Google fee,,夜桜　ライブ壁紙,com.quan.lwp.fallingleaveslwp,0,,SH02E,JP,,3400017,JPY,-30,1.000000,JPY,-30
1387202837469403,"May 20, 2014",8:34:52 AM PDT,,Charge,,夜桜　ライブ壁紙,com.quan.lwp.fallingleaveslwp,0,,SH02E,JP,,3400017,JPY,99,1.000000,JPY,99
1350705976005611,"May 20, 2014",12:06:57 PM PDT,,Google fee,,夜桜　ライブ壁紙,com.quan.lwp.fallingleaveslwp,0,,F01F,JP,,2030054,JPY,-30,1.000000,JPY,-30
1350705976005611,"May 20, 2014",12:06:57 PM PDT,,Charge,,夜桜　ライブ壁紙,com.quan.lwp.fallingleaveslwp,0,,F01F,JP,,2030054,JPY,99,1.000000,JPY,99
1396137680487024,"May 21, 2014",2:04:07 AM PDT,,Google fee,,Cherry blossom LiveWallpaper,com.quan.lwp.fallingleaveslwp,0,,hammerhead,US,AZ,85138,USD,-0.30,100.940000,JPY,-30
1396137680487024,"May 21, 2014",2:04:07 AM PDT,,Charge,,Cherry blossom LiveWallpaper,com.quan.lwp.fallingleaveslwp,0,,hammerhead,US,AZ,85138,USD,0.99,100.940000,JPY,100
1368879070905661,"May 21, 2014",9:26:04 AM PDT,,Google fee,,夜桜　ライブ壁紙,com.quan.lwp.fallingleaveslwp,0,,SO-01F,JP,,0590011,JPY,-30,1.000000,JPY,-30
1368879070905661,"May 21, 2014",9:26:04 AM PDT,,Charge,,夜桜　ライブ壁紙,com.quan.lwp.fallingleaveslwp,0,,SO-01F,JP,,0590011,JPY,99,1.000000,JPY,99
1318162523332762,"May 21, 2014",11:38:24 AM PDT,,Google fee,,夜桜　ライブ壁紙,com.quan.lwp.fallingleaveslwp,0,,SO-02F,JP,,2260029,JPY,-30,1.000000,JPY,-30
1318162523332762,"May 21, 2014",11:38:24 AM PDT,,Charge,,夜桜　ライブ壁紙,com.quan.lwp.fallingleaveslwp,0,,SO-02F,JP,,2260029,JPY,99,1.000000,JPY,99
1306729958247968,"May 21, 2014",6:51:38 PM PDT,,Google fee,,Crystal 5 units,com.dhearts.monter,1,tier_5,C6603,NL,,6191TT,EUR,-1.11,138.790000,JPY,-154
1306729958247968,"May 21, 2014",6:51:38 PM PDT,,Charge,,Crystal 5 units,com.dhearts.monter,1,tier_5,C6603,NL,,6191TT,EUR,3.71,138.790000,JPY,515
1385553273393862,"May 22, 2014",8:29:17 AM PDT,,Google fee,,夜桜　ライブ壁紙,com.quan.lwp.fallingleaveslwp,0,,SHL23,JP,,7530052,JPY,-30,1.000000,JPY,-30
1385553273393862,"May 22, 2014",8:29:17 AM PDT,,Charge,,夜桜　ライブ壁紙,com.quan.lwp.fallingleaveslwp,0,,SHL23,JP,,7530052,JPY,99,1.000000,JPY,99
1379414972507665,"May 22, 2014",8:53:10 AM PDT,,Google fee,,夜桜　ライブ壁紙,com.quan.lwp.fallingleaveslwp,0,,SC-04E,JP,,328-0073,JPY,-30,1.000000,JPY,-30
1379414972507665,"May 22, 2014",8:53:10 AM PDT,,Charge,,夜桜　ライブ壁紙,com.quan.lwp.fallingleaveslwp,0,,SC-04E,JP,,328-0073,JPY,99,1.000000,JPY,99
1378909888333919,"May 22, 2014",1:27:04 PM PDT,,Google fee,,夜桜　ライブ壁紙,com.quan.lwp.fallingleaveslwp,0,,SOL21,JP,,2420008,JPY,-30,1.000000,JPY,-30
1378909888333919,"May 22, 2014",1:27:04 PM PDT,,Charge,,夜桜　ライブ壁紙,com.quan.lwp.fallingleaveslwp,0,,SOL21,JP,,2420008,JPY,99,1.000000,JPY,99
1392449650146285,"May 22, 2014",1:36:43 PM PDT,,Google fee,,夜桜　ライブ壁紙,com.quan.lwp.fallingleaveslwp,0,,SBM302SH,JP,,0230101,JPY,-30,1.000000,JPY,-30
1392449650146285,"May 22, 2014",1:36:43 PM PDT,,Charge,,夜桜　ライブ壁紙,com.quan.lwp.fallingleaveslwp,0,,SBM302SH,JP,,0230101,JPY,99,1.000000,JPY,99
1394800895155795,"May 22, 2014",1:57:24 PM PDT,,Google fee,,Crystal 10 units,com.dhearts.monter,1,tier_10,GT-S6802B,US,OR,97534,USD,-2.69,101.760000,JPY,-274
1394800895155795,"May 22, 2014",1:57:24 PM PDT,,Charge,,Crystal 10 units,com.dhearts.monter,1,tier_10,GT-S6802B,US,OR,97534,USD,8.96,101.760000,JPY,912
1397135360323531,"May 22, 2014",2:00:28 PM PDT,,Google fee,,Crystal 10 units,com.dhearts.monter,1,tier_10,GT-S6802B,US,OR,97534,USD,-2.69,101.800000,JPY,-274
1397135360323531,"May 22, 2014",2:00:28 PM PDT,,Charge,,Crystal 10 units,com.dhearts.monter,1,tier_10,GT-S6802B,US,OR,97534,USD,8.96,101.800000,JPY,912
1365466025549197,"May 22, 2014",9:40:41 PM PDT,,Google fee,,Crystal 1 units,com.dhearts.monter,1,tier_1,g2,US,AL,36553,USD,-0.30,101.760000,JPY,-31
1365466025549197,"May 22, 2014",9:40:41 PM PDT,,Charge,,Crystal 1 units,com.dhearts.monter,1,tier_1,g2,US,AL,36553,USD,0.99,101.760000,JPY,101
1348907188662777,"May 22, 2014",10:41:50 PM PDT,,Google fee,,夜桜　ライブ壁紙,com.quan.lwp.fallingleaveslwp,0,,klte,TW,,243,TWD,-9.00,3.379500,JPY,-30
1348907188662777,"May 22, 2014",10:41:50 PM PDT,,Charge,,夜桜　ライブ壁紙,com.quan.lwp.fallingleaveslwp,0,,klte,TW,,243,TWD,30.00,3.379500,JPY,101
1347969752401162,"May 23, 2014",12:13:51 AM PDT,,Google fee,,Crystal 1 units,com.dhearts.monter,1,tier_1,jfltespr,US,PR,00926,USD,-0.30,101.780000,JPY,-31
1347969752401162,"May 23, 2014",12:13:51 AM PDT,,Charge,,Crystal 1 units,com.dhearts.monter,1,tier_1,jfltespr,US,PR,00926,USD,0.99,101.780000,JPY,101
1374251060251406,"May 23, 2014",12:19:32 AM PDT,,Google fee,,Crystal 1 units,com.dhearts.monter,1,tier_1,jfltespr,US,PR,00926,USD,-0.30,101.780000,JPY,-31
1374251060251406,"May 23, 2014",12:19:32 AM PDT,,Charge,,Crystal 1 units,com.dhearts.monter,1,tier_1,jfltespr,US,PR,00926,USD,0.99,101.780000,JPY,101
1355950831810265,"May 23, 2014",12:40:13 AM PDT,,Google fee,,Crystal 1 units,com.dhearts.monter,1,tier_1,jfltespr,US,PR,00926,USD,-0.30,101.780000,JPY,-31
1355950831810265,"May 23, 2014",12:40:13 AM PDT,,Charge,,Crystal 1 units,com.dhearts.monter,1,tier_1,jfltespr,US,PR,00926,USD,0.99,101.780000,JPY,101
1320362248364610,"May 23, 2014",12:55:22 AM PDT,,Google fee,,Crystal 1 units,com.dhearts.monter,1,tier_1,jfltespr,US,PR,00926,USD,-0.30,101.780000,JPY,-31
1320362248364610,"May 23, 2014",12:55:22 AM PDT,,Charge,,Crystal 1 units,com.dhearts.monter,1,tier_1,jfltespr,US,PR,00926,USD,0.99,101.780000,JPY,101
1323316644787577,"May 23, 2014",3:22:45 AM PDT,,Google fee,,夜桜　ライブ壁紙,com.quan.lwp.fallingleaveslwp,0,,SBM303SH,JP,,1250063,JPY,-30,1.000000,JPY,-30
1323316644787577,"May 23, 2014",3:22:45 AM PDT,,Charge,,夜桜　ライブ壁紙,com.quan.lwp.fallingleaveslwp,0,,SBM303SH,JP,,1250063,JPY,99,1.000000,JPY,99
1397617248926146,"May 23, 2014",3:55:35 AM PDT,,Google fee,,Crystal 1 units,com.dhearts.monter,1,tier_1,d2spr,US,KS,66062,USD,-0.30,101.720000,JPY,-31
1397617248926146,"May 23, 2014",3:55:35 AM PDT,,Charge,,Crystal 1 units,com.dhearts.monter,1,tier_1,d2spr,US,KS,66062,USD,0.99,101.720000,JPY,101
1325207559329132,"May 23, 2014",7:17:16 AM PDT,,Google fee,,Crystal 1 units,com.dhearts.monter,1,tier_1,d2spr,US,KS,66062,USD,-0.30,101.920000,JPY,-31
1325207559329132,"May 23, 2014",7:17:16 AM PDT,,Charge,,Crystal 1 units,com.dhearts.monter,1,tier_1,d2spr,US,KS,66062,USD,0.99,101.920000,JPY,101
1313226576829927,"May 23, 2014",7:26:21 AM PDT,,Google fee,,Crystal 1 units,com.dhearts.monter,1,tier_1,d2spr,US,KS,66062,USD,-0.30,101.920000,JPY,-31
1313226576829927,"May 23, 2014",7:26:21 AM PDT,,Charge,,Crystal 1 units,com.dhearts.monter,1,tier_1,d2spr,US,KS,66062,USD,0.99,101.920000,JPY,101
1320499628794820,"May 23, 2014",8:41:49 AM PDT,,Google fee,,夜桜　ライブ壁紙,com.quan.lwp.fallingleaveslwp,0,,SOL25,JP,,8612236,JPY,-30,1.000000,JPY,-30
1320499628794820,"May 23, 2014",8:41:49 AM PDT,,Charge,,夜桜　ライブ壁紙,com.quan.lwp.fallingleaveslwp,0,,SOL25,JP,,8612236,JPY,99,1.000000,JPY,99
1313352105186130,"May 23, 2014",11:53:02 AM PDT,,Google fee,,夜桜　ライブ壁紙,com.quan.lwp.fallingleaveslwp,0,,SBM302SH,JP,,4340015,JPY,-30,1.000000,JPY,-30
1313352105186130,"May 23, 2014",11:53:02 AM PDT,,Charge,,夜桜　ライブ壁紙,com.quan.lwp.fallingleaveslwp,0,,SBM302SH,JP,,4340015,JPY,99,1.000000,JPY,99
1380610823487906,"May 23, 2014",2:02:41 PM PDT,,Google fee,,夜桜　ライブ壁紙,com.quan.lwp.fallingleaveslwp,0,,m7,TW,,411,TWD,-9.00,3.390000,JPY,-31
1380610823487906,"May 23, 2014",2:02:41 PM PDT,,Charge,,夜桜　ライブ壁紙,com.quan.lwp.fallingleaveslwp,0,,m7,TW,,411,TWD,30.00,3.390000,JPY,102
1314269503060305,"May 24, 2014",12:57:18 AM PDT,,Google fee,,夜桜　ライブ壁紙,com.quan.lwp.fallingleaveslwp,0,,SO-03F,JP,,525-0058,JPY,-30,1.000000,JPY,-30
1314269503060305,"May 24, 2014",12:57:18 AM PDT,,Charge,,夜桜　ライブ壁紙,com.quan.lwp.fallingleaveslwp,0,,SO-03F,JP,,525-0058,JPY,99,1.000000,JPY,99
1333922839222724,"May 24, 2014",4:50:38 AM PDT,,Google fee,,夜桜　ライブ壁紙,com.quan.lwp.fallingleaveslwp,0,,SOL22,JP,,2920822,JPY,-30,1.000000,JPY,-30
1333922839222724,"May 24, 2014",4:50:38 AM PDT,,Charge,,夜桜　ライブ壁紙,com.quan.lwp.fallingleaveslwp,0,,SOL22,JP,,2920822,JPY,99,1.000000,JPY,99
1356153034232451,"May 24, 2014",6:19:36 AM PDT,,Google fee,,Crystal 5 units,com.dhearts.monter,1,tier_5,d2spr,US,KS,66226,USD,-1.50,101.970000,JPY,-153
1356153034232451,"May 24, 2014",6:19:36 AM PDT,,Charge,,Crystal 5 units,com.dhearts.monter,1,tier_5,d2spr,US,KS,66226,USD,4.99,101.970000,JPY,509
1317008713577628,"May 24, 2014",8:38:56 AM PDT,,Google fee,,夜桜　ライブ壁紙,com.quan.lwp.fallingleaveslwp,0,,SHL22,JP,,2130014,JPY,-30,1.000000,JPY,-30
1317008713577628,"May 24, 2014",8:38:56 AM PDT,,Charge,,夜桜　ライブ壁紙,com.quan.lwp.fallingleaveslwp,0,,SHL22,JP,,2130014,JPY,99,1.000000,JPY,99
1351390585073433,"May 24, 2014",1:01:39 PM PDT,,Google fee,,夜桜　ライブ壁紙,com.quan.lwp.fallingleaveslwp,0,,icx1216,JP,,921‐1033,JPY,-30,1.000000,JPY,-30
1351390585073433,"May 24, 2014",1:01:39 PM PDT,,Charge,,夜桜　ライブ壁紙,com.quan.lwp.fallingleaveslwp,0,,icx1216,JP,,921‐1033,JPY,99,1.000000,JPY,99
1384276636636979,"May 24, 2014",5:12:06 PM PDT,,Google fee,,Crystal 30 units,com.dhearts.monter,1,tier_25,jfltetmo,US,WA,98026,USD,-7.50,101.970000,JPY,-765
1384276636636979,"May 24, 2014",5:12:06 PM PDT,,Charge,,Crystal 30 units,com.dhearts.monter,1,tier_25,jfltetmo,US,WA,98026,USD,24.99,101.970000,JPY,2548
1357088690853970,"May 25, 2014",12:44:01 AM PDT,,Google fee,,Cherry blossom LiveWallpaper,com.quan.lwp.fallingleaveslwp,0,,lt02wifi,US,VA,23452,USD,-0.30,101.970000,JPY,-31
1357088690853970,"May 25, 2014",12:44:01 AM PDT,,Charge,,Cherry blossom LiveWallpaper,com.quan.lwp.fallingleaveslwp,0,,lt02wifi,US,VA,23452,USD,0.99,101.970000,JPY,101
1355347923016074,"May 25, 2014",3:05:18 AM PDT,,Google fee,,夜桜　ライブ壁紙,com.quan.lwp.fallingleaveslwp,0,,SHI12,JP,,0183103,JPY,-30,1.000000,JPY,-30
1355347923016074,"May 25, 2014",3:05:18 AM PDT,,Charge,,夜桜　ライブ壁紙,com.quan.lwp.fallingleaveslwp,0,,SHI12,JP,,0183103,JPY,99,1.000000,JPY,99
1376035146591634,"May 25, 2014",7:11:36 AM PDT,,Google fee,,夜桜　ライブ壁紙,com.quan.lwp.fallingleaveslwp,0,,m7,TW,,220,TWD,-9.00,3.390000,JPY,-31
1376035146591634,"May 25, 2014",7:11:36 AM PDT,,Charge,,夜桜　ライブ壁紙,com.quan.lwp.fallingleaveslwp,0,,m7,TW,,220,TWD,30.00,3.390000,JPY,102
1353502782519024,"May 25, 2014",2:23:26 PM PDT,,Google fee,,夜桜　ライブ壁紙,com.quan.lwp.fallingleaveslwp,0,,Hugiga_HWA860,TW,,709,TWD,-9.00,3.390000,JPY,-31
1353502782519024,"May 25, 2014",2:23:26 PM PDT,,Charge,,夜桜　ライブ壁紙,com.quan.lwp.fallingleaveslwp,0,,Hugiga_HWA860,TW,,709,TWD,30.00,3.390000,JPY,102
1341580511204474,"May 26, 2014",9:23:40 AM PDT,,Google fee,,夜桜　ライブ壁紙,com.quan.lwp.fallingleaveslwp,0,,hltektt,KR,경기,441-868,KRW,-343,0.099453,JPY,-34
1341580511204474,"May 26, 2014",9:23:40 AM PDT,,Charge,,夜桜　ライブ壁紙,com.quan.lwp.fallingleaveslwp,0,,hltektt,KR,경기,441-868,KRW,1145,0.099453,JPY,114
1387477808104203,"May 26, 2014",11:07:28 AM PDT,,Google fee,,夜桜　ライブ壁紙,com.quan.lwp.fallingleaveslwp,0,,C6802,TW,,630,TWD,-9.00,3.388900,JPY,-30
1387477808104203,"May 26, 2014",11:07:28 AM PDT,,Charge,,夜桜　ライブ壁紙,com.quan.lwp.fallingleaveslwp,0,,C6802,TW,,630,TWD,30.00,3.388900,JPY,102
1316647090206483,"May 26, 2014",2:49:29 PM PDT,,Google fee,,夜桜　ライブ壁紙,com.quan.lwp.fallingleaveslwp,0,,valentewxc9,TW,,110,TWD,-9.00,3.389300,JPY,-31
1316647090206483,"May 26, 2014",2:49:29 PM PDT,,Charge,,夜桜　ライブ壁紙,com.quan.lwp.fallingleaveslwp,0,,valentewxc9,TW,,110,TWD,30.00,3.389300,JPY,102
1394015988298586,"May 26, 2014",4:21:05 PM PDT,,Google fee,,夜桜　ライブ壁紙,com.quan.lwp.fallingleaveslwp,0,,ja3g,TW,,437,TWD,-9.00,3.389300,JPY,-31
1394015988298586,"May 26, 2014",4:21:05 PM PDT,,Charge,,夜桜　ライブ壁紙,com.quan.lwp.fallingleaveslwp,0,,ja3g,TW,,437,TWD,30.00,3.389300,JPY,102
1308015086077341,"May 26, 2014",10:13:55 PM PDT,,Google fee,,Crystal 1 units,com.dhearts.monter,1,tier_1,jfltespr,US,PR,00926,USD,-0.30,101.970000,JPY,-31
1308015086077341,"May 26, 2014",10:13:55 PM PDT,,Charge,,Crystal 1 units,com.dhearts.monter,1,tier_1,jfltespr,US,PR,00926,USD,0.99,101.970000,JPY,101
1396110228821076,"May 26, 2014",10:23:00 PM PDT,,Google fee,,Crystal 1 units,com.dhearts.monter,1,tier_1,jfltespr,US,PR,00926,USD,-0.30,101.970000,JPY,-31
1396110228821076,"May 26, 2014",10:23:00 PM PDT,,Charge,,Crystal 1 units,com.dhearts.monter,1,tier_1,jfltespr,US,PR,00926,USD,0.99,101.970000,JPY,101
1387519658946662,"May 26, 2014",10:27:51 PM PDT,,Google fee,,Crystal 1 units,com.dhearts.monter,1,tier_1,jfltespr,US,PR,00926,USD,-0.30,101.970000,JPY,-31
1387519658946662,"May 26, 2014",10:27:51 PM PDT,,Charge,,Crystal 1 units,com.dhearts.monter,1,tier_1,jfltespr,US,PR,00926,USD,0.99,101.970000,JPY,101
1340524552655626,"May 26, 2014",10:31:12 PM PDT,,Google fee,,Crystal 1 units,com.dhearts.monter,1,tier_1,jfltespr,US,PR,00926,USD,-0.30,101.970000,JPY,-31
1340524552655626,"May 26, 2014",10:31:12 PM PDT,,Charge,,Crystal 1 units,com.dhearts.monter,1,tier_1,jfltespr,US,PR,00926,USD,0.99,101.970000,JPY,101
1350656226618123,"May 27, 2014",11:47:25 AM PDT,,Google fee,,夜桜　ライブ壁紙,com.quan.lwp.fallingleaveslwp,0,,SCL23,JP,,9041102,JPY,-30,1.000000,JPY,-30
1350656226618123,"May 27, 2014",11:47:25 AM PDT,,Charge,,夜桜　ライブ壁紙,com.quan.lwp.fallingleaveslwp,0,,SCL23,JP,,9041102,JPY,99,1.000000,JPY,99
1379602787945348,"May 27, 2014",1:49:25 PM PDT,,Google fee,,夜桜　ライブ壁紙,com.quan.lwp.fallingleaveslwp,0,,hltejs01tw,TW,,806,TWD,-9.00,3.384400,JPY,-30
1379602787945348,"May 27, 2014",1:49:25 PM PDT,,Charge,,夜桜　ライブ壁紙,com.quan.lwp.fallingleaveslwp,0,,hltejs01tw,TW,,806,TWD,30.00,3.384400,JPY,102
1382509602210043,"May 29, 2014",9:50:30 PM PDT,,Google fee,,HP potion,com.dhearts.monter,1,hp_potion,hltetmo,US,MA,02724,USD,-0.30,101.600000,JPY,-30
1382509602210043,"May 29, 2014",9:50:30 PM PDT,,Charge,,HP potion,com.dhearts.monter,1,hp_potion,hltetmo,US,MA,02724,USD,0.99,101.600000,JPY,101
1354474611060872,"May 30, 2014",2:54:33 AM PDT,,Google fee,,Crystal 5 units,com.dhearts.monter,1,tier_5,hltetmo,US,MA,02724,USD,-1.50,101.640000,JPY,-152
1354474611060872,"May 30, 2014",2:54:33 AM PDT,,Charge,,Crystal 5 units,com.dhearts.monter,1,tier_5,hltetmo,US,MA,02724,USD,4.99,101.640000,JPY,507
1303028896534957,"May 30, 2014",2:48:06 PM PDT,,Google fee,,夜桜　ライブ壁紙,com.quan.lwp.fallingleaveslwp,0,,g2,JP,,3890111,JPY,-30,1.000000,JPY,-30
1303028896534957,"May 30, 2014",2:48:06 PM PDT,,Charge,,夜桜　ライブ壁紙,com.quan.lwp.fallingleaveslwp,0,,g2,JP,,3890111,JPY,99,1.000000,JPY,99
1390686362811085,"May 30, 2014",8:23:59 PM PDT,,Google fee,,Cherry blossom LiveWallpaper,com.quan.lwp.fallingleaveslwp,0,,hltetmo,US,SC,29033,USD,-0.30,101.690000,JPY,-31
1390686362811085,"May 30, 2014",8:23:59 PM PDT,,Charge,,Cherry blossom LiveWallpaper,com.quan.lwp.fallingleaveslwp,0,,hltetmo,US,SC,29033,USD,0.99,101.690000,JPY,101
1342042846337563,"May 31, 2014",12:25:12 PM PDT,,Google fee,,夜桜　ライブ壁紙,com.quan.lwp.fallingleaveslwp,0,,SC-04F,JP,,0550324,JPY,-30,1.000000,JPY,-30
1342042846337563,"May 31, 2014",12:25:12 PM PDT,,Charge,,夜桜　ライブ壁紙,com.quan.lwp.fallingleaveslwp,0,,SC-04F,JP,,0550324,JPY,99,1.000000,JPY,99
1304675290195347,"May 31, 2014",9:24:11 PM PDT,,Google fee,,夜桜　ライブ壁紙,com.quan.lwp.fallingleaveslwp,0,,F06E,JP,,8996507,JPY,-30,1.000000,JPY,-30
1304675290195347,"May 31, 2014",9:24:11 PM PDT,,Charge,,夜桜　ライブ壁紙,com.quan.lwp.fallingleaveslwp,0,,F06E,JP,,8996507,JPY,99,1.000000,JPY,99
